pl_name,hostname,discoverymethod,disc_year,pl_orbper,pl_rade,pl_bmasse,pl_eqt,st_teff,st_rad,st_mass,sy_dist
HD 2039 b,HD 2039,Radial Velocity,2002,1120.0,12.7,1999.1507,210.84,5945.0,1.19,1.23,85.6922
HAT-P-8 b,HAT-P-8,Transit,2008,3.07634,15.6926,406.8224,1713.0,6200.0,1.57,1.27,211.553
K2-43 b,K2-43,Transit,2016,3.471149,4.51,18.5,939.3,3840.6,0.542,0.571,182.536
Kepler-1753 b,Kepler-1753,Transit,2021,16.00460052,2.22678077,5.59,583.0,5180.0,0.769,0.86,707.688
Kepler-1176 b,Kepler-1176,Transit,2016,24.1738579,2.45,6.57,595.0,5844.0,1.02,1.01,864.699
K2-126 b,K2-126,Transit,2017,7.385655,1.97,4.54,601.0,4339.0,0.65,0.69,102.953
Kepler-1263 b,Kepler-1263,Transit,2016,4.55139967,1.14,1.55,907.0,5213.0,0.8,0.84,664.83
Kepler-1416 b,Kepler-1416,Transit,2016,1.49514952,0.88,0.615,1870.0,6019.0,1.15,1.09,949.59
Kepler-1542 c,Kepler-1542,Transit,2016,2.89223021,0.65,0.208,1287.0,5564.0,0.99,0.94,399.114
K2-85 b,K2-85,Transit,2016,0.68453862616,1.4,3.2,1355.0,4232.0,0.71,0.7,97.2179
Kepler-368 c,Kepler-368,Transit,2014,72.379334,3.88,14.3,575.0,5502.0,2.019,1.165,770.978
K2-123 b,K2-123,Transit,2017,30.951524,2.76,8.05,338.0,4035.0,0.59,0.62,161.555
Kepler-770 b,Kepler-770,Transit,2016,18.92540274,2.3,5.9,1171.0,5598.0,0.92,0.94,930.457
Kepler-1399 b,Kepler-1399,Transit,2016,1.638653058,1.25,2.1,1610.0,5735.0,0.96,0.97,1385.7
Kepler-723 b,Kepler-723,Transit,2016,4.082275068,12.19,,1016.0,5539.0,0.89,0.92,1071.8
K2-107 b,K2-107,Transit,2017,3.313959,15.98,266.9772,1649.0,6061.0,1.81,1.3,685.2
K2-45 b,K2-45,Transit,2016,1.7292684,6.71,36.4,1073.56,4103.0,0.445,0.503,495.317
K2-365 b,K2-365,Transit,2022,23.448172,2.906,8.78,,5561.0,1.051,0.823,187.222
K2-127 b,K2-127,Transit,2017,3.588163,8.37,52.9,809.0,4575.0,0.66,0.72,709.999
K2-195 b,K2-195,Transit,2018,15.852975,3.13,9.96,720.0,5713.0,0.99,0.94,315.014
K2-80 c,K2-80,Transit,2016,5.605,1.47,2.76,1002.42,5441.0,0.87,0.9,200.802
K2-229 c,K2-229,Transit,2018,8.32727,2.03,7.0,750.0,5315.0,0.79,0.87,102.564
HAT-P-3 b,HAT-P-3,Transit,2007,2.8997,10.53646,206.5895,1189.0,5185.0,0.87,1.06,134.554
WASP-32 b,WASP-32,Transit,2010,2.71866,10.76064,835.8929,1388.0,6140.0,0.95,0.72,275.994
WASP-24 b,WASP-24,Transit,2010,2.34121,15.46842,394.1092,1772.0,6075.0,1.42,1.43,322.114
Kepler-65 c,Kepler-65,Transit,2012,5.859944,2.58,5.4,1246.0,6211.0,1.41,1.25,303.728
TrES-2 b,TrES-2,Transit,2006,2.47063,15.24424,473.5667,1466.0,5850.0,1.12,1.36,215.32
Kepler-939 b,Kepler-939,Transit,2016,14.878296,1.75,3.71,692.0,5471.0,0.85,0.88,2093.62
Kepler-1028 b,Kepler-1028,Transit,2016,2.51462432,1.33,2.33,1217.0,5522.0,0.87,0.9,607.916
HAT-P-67 b,HAT-P-67,Transit,2017,4.8101069,23.9872187,143.02278315,1903.0,6640.0,2.62,1.73,371.686
Kepler-1101 b,Kepler-1101,Transit,2016,81.3151059,2.47,6.66,393.0,5614.0,0.91,0.94,742.473
Kepler-1388 b,Kepler-1388,Transit,2016,12.2854603,2.59,7.22,434.0,4098.0,0.61,0.63,453.795
Kepler-768 b,Kepler-768,Transit,2016,11.3910025,1.79,3.86,618.0,5108.0,0.78,0.82,784.56
Kepler-796 b,Kepler-796,Transit,2016,6.40087618,1.3,2.24,1109.0,5475.0,1.09,0.93,817.584
Kepler-110 b,Kepler-110,Transit,2014,12.691112,1.83,4.01,1008.0,5960.0,1.149,0.989,586.531
Kepler-1042 b,Kepler-1042,Transit,2016,10.13202575,2.19,5.43,574.0,4815.0,0.72,0.75,659.0
Kepler-334 c,Kepler-334,Transit,2014,12.758005,1.43,2.63,822.0,5828.0,1.068,1.022,426.59
Kepler-937 b,Kepler-937,Transit,2016,67.668827,3.72,13.4,495.0,6095.0,1.22,1.15,1571.46
Kepler-1117 b,Kepler-1117,Transit,2016,4.79028459,1.11,1.41,938.0,5612.0,0.93,0.95,568.487
Kepler-1789 b,Kepler-1789,Transit,2021,80.23190308,2.83137505,8.4,380.0,5436.0,0.888,0.92,611.461
Kepler-1831 b,Kepler-1831,Transit,2021,5.78387022,1.97019818,4.54,1051.0,6063.0,1.012,1.117,1053.49
Kepler-1245 b,Kepler-1245,Transit,2016,4.35409304,1.44,2.67,1043.0,5306.0,0.83,0.86,805.936
Kepler-114 b,Kepler-114,Transit,2014,5.188549,1.26,1.09,586.0,4605.0,0.667,0.77,259.533
Kepler-1105 b,Kepler-1105,Transit,2016,4.421572182,2.01,4.7,729.0,4299.0,0.68,0.71,318.004
Kepler-187 b,Kepler-187,Transit,2014,4.938864,1.41,2.57,1244.0,6105.0,1.287,1.081,1143.0
Kepler-1379 b,Kepler-1379,Transit,2016,0.881841146,1.3,2.24,1564.0,5188.0,0.79,0.83,971.325
Kepler-304 c,Kepler-304,Transit,2014,5.315946,2.17,5.35,746.0,4731.0,0.687,0.737,434.684
Kepler-1291 b,Kepler-1291,Transit,2016,8.63043276,1.66,3.39,739.0,5216.0,0.8,0.84,897.352
Kepler-304 e,Kepler-304,Transit,2016,1.499146953,1.2,1.87,1137.0,4817.0,0.73,0.8,434.684
Kepler-461 b,Kepler-461,Transit,2016,8.313783059,2.58,7.18,886.0,5634.0,0.91,0.98,692.158
Kepler-1894 b,Kepler-1894,Transit,2021,2.762660027,1.20117759,1.87,1231.0,5772.0,0.901,0.999,935.191
Kepler-576 b,Kepler-576,Transit,2016,29.91136794,3.27,10.7,541.0,5672.0,0.97,0.99,617.55
Kepler-1893 b,Kepler-1893,Transit,2021,4.179369926,1.70557445,3.55,1194.0,5633.0,1.162,0.973,1050.72
Kepler-1601 b,Kepler-1601,Transit,2016,2.20921951,0.82,0.477,1507.0,5869.0,1.07,1.04,644.456
Kepler-1922 b,Kepler-1922,Transit,2021,13.22259998,2.29064904,5.86,740.0,5931.0,0.863,0.953,1344.29
HD 80653 b,HD 80653,Transit,2020,0.71957926,1.621,5.61,2438.0,5959.0,1.199,1.15,109.86
Kepler-1542 d,Kepler-1542,Transit,2016,5.99273738,0.87,0.59,1010.0,5564.0,0.99,0.94,399.114
Kepler-666 b,Kepler-666,Transit,2016,4.49876092,2.4,6.35,1133.0,5887.0,1.05,1.03,1508.71
Kepler-211 c,Kepler-211,Transit,2014,6.04045,1.29,18.3,841.0,5123.0,0.816,0.867,309.353
Kepler-203 c,Kepler-203,Transit,2014,5.370647,2.47,749.9,1096.0,5821.0,1.114,1.06,703.302
GJ 674 b,GJ 674,Radial Velocity,2007,4.6938,3.33,11.09,530.8,3600.0,0.36463,0.35,4.54896
OGLE-TR-182 b,OGLE-TR-182,Transit,2007,3.9791,12.666,320.995,1550.0,5924.0,1.14,1.14,2501.75
HD 69830 c,HD 69830,Radial Velocity,2006,31.56,3.46,11.8,567.04,5385.0,0.886947,0.86,12.5591
GJ 3021 b,GJ 3021,Radial Velocity,2000,133.71,13.1,1071.04,350.0,5540.0,0.9,0.9,17.5559
HD 221287 b,HD 221287,Radial Velocity,2007,456.1,13.1,982.05,290.13,6304.0,1.13864,1.25,55.9231
HD 47536 b,HD 47536,Radial Velocity,2002,712.13,12.6,2330.0,736.52,4380.0,23.47,2.1,122.536
HD 107148 b,HD 107148,Radial Velocity,2005,48.056,9.6,66.741,582.78,5797.0,1.169193,1.12,49.4156
HD 179949 b,HD 179949,Radial Velocity,2000,3.092514,13.9,291.12,1590.53,6168.0,1.266865,1.21,27.4573
HD 188015 b,HD 188015,Radial Velocity,2004,461.2,13.6,476.72,267.98,5746.0,1.125296,1.09,50.6706
HD 27442 b,HD 27442,Radial Velocity,2000,428.1,13.5,495.8,369.62,4846.0,3.18,1.23,18.2704
HD 46375 b,HD 46375,Radial Velocity,2000,3.023573,10.0,71.8,1221.4,5285.0,0.914196,0.92,29.5529
HAT-P-2 b,HAT-P-2,Transit,2007,5.6335158,10.659759,2866.81223114,1540.0,6380.0,1.39,1.33,127.774
HD 109749 b,HD 109749,Radial Velocity,2005,5.239891,11.1,85.8141,1250.83,5824.0,1.22,1.13,63.0821
HD 149143 b,HD 149143,Radial Velocity,2005,4.07182,13.6,422.7139,1471.9,5856.0,1.44,1.2,73.2801
HD 224693 b,HD 224693,Radial Velocity,2006,26.6904,14.0,222.481,903.45,5894.0,1.93,1.31,93.5015
HD 231701 b,HD 231701,Radial Velocity,2007,141.63,13.7,359.1479,483.27,6101.0,1.53,1.21,108.877
HIP 14810 b,HIP 14810,Radial Velocity,2005,6.673892,13.0,1239.537,1048.2,5544.0,1.07,1.01,50.48
HIP 14810 d,HIP 14810,Radial Velocity,2009,981.8,14.1,187.5197,198.54,5544.0,1.07,1.01,50.48
HD 207832 b,HD 207832,Radial Velocity,2012,160.07,14.2,177.9848,340.28,5726.0,0.89,1.05,58.9291
HD 37605 c,HD 37605,Radial Velocity,2012,2720.0,13.1,1013.8777,126.75,5329.0,0.91,0.94,46.7864
HD 1605 c,HD 1605,Radial Velocity,2015,2149.0,13.0,1150.5446,233.88,4915.0,3.49,1.33,88.8047
HD 55696 b,HD 55696,Radial Velocity,2018,1827.0,12.9,1357.12729789,200.43,6012.0,1.52,1.29,77.9693
HD 148164 c,HD 148164,Radial Velocity,2018,5062.0,12.8,1640.0028,135.77,6032.0,1.34,1.21,77.1971
HD 211810 b,HD 211810,Radial Velocity,2018,1558.0,14.0,212.9461,177.77,5652.0,1.13,1.03,64.6353
HD 221416 b,HD 221416,Transit,2019,14.2767,9.17,60.5,1314.67,5080.0,2.943,1.212,95.5483
Kepler-595 c,Kepler-595,Transit,2020,12.38602,1.009,3.3,679.0,5138.5,0.821,0.93,643.009
Kepler-595 b,Kepler-595,Transit,2016,25.3029092,3.708,17.4,535.0,5138.5,0.821,0.93,643.009
PSR B1257+12 b,PSR B1257+12,Pulsar Timing,1994,25.262,0.338,0.02,,,,1.4,600.0
PSR B1257+12 c,PSR B1257+12,Pulsar Timing,1992,66.5419,1.91,4.3,,,,1.4,600.0
OGLE-TR-211 b,OGLE-TR-211,Transit,2007,3.67724,15.244,327.351,1686.0,6325.0,1.64,1.33,1515.26
Lupus-TR-3 b,Lupus-TR-3,Transit,2007,3.91405,9.976,257.431,1013.56,5000.0,0.82,0.87,773.409
2MASS J04414489+2301513 b,2MASS J04414489+2301513,Imaging,2010,,12.6,2383.6,17.6,2936.0,0.231916,0.019,120.42398696
WASP-21 b,WASP-21,Transit,2010,4.322482,11.99,95.345,1333.0,5800.0,1.06,1.01,258.426
CoRoT-10 b,CoRoT-10,Transit,2010,13.2406,10.87,874.0,600.0,5075.0,0.79,0.89,338.386
CoRoT-12 b,CoRoT-12,Transit,2010,2.828042,16.14,291.438,1442.0,5675.0,1.116,1.078,1126.37
CoRoT-13 b,CoRoT-13,Transit,2010,4.03519,9.92,415.704,1700.0,5945.0,1.01,1.09,1148.93
HD 285968 b,HD 285968,Radial Velocity,2008,8.7836,2.83,8.4,450.0,3703.49,0.478214,0.5,9.47045
HD 205739 b,HD 205739,Radial Velocity,2008,279.8,13.6,435.41,362.84,6176.0,1.33,1.22,92.5087
CoRoT-3 b,CoRoT-3,Transit,2008,4.2568,11.32,6883.91,1695.0,6740.0,1.56,1.37,768.771
HD 16417 b,HD 16417,Radial Velocity,2008,17.24,5.0,22.1,964.0,5841.0,1.639984,1.2,25.3936
AB Pic b,AB Pic,Imaging,2005,,12.3,4290.5,15.8,5285.0,0.999394,0.9,50.0475
CT Cha b,CT Cha,Imaging,2007,,24.66,5403.0,2600.0,4403.0,1.679694,,190.72
HD 9446 b,HD 9446,Radial Velocity,2009,30.052,14.0,222.472,642.55,5793.0,1.0,1.0,50.3503
Kepler-4 b,Kepler-4,Transit,2009,3.21346,4.002,24.472,1650.0,5857.0,1.487,1.223,487.916
GJ 876 c,GJ 876,Radial Velocity,2000,30.0881,14.0,226.9846,241.66,3293.74,0.3,0.32,4.67517
HIP 79431 b,HIP 79431,Radial Velocity,2009,111.7,13.4,667.415,177.42,3191.0,0.478625,0.49,14.5324
TOI-907.01,TOI-907,Transit,2024,4.5849129,9.6158851,67.0,1846.6,6272.0,2.059789,1.069357,312.529
WASP-31 b,WASP-31,Transit,2010,3.4059096,17.363,151.916,1423.7,6302.0,1.252,1.163,383.829
24 Sex b,24 Sex,Radial Velocity,2010,452.8,13.4,632.46,471.32,5098.0,4.9,1.54,72.0691
WASP-37 b,WASP-37,Transit,2010,3.577469,13.002,572.07,1232.5,5800.0,1.003,0.925,392.791
Kepler-9 d,Kepler-9,Transit,2010,1.592851,1.64,8.41466053,2026.0,5777.0,1.02,1.07,628.257
KOI-217 b,KOI-217,Transit,2010,3.90512,12.442,,1046.0,5545.0,0.86,0.95,914.699
HD 90156 b,HD 90156,Radial Velocity,2011,49.77,4.43,17.98,518.01,5599.0,0.920286,0.84,21.9496
HD 177830 c,HD 177830,Radial Velocity,2010,110.9,7.87,47.6725,538.95,4949.0,2.62,1.47,62.7674
ups And b,ups And,Radial Velocity,1996,4.617033,14.0,218.531,1523.73,6156.77,1.56,1.3,13.4054
ups And d,ups And,Radial Velocity,1999,1276.46,12.5,3257.74117175,233.9,6156.77,1.56,1.3,13.4054
OGLE-2017-BLG-0373L b,OGLE-2017-BLG-0373L,Microlensing,2018,,14.0,127.0,,,,0.248,5915.0
Kepler-1737 b,Kepler-1737,Transit,2021,64.61750031,5.395,25.1,383.0,5043.0,0.881,0.834,
K2-269 b,K2-269,Transit,2018,4.144965,1.57,3.09,1429.0,6209.0,1.45,1.16,360.76
TOI-1249 b,TOI-1249,Transit,2024,13.079151,3.2710301,11.9,726.89,5497.0,0.9785,1.0062,139.49
Kepler-106 d,Kepler-106,Transit,2014,23.9802,0.95,8.1,649.0,5858.0,1.04,1.0,444.322
Kepler-1031 b,Kepler-1031,Transit,2016,1.22621732,0.87,0.59,2024.0,6011.0,1.12,1.09,682.882
CD-35 2722 B b,CD-35 2722 B,Radial Velocity,2026,171.11,13.9,292.40213444,77.39,1800.0,0.159,0.035,
Kepler-948 b,Kepler-948,Transit,2016,7.76846622,1.85,4.08,841.0,5679.0,0.94,0.96,868.017
OGLE-2014-BLG-0319L b,OGLE-2014-BLG-0319L,Microlensing,2022,,14.1,181.16219199,,,,0.52,7730.0
OGLE-2018-BLG-1011L b,OGLE-2018-BLG-1011L,Microlensing,2019,,13.5,570.0,,,,0.18,7100.0
WASP-61 b,WASP-61,Transit,2012,3.8559,15.80469,851.7844,1624.4,6250.0,1.55,1.82,488.66
KMT-2022-BLG-0303L b,KMT-2022-BLG-0303L,Microlensing,2024,,14.2,163.04597279,,,,0.368,6570.0
OGLE-2019-BLG-0954L b,OGLE-2019-BLG-0954L,Microlensing,2021,,12.3,4513.1633794,,,,0.8,3630.0
WASP-123 b,WASP-123,Transit,2016,2.97764359,15.13212395,285.72917,1500.0,5740.0,1.285,1.166,197.996
Kepler-1882 b,Kepler-1882,Transit,2021,13.78730011,1.48674404,2.81,894.0,5691.0,1.458,1.068,443.371
KOI-984 b,KOI-984,Transit,2022,4.2881785,4.3,17.1,1022.0,5295.0,0.818,0.928,252.667
Kepler-1573 b,Kepler-1573,Transit,2016,2.6157554,1.2,1.87,1379.0,5808.0,1.0,1.01,1455.36
Kepler-802 b,Kepler-802,Transit,2016,40.0587473,3.54,12.3,489.0,5507.0,0.9,0.93,780.585
KMT-2023-BLG-1454L b,KMT-2023-BLG-1454L,Microlensing,2024,,14.1,200.23189641,,,,0.17,7220.0
Kepler-1440 b,Kepler-1440,Transit,2016,39.859484,1.26,2.13,597.0,5698.0,0.96,0.98,1115.35
WASP-130 b,WASP-130,Transit,2016,11.55098,9.97601,390.9309,833.0,5625.0,0.96,1.04,172.256
OGLE-2017-BLG-1049L b,OGLE-2017-BLG-1049L,Microlensing,2020,,12.8,1760.0,,,,0.55,5670.0
Kepler-949 b,Kepler-949,Transit,2016,8.689307296,2.91,8.8,782.0,5403.0,0.86,0.89,486.105
Kepler-1964 b,Kepler-1964,Transit,2021,2.440829992,1.7810587,3.83,986.0,4803.0,0.698,0.752,
KMT-2023-BLG-1592L b,KMT-2023-BLG-1592L,Microlensing,2026,,14.1,184.34047606,,,,0.55,7200.0
OGLE-2019-BLG-0362L b,OGLE-2019-BLG-0362L,Microlensing,2022,,13.1,1036.12060682,,,,0.42,5830.0
KMT-2017-BLG-1057L b,KMT-2017-BLG-1057L,Microlensing,2024,,5.19,23.5,,,,0.57,6500.0
KMT-2025-BLG-1616L b,KMT-2025-BLG-1616L,Microlensing,2026,,7.34,42.32,,,,0.26,7500.0
Wolf 327 b,Wolf 327,Transit,2024,0.5734745,1.24,2.53,996.0,3542.0,0.406,0.405,28.5321
Kepler-62 f,Kepler-62,Transit,2013,267.291,1.41,35.0,208.0,4925.0,0.64,0.69,300.874
WASP-53 c,WASP-53,Radial Velocity,2017,2840.0,,5196.5205,110.47,4953.0,0.798,0.839,201.338
KMT-2023-BLG-1743L b,KMT-2023-BLG-1743L,Microlensing,2024,,12.1,6356.56814,,,,0.11,7130.0
TOI-5789 c,TOI-5789,Transit,2026,12.927748,2.86,5.0,718.0,5185.0,0.833,0.821,20.4581
MOA-2019-BLG-008L b,MOA-2019-BLG-008L,Microlensing,2022,,12.2,5720.911326,,,,0.9,2700.0
OGLE-2016-BLG-1598L b,OGLE-2016-BLG-1598L,Microlensing,2024,,13.6,120.77479466,,,,0.55,5910.0
OGLE-2017-BLG-1275L b,OGLE-2017-BLG-1275L,Microlensing,2024,,12.8,1875.1876013,,,,0.63,7690.0
HATS-44 b,HATS-44,Transit,2018,2.7439004,11.960003,177.9848,1161.0,5080.0,0.847,0.86,446.035
HD 160691 b,HD 160691,Radial Velocity,2000,645.0,,1366.6621501,262.13,5773.0,1.33,1.13,15.5981
Kepler-132 b,Kepler-132,Transit,2014,6.178196,1.21,1.92,1082.0,6003.0,1.178,0.929,349.549
KMT-2021-BLG-0192L b,KMT-2021-BLG-0192L,Microlensing,2022,,6.56,34.96112477,,,,0.27,5120.0
Kepler-49 b,Kepler-49,Transit,2012,7.2,2.579,9.77,509.0,4095.6,0.618,0.607,311.222
KMT-2016-BLG-2364L b,KMT-2016-BLG-2364L,Microlensing,2020,,13.0,1250.0,,,,0.5,6440.0
Kepler-218 c,Kepler-218,Transit,2014,44.699576,3.14,10.0,500.0,5502.0,1.063,1.019,656.38
GJ 328 c,GJ 328,Radial Velocity,2023,241.8,4.91,21.4,184.01,3897.0,0.63,0.65,20.5266
K2-212 b,K2-212,Transit,2018,9.795647,2.65,7.51,542.0,4349.0,0.678,0.622,109.218
KMT-2022-BLG-1818L c,KMT-2022-BLG-1818L,Microlensing,2026,,13.2,114.41822652,,,,0.79,5300.0
Qatar-8 b,Qatar-8,Transit,2019,3.71495,14.403565,117.91493,1457.0,5738.0,1.315,1.029,281.498
KMT-2018-BLG-0885L b,KMT-2018-BLG-0885L,Microlensing,2023,,11.9,9217.023803,,,,0.29,6890.0
KMT-2016-BLG-2321L b,KMT-2016-BLG-2321L,Microlensing,2024,,13.8,301.93698665,,,,0.73,3580.0
Kepler-74 b,Kepler-74,Transit,2013,7.340711,10.76,200.22,1078.0,6000.0,1.12,1.18,1177.55
OGLE-2017-BLG-0482L b,OGLE-2017-BLG-0482L,Microlensing,2018,,2.95,9.0,,,,0.2,5800.0
PSR B0329+54 b,PSR B0329+54,Pulsar Timing,2017,10140.0,1.22,1.97,,,,1.44,504.93312058
K2-140 b,K2-140,Transit,2017,6.569188,13.56286665,295.58041851,962.0,5585.0,1.06,0.96,347.917
HD 184010 c,HD 184010,Radial Velocity,2022,484.3,11.8,95.3485221,457.53,4971.0,4.86,1.35,60.7993
EPIC 201595106 b,EPIC 201595106,Transit,2021,0.87724,1.565,7.67,2038.0,5679.0,0.98,0.958,232.1
TOI-1203 e,TOI-1203,Radial Velocity,2025,204.59,7.31,42.1,,5737.0,1.179,0.886,64.9943
Kepler-1503 b,Kepler-1503,Transit,2016,96.16987,2.27,5.77,321.0,5069.0,0.74,0.77,1225.57
Kepler-1781 b,Kepler-1781,Transit,2021,4.88752985,2.38091029,6.26,1003.0,5568.0,0.957,1.053,962.63
Kepler-57 c,Kepler-57,Transit,2012,11.6,2.196,6.86,671.0,5187.9,0.826,0.859,644.14
Kepler-1124 b,Kepler-1124,Transit,2016,2.852348975,1.28,2.18,621.0,3658.0,0.34,0.35,289.899
Kepler-1581 b,Kepler-1581,Transit,2016,6.28385491,0.8,0.437,1108.0,6022.0,1.23,1.12,493.175
K2-136 c,K2-136,Transit,2017,17.30723,3.0,18.1,470.0,4500.0,0.677,0.742,59.2474
HD 39091 b,HD 39091,Radial Velocity,2001,2088.8,12.3,4481.3805387,172.74,5998.0,1.17,1.07,18.2702
LHS 1815 b,LHS 1815,Transit,2020,3.814334,1.088,1.58,617.0,3643.0,0.501,0.502,29.8424
Kepler-464 b,Kepler-464,Transit,2016,7.256965224,3.3,10.9,1163.0,5933.0,1.59,1.21,667.604
Kepler-1580 b,Kepler-1580,Transit,2016,56.6449279,2.11,5.1,733.0,6228.0,2.15,1.47,1002.02
Kepler-198 d,Kepler-198,Transit,2016,1.31184443,1.53,2.96,1562.0,5636.0,0.93,0.97,495.358
HD 50554 b,HD 50554,Radial Velocity,2002,1240.0,12.8,1859.29618095,192.65,6050.0,1.02,1.1,31.1664
HD 73267 c,HD 73267,Radial Velocity,2022,17071.78045,12.8,1630.77755632,69.53,5387.0,0.909,0.93,50.4093
Kepler-580 b,Kepler-580,Transit,2016,8.222419656,2.57,7.13,558.0,4298.0,0.64,0.67,323.899
KOI-12 b,KOI-12,Transit,2015,17.855182,13.78707,349.613,911.0,6635.0,1.4,1.5,399.398
Kepler-637 b,Kepler-637,Transit,2016,23.20584623,4.75,20.2,1002.0,6096.0,2.56,1.64,786.091
HD 29985 b,HD 29985,Radial Velocity,2022,20608.14049,12.8,1739.47487151,46.73,4678.0,0.574666,0.75,31.2707
HD 165155 b,HD 165155,Radial Velocity,2016,434.5,13.2,918.5287,239.9,5426.0,0.95,1.02,63.3574
HD 22946 d,HD 22946,Transit,2023,47.42489,2.607,26.57,546.0,6169.0,1.117,1.098,62.7792
Kepler-1697 b,Kepler-1697,Transit,2020,33.4969,1.25954761,2.12,630.0,4681.53,0.772344,0.747,247.771
Kepler-674 b,Kepler-674,Transit,2016,2.243381847,1.69,3.5,822.0,4192.0,0.57,0.6,342.254
Kepler-873 b,Kepler-873,Transit,2016,20.5533844,3.75,13.5,749.0,6163.0,1.27,1.18,1182.22
Kepler-783 b,Kepler-783,Transit,2016,4.29264638,0.78,0.399,991.0,5521.0,0.89,0.93,516.09
HD 31527 c,HD 31527,Radial Velocity,2019,51.2053,3.85,14.16,571.07,5898.0,1.073694,0.96,38.4473
Kepler-1955 b,Kepler-1955,Transit,2021,14.26519966,1.16654878,1.69,853.0,5825.0,1.291,1.049,449.351
Kepler-1684 b,Kepler-1684,Transit,2020,47.7055,2.87084792,8.6,347.0,4706.54,0.666755,0.75,621.996
Kepler-322 c,Kepler-322,Transit,2014,4.337234,1.67,3.43,996.0,5388.0,0.89,0.908,400.48
Qatar-5 b,Qatar-5,Transit,2017,2.8792319,12.408363,1373.0256,1415.0,5747.0,1.076,1.128,367.658
Kepler-399 c,Kepler-399,Transit,2014,26.67569,1.43,2.63,630.0,5502.0,0.68,0.902,740.537
DMPP-2 c,DMPP-2,Radial Velocity,2026,3.168,8.26,51.79,1910.88,6500.0,1.78,1.41,137.94
TOI-1062 b,TOI-1062,Transit,2021,4.11296,2.265,10.15,1077.0,5328.0,0.84,0.94,82.1733
TOI-1759 b,TOI-1759,Transit,2022,18.85019,3.14,10.8,443.0,4065.0,0.597,0.606,40.0654
TOI-2285 b,TOI-2285,Transit,2021,13.635109,1.77,19.5,358.0,3491.0,0.464,0.454,42.409
Kepler-546 b,Kepler-546,Transit,2016,4.147020258,7.0,39.1,1258.0,5967.0,1.15,1.11,1019.65
Kepler-682 b,Kepler-682,Transit,2016,12.611906672,7.37,42.6,753.0,5559.0,0.89,0.92,1979.25
TOI-220 b,TOI-220,Transit,2021,10.695264,3.03,13.8,805.0,5298.0,0.858,0.825,90.7402
TOI-5624 f,TOI-5624,Transit Timing Variations,2026,45.37,3.66,13.0,478.5,5327.0,0.82,0.858,101.913
Kepler-242 b,Kepler-242,Transit,2014,8.20395,2.61,7.32,742.0,5020.0,0.85,0.748,600.241
Kepler-258 b,Kepler-258,Transit,2014,13.19722,4.06,15.5,642.0,4942.0,0.915,0.82,575.988
TOI-4898 b,TOI-4898,Transit,2026,2.76520470167,3.7197954,13.4,667.0,4201.57,0.639344,0.619077,98.5958
Kepler-1292 b,Kepler-1292,Transit,2016,3.27646405,1.82,3.97,1195.0,5556.0,0.93,0.95,1493.43
HD 128717 b,HD 128717,Astrometry,2025,3420.0,12.1,6293.0024586,151.9,6210.0,1.248,1.212,73.636
TOI-3278 b,TOI-3278,Transit,2026,3.246456,13.89913607,95.3485221,1561.0,5720.0,1.39,1.04,904.752
Kepler-103 b,Kepler-103,Transit,2014,15.9653287,3.4857,11.67,973.0,6047.0,1.492,1.212,494.832
TOI-4492 b,TOI-4492,Transit,2026,4.4331824,11.78063872,1881.54416944,1207.0,5711.0,1.222,1.067,143.184
pi Men d,HD 39091,Radial Velocity,2022,124.64,3.72,13.38,443.55,5998.0,1.19,1.07,18.2702
Kepler-1058 b,Kepler-1058,Transit,2016,110.96546,2.72,7.85,239.0,4644.0,0.69,0.73,491.997
Kepler-160 b,Kepler-160,Transit,2014,4.309397,1.715,3.59,1134.0,5471.0,1.118,1.003,937.013
Kepler-1365 b,Kepler-1365,Transit,2016,7.69993485,0.92,0.721,969.0,5770.0,1.05,1.0,840.128
Kepler-346 c,Kepler-346,Transit,2014,23.851549,3.07,9.64,654.0,6033.0,1.021,0.943,984.105
Kepler-1489 b,Kepler-1489,Transit,2016,82.294751,1.77,3.78,400.0,5655.0,0.9,0.93,1283.05
Kepler-1126 b,Kepler-1126,Transit,2016,108.593329,1.73,3.64,374.0,5798.0,0.93,0.92,635.736
Kepler-1914 b,Kepler-1914,Transit,2021,30.82789993,2.9429803,8.97,585.0,5982.0,0.96,1.047,1621.56
HATS-43 b,HATS-43,Transit,2018,4.3888497,13.22662,82.95363,1003.0,5099.0,0.812,0.837,362.273
Kepler-685 b,Kepler-685,Transit,2016,1.6255222,10.58,78.8,1579.0,5963.0,1.16,1.11,938.715
Kepler-1303 b,Kepler-1303,Transit,2016,7.56127224,1.42,2.6,891.0,5771.0,1.0,1.01,897.783
Kepler-1016 b,Kepler-1016,Transit,2016,1.954524342,2.18,5.39,1540.0,5821.0,1.0,0.99,1402.82
HIP 54373 c,HIP 54373,Radial Velocity,2019,15.144,3.57,12.44,463.2,4021.0,0.564998,0.57,18.7168
L 363-38 b,L 363-38,Radial Velocity,2023,8.781,2.0,4.67,330.0,3129.0,0.274,0.21,10.2295
HAT-P-46 b,HAT-P-46,Transit,2014,4.463129,14.392,156.684,1458.0,6120.0,1.396,1.284,290.736
K2-396 c,K2-396,Transit,2022,25.76051,3.124,9.93,,5236.0,0.92,0.954,274.864
TOI-1107 b,TOI-1107,Transit,2022,4.0782387,14.57167491,1064.72516345,1728.0,6311.0,1.81,1.35,281.314
KOI-319 c,KOI-319,Transit Timing Variations,2014,80.099,11.9,8803.8468739,,5880.0,2.064,1.325,660.138
Kepler-1992 b,Kepler-1992,Transit,2023,15.6112238,0.91,0.693,637.0,5383.0,0.842,0.874,532.955
Kepler-134 b,Kepler-134,Transit,2014,5.317429,2.0,4.66,1105.0,5983.0,1.176,0.956,334.797
TOI-912 b,TOI-912,Transit,2025,4.6780691,1.93,5.1,551.0,3572.0,0.419,0.418,26.1072
TOI-913 b,TOI-913,Transit,2023,11.098644,2.4528,6.59,712.01,4969.0,0.7325,0.82,65.1769
TOI-1105 b,TOI-1105,Transit,2026,10.86818410933,3.05823658,9.58,756.37,4678.46,0.755833,0.74,79.5225
Kepler-559 b,Kepler-559,Transit,2016,17.58752333,3.61,12.7,706.0,5630.0,0.95,0.96,776.708
WASP-34 b,WASP-34,Transit,2010,4.31768,11.209,177.9848,1250.0,5700.0,0.91,0.96,132.096
Kepler-1426 b,Kepler-1426,Transit,2016,14.2563227,1.56,3.05,797.0,5831.0,1.02,1.02,1697.81
OGLE-2014-BLG-0676L b,OGLE-2014-BLG-0676L,Microlensing,2016,,13.1,988.44634577,,,,0.6,1880.0
Kepler-156 b,Kepler-156,Transit,2014,4.973456,2.3,5.9,867.0,5094.0,0.807,0.864,443.483
HATS-64 b,HATS-64,Transit,2018,4.908897,18.819911,305.1168,1793.0,6554.0,2.113,1.564,1080.15
Kepler-610 b,Kepler-610,Transit,2016,6.996926554,4.19,16.3,888.0,5943.0,1.13,1.1,845.824
TOI-2322 c,TOI-2322,Transit,2025,20.225528,1.874,18.1,496.8,4664.0,0.662,0.703,59.861
TOI-2322 b,TOI-2322,Transit,2025,11.30717,0.994,2.31,603.1,4664.0,0.662,0.703,59.861
Kepler-524 c,Kepler-524,Transit,2016,1.88897906,0.96,0.84,1574.0,6014.0,1.1,1.09,1058.24
Kepler-398 c,Kepler-398,Transit,2014,11.419412,1.01,1.01,536.0,4493.0,0.613,0.649,177.355
Kepler-1916 b,Kepler-1916,Transit,2021,31.25429916,2.61757235,7.35,635.0,6246.0,1.092,1.18,2055.82
TIC 320419023 b,TIC 320419023,Transit,2026,5.26375651589,2.77280763,8.11,,5703.36,0.952319,1.056,288.893
HD 108236 f,HD 108236,Transit,2021,29.54115,2.017,4.72,609.59,5660.0,0.877,0.869,64.5978
Kepler-1617 b,Kepler-1617,Transit,2016,27.4785572,1.2,1.87,736.0,6167.0,1.22,1.15,898.31
HD 206893 c,HD 206893,Imaging,2022,2290.0,16.36511182,3527.8953177,1181.9,6500.0,1.31116,1.31,40.7583
TOI-4527.01,TOI-4527,Transit,2024,0.3994445,0.9086617,0.689,1362.93,3702.0,0.485948,0.483901,18.1037
K2-255 b,K2-255,Transit,2018,1.96417,2.9,8.75,1034.0,4676.0,0.69,0.71,191.608
Kepler-1678 b,Kepler-1678,Transit,2020,147.974,3.30422249,10.9,329.0,5754.0,0.834976,1.03,847.339
HD 224018 b,HD 224018,Radial Velocity,2025,10.6413,0.91,4.1,968.0,5784.0,1.147,1.013,105.48
Kepler-1334 b,Kepler-1334,Transit,2016,15.64591713,2.29,5.86,710.0,5614.0,0.91,0.94,1223.04
Kepler-480 b,Kepler-480,Transit,2016,4.919583795,2.78,8.15,1312.0,6322.0,1.34,1.25,847.508
Kepler-1382 b,Kepler-1382,Transit,2016,16.3583055,1.88,4.19,959.0,6161.0,1.72,1.36,738.261
TOI-2068 b,TOI-2068,Transit,2024,7.768915,1.821,3.97,520.62,3710.0,0.535,0.559,52.9328
Kepler-1030 b,Kepler-1030,Transit,2016,19.32952416,2.48,6.71,529.0,4983.0,0.76,0.8,758.702
HD 153950 b,HD 153950,Radial Velocity,2008,499.39999,13.2,937.5985,295.3,6124.0,1.28,1.25,48.4549
CoRoT-11 b,CoRoT-11,Transit,2010,2.99433,16.03,740.51,1657.0,6440.0,1.37,1.27,655.037
TOI-286 c,TOI-286,Transit,2024,39.361826,1.88,3.72,475.0,5152.0,0.78,0.832,59.2293
TOI-1806.01,TOI-1806,Transit,2024,15.1454693,3.4095367,11.5,337.47,3272.0,0.401575,0.392935,55.5211
TOI-4443.01,TOI-4443,Transit,2024,1.8498567,1.7193265,3.6,1638.82,5834.0,1.01733,1.049133,56.0739
K2-141 c,K2-141,Transit,2018,7.7485,7.0,8.0,695.0,4570.0,0.681,0.708,61.8736
K2-232 b,K2-232,Transit,2018,11.168454,11.209,126.49634,1030.0,6154.0,1.161,1.188,130.72
GJ 1132 c,GJ 1132,Radial Velocity,2018,8.929,1.52,2.91,300.0,3090.0,0.226,0.198,12.613
55 Cnc b,55 Cnc,Radial Velocity,1996,14.651552,13.9,263.9785,700.0,5198.0,0.98,1.015,12.5855
55 Cnc c,55 Cnc,Radial Velocity,2004,44.3936,8.51,54.4738,499.27,5198.0,0.98,1.015,12.5855
55 Cnc d,55 Cnc,Radial Velocity,2002,4799.0,13.0,1232.493,104.85,5198.0,0.98,1.015,12.5855
55 Cnc e,55 Cnc,Radial Velocity,2004,0.7365474,1.875,7.99,1958.0,5172.0,0.943,0.905,12.5855
55 Cnc f,55 Cnc,Radial Velocity,2007,260.58,7.59,44.812,277.07,5198.0,0.98,1.015,12.5855
GJ 1214 b,GJ 1214,Transit,2009,1.580404531,2.733,8.41,567.0,3101.0,0.2162,0.182,14.6427
GJ 436 b,GJ 436,Radial Velocity,2004,2.64388312,4.17,22.1,686.0,3586.11,0.455,0.47,9.75321
HAT-P-12 b,HAT-P-12,Transit,2009,3.2130598,10.749,67.059,963.0,4650.0,0.701,0.733,142.751
HAT-P-13 b,HAT-P-13,Transit,2009,2.91625,14.258,270.462,1740.0,5653.0,1.756,1.32,246.81
HAT-P-13 c,HAT-P-13,Radial Velocity,2009,446.27,12.3,4538.421,340.0,5653.0,1.756,1.32,246.81
HAT-P-14 b,HAT-P-14,Transit,2010,4.62767,15.91678,1093.3352,1624.0,6600.0,1.82,2.65,222.663
HAT-P-17 b,HAT-P-17,Transit,2012,10.33852,11.76945,184.3414,800.0,5246.0,0.87,0.99,92.3831
HAT-P-17 c,HAT-P-17,Radial Velocity,2012,5584.0,13.1,1080.6,99.59,5336.96,0.838682,0.92,92.3831
HAT-P-18 b,HAT-P-18,Transit,2010,5.5080291,10.70457657,55.5246227,841.0,4870.0,0.717,0.77,161.4
HAT-P-1 b,HAT-P-1,Transit,2006,4.46529976,14.784671,166.86075,1322.0,5980.0,1.174,1.151,158.979
HAT-P-26 b,HAT-P-26,Transit,2010,4.23452,7.06167,22.2481,1080.0,5079.0,0.87,1.12,141.837
HAT-P-30 b,HAT-P-30,Transit,2011,2.8106,16.14096,263.7989,1630.0,6304.0,1.31,1.55,213.985
HAT-P-32 b,HAT-P-32,Transit,2011,2.1500082,22.19382,216.1244,1835.7,6001.0,1.367,1.132,289.205
HD 149026 b,HD 149026,Radial Velocity,2005,2.87589,8.29466,120.7754,1626.0,6179.0,1.41,1.42,75.8643
HD 189733 b,HD 189733,Radial Velocity,2005,2.21857567,12.66617,359.1479,1209.0,5052.0,0.75,0.79,19.7638
HD 209458 b,HD 209458,Radial Velocity,1999,3.52474859,15.58051,232.0159,1459.0,6091.0,1.19,1.23,48.3016
HD 80606 b,HD 80606,Radial Velocity,2001,111.436765,11.56766808,1323.46926959,405.0,5565.0,1.05,1.05,66.4711
HD 86226 b,HD 86226,Radial Velocity,2009,1628.0,14.3,143.0235,176.0,5863.0,1.053,1.019,45.683
TrES-4 b,TrES-4,Transit,2007,3.55395,18.04649,247.9074,1778.0,6200.0,1.66,1.08,515.98
WASP-12 b,WASP-12,Transit,2008,1.091418901,22.02564708,467.2101,2601.0,6265.0,1.69,1.325,427.246
WASP-15 b,WASP-15,Transit,2009,3.7521,15.80469,171.6282,1676.0,6300.0,1.48,1.18,282.091
WASP-17 b,WASP-17,Transit,2009,3.73543,20.96083,247.9074,1755.0,6550.0,1.49,2.28,405.908
WASP-18 b,WASP-18,Transit,2009,0.94145223,13.89913607,3241.8497514,2429.0,6432.0,1.319,1.294,123.483
WASP-19 b,WASP-19,Transit,2009,0.78883852,15.86070769,366.77398168,2113.0,5616.0,1.006,0.965,268.325
WASP-25 b,WASP-25,Transit,2010,3.7648337,13.80946422,179.25522155,1217.0,5697.0,0.884,0.962,211.416
WASP-39 b,WASP-39,Transit,2011,4.0552941,14.336311,89.31023,1166.0,5485.0,0.939,0.913,213.982
WASP-43 b,WASP-43,Transit,2011,0.813475,10.424,565.714,1426.7,4400.0,0.6,0.58,86.7467
WASP-6 b,WASP-6,Transit,2009,3.3610026,12.5428494,148.42586607,1167.0,5438.0,0.79,0.854,197.119
GJ 3470 b,GJ 3470,Radial Velocity,2012,3.3366496,4.57,13.9,593.5,3600.0,0.547,0.539,29.4214
WASP-47 b,WASP-47,Transit,2012,4.159151,12.86,374.0,1275.0,5565.0,1.156,1.058,264.78
WASP-63 b,WASP-63,Transit,2012,4.37808,15.80469,117.5971,1469.91,5550.0,1.86,1.28,290.684
WASP-52 b,WASP-52,Transit,2012,1.7497798,14.24,146.2,1315.0,5000.0,0.79,0.87,174.818
WASP-77 A b,WASP-77 A,Transit,2012,1.360029395,13.56,529.31142902,1674.0,5617.0,0.91,0.903,105.166
WASP-80 b,WASP-80,Transit,2012,3.06785234,11.197791,170.99254,825.0,4143.0,0.586,0.577,49.7876
WASP-103 b,WASP-103,Transit,2014,0.925542,17.127,473.547,2508.0,6110.0,1.436,1.22,375.647
WASP-96 b,WASP-96,Transit,2014,3.4252602,13.45,152.55,1285.0,5540.0,1.05,1.06,352.464
WASP-94 A b,WASP-94 A,Transit,2014,3.95019,17.71022,158.915,1604.0,6170.0,1.48,1.67,211.211
WASP-94 B b,WASP-94 B,Radial Velocity,2014,2.00839,14.1,196.411,1848.91,6040.0,1.35,1.24,208.696
WASP-69 b,WASP-69,Transit,2014,3.86813881,11.21,82.58,971.0,4792.0,0.801,0.83,49.9605
WASP-84 b,WASP-84,Transit,2014,8.52349648,10.72,220.0,732.0,5280.0,0.768,0.853,100.588
WASP-20 b,WASP-20,Transit,2015,4.89964477,15.46839337,98.841,1362.0,5940.0,1.242,1.2,211.877
HATS-6 b,HATS-6,Transit,2015,3.3252725,11.186582,101.38777,712.8,3724.0,0.57,0.574,169.318
KELT-7 b,KELT-7,Transit,2015,2.73477,17.9344,441.7837,2048.0,6768.0,1.81,1.76,136.681
K2-18 b,K2-18,Transit,2015,32.939623,2.37,8.92,284.0,3457.0,0.411,0.359,38.0266
KELT-8 b,KELT-8,Transit,2015,3.24406,18.15858,209.7678,1675.0,5754.0,1.46,0.81,197.572
K2-22 b,K2-22,Transit,2015,0.381073,2.3,444.962,2100.0,3879.0,0.58,0.595292,243.836
WASP-47 c,WASP-47,Radial Velocity,2015,589.57,,447.0,247.0,5565.0,1.156,1.058,264.78
WASP-47 d,WASP-47,Transit,2015,9.030501,3.65,15.5,885.0,5565.0,1.156,1.058,264.78
WASP-47 e,WASP-47,Transit,2015,0.78961,1.83,9.0,1992.0,5565.0,1.156,1.058,264.78
GJ 1132 b,GJ 1132,Transit,2015,1.62892911,1.19151465,1.83704819,583.8,3229.0,0.2211,0.1945,12.613
WASP-76 b,WASP-76,Transit,2016,1.80988198,20.78145022,284.13859586,2228.0,6329.0,1.756,1.458,194.459
KELT-4 A b,KELT-4 A,Transit,2016,2.9895932,19.044091,286.68266,1823.0,6206.0,1.603,1.201,218.05
TRAPPIST-1 b,TRAPPIST-1,Transit,2016,1.510826,1.116,1.374,397.6,2566.0,0.1192,0.0898,12.42988881
TRAPPIST-1 c,TRAPPIST-1,Transit,2016,2.421937,1.097,1.308,339.7,2566.0,0.1192,0.0898,12.42988881
TRAPPIST-1 d,TRAPPIST-1,Transit,2016,4.049219,0.788,0.388,286.2,2566.0,0.1192,0.0898,12.42988881
K2-34 b,K2-34,Transit,2016,2.9956348,13.75,539.67534,1687.0,6168.0,1.42,1.16,348.646
WASP-121 b,WASP-121,Transit,2016,1.27492504,19.52604438,371.85923619,2409.0,6628.0,1.461,1.33,269.898
HIP 41378 b,HIP 41378,Transit,2016,15.57209,2.64,6.9,959.0,6290.0,1.3,1.22,106.289
HIP 41378 c,HIP 41378,Transit,2016,31.70591,2.74,5.97,757.0,6290.0,1.3,1.22,106.289
HIP 41378 d,HIP 41378,Transit,2016,278.3618,3.65,6.53,367.0,6290.0,1.3,1.22,106.289
HIP 41378 e,HIP 41378,Transit,2016,393.0,5.19,7.62,335.0,6290.0,1.3,1.22,106.289
HIP 41378 f,HIP 41378,Transit,2016,542.0797,9.47,25.0,294.0,6290.0,1.3,1.22,106.289
HD 3167 b,HD 3167,Transit,2016,0.95965451,1.601,4.844,1781.0,5338.0,0.871,0.864,47.2899
HD 3167 c,HD 3167,Transit,2016,29.846511,2.983,11.41,567.0,5338.0,0.871,0.864,47.2899
HAT-P-65 b,HAT-P-65,Transit,2016,2.60544751,18.05766791,176.07693748,1818.0,5872.0,1.666,1.297,738.519
WASP-131 b,WASP-131,Transit,2016,5.3220125,13.74221034,86.76715511,1460.0,5990.0,1.561,1.06,200.075
WASP-139 b,WASP-139,Transit,2016,5.924262,8.9672,37.18611,910.0,5310.0,0.8,0.92,212.472
WASP-127 b,WASP-127,Transit,2016,4.17806203,14.694999,52.346601,1400.0,5620.0,1.333,0.95,159.507
TRAPPIST-1 e,TRAPPIST-1,Transit,2017,6.101013,0.92,0.692,249.7,2566.0,0.1192,0.0898,12.42988881
TRAPPIST-1 f,TRAPPIST-1,Transit,2017,9.20754,1.045,1.039,217.7,2566.0,0.1192,0.0898,12.42988881
TRAPPIST-1 g,TRAPPIST-1,Transit,2017,12.352446,1.129,1.321,197.3,2566.0,0.1192,0.0898,12.42988881
TRAPPIST-1 h,TRAPPIST-1,Transit,2017,18.772866,0.755,0.326,171.7,2566.0,0.1192,0.0898,12.42988881
HD 106315 b,HD 106315,Transit,2017,9.55237,2.44,12.6,1153.0,6327.0,1.296,1.091,109.353
HD 106315 c,HD 106315,Transit,2017,21.05704,4.35,15.2,886.0,6327.0,1.296,1.091,109.353
LHS 1140 b,LHS 1140,Transit,2017,24.73723,1.73,5.6,226.0,3096.0,0.2159,0.1844,14.9861
KELT-11 b,KELT-11,Transit,2017,4.73620865,15.13212395,65.15482343,1712.0,5375.0,2.69,1.44,99.1596
KELT-9 b,KELT-9,Transit,2017,1.4811235,21.70058664,915.34581216,3921.0,9270.0,2.418,2.32,204.455
HD 3167 d,HD 3167,Radial Velocity,2017,8.3967,2.61,7.3,865.0,5338.0,0.871,0.864,47.2899
WASP-107 b,WASP-107,Transit,2017,5.7214875,10.48039695,33.02237149,736.0,4425.0,0.657,0.683,64.7414
GJ 9827 b,GJ 9827,Transit,2017,1.208974,1.44,4.28,1035.01,4236.0,0.58,0.62,29.661
GJ 9827 c,GJ 9827,Transit,2017,3.648103,1.13,1.86,715.94,4236.0,0.58,0.62,29.661
GJ 9827 d,GJ 9827,Transit,2017,6.20183,1.98,3.02,675.0,4236.0,0.58,0.62,29.661
KELT-20 b,KELT-20,Transit,2017,3.4741085,19.514869,1074.90106,2262.0,8720.0,1.565,1.76,136.426
K2-18 c,K2-18,Radial Velocity,2017,8.962,2.65,7.51,363.0,3457.0,0.411,0.359,38.0266
K2-141 b,K2-141,Transit,2018,0.2803244,1.51,4.97,2103.0,4570.0,0.681,0.708,61.8736
HAT-P-11 c,HAT-P-11,Radial Velocity,2018,3361.0,13.2,851.78013076,91.58,4653.0,0.683,0.811,37.7647
NGTS-2 b,NGTS-2,Transit,2018,4.511164,17.878355,235.1942,1468.0,6478.0,1.702,1.64,356.391
WASP-164 b,WASP-164,Transit,2018,1.7771255,12.643752,676.9779,1610.0,5806.0,0.932,0.946,327.506
LHS 1140 c,LHS 1140,Transit,2018,3.77794,1.272,1.91,422.0,3096.0,0.2159,0.1844,14.9861
K2-287 b,K2-287,Transit,2018,14.893291,9.494023,100.11645,804.0,5695.0,1.07,1.056,158.335
LHS 3844 b,LHS 3844,Transit,2019,0.462929709,1.286,2.37,816.0,3080.0,0.189,0.151,14.8846
HD 15337 b,HD 15337,Transit,2019,4.7559804,1.77,6.519,1001.0,5131.0,0.855,0.829,44.8155
HD 15337 c,HD 15337,Transit,2019,17.180546,2.526,6.792,656.1,5131.0,0.855,0.829,44.8155
L 98-59 b,L 98-59,Transit,2019,2.253114,0.837,0.46,620.0,3415.0,0.3155,0.2923,10.6194
L 98-59 c,L 98-59,Transit,2019,3.6906764,1.329,2.0,526.0,3415.0,0.3155,0.2923,10.6194
L 98-59 d,L 98-59,Transit,2019,7.450729,1.627,1.64,416.0,3415.0,0.3155,0.2923,10.6194
V1298 Tau b,V1298 Tau,Transit,2019,24.140006,9.41,13.1,666.0,4970.0,1.32,1.1,108.199
WASP-166 b,WASP-166,Transit,2019,5.44354,7.06167,32.10083,1270.0,6050.0,1.22,1.19,114.173
TOI-270 b,TOI-270,Transit,2019,3.35992,1.28,1.48,600.0,3506.0,0.38,0.386,22.4793
TOI-270 c,TOI-270,Transit,2019,5.66051,2.33,6.2,489.0,3506.0,0.38,0.386,22.4793
TOI-270 d,TOI-270,Transit,2019,11.38194,2.0,4.2,383.0,3506.0,0.38,0.386,22.4793
GJ 357 b,GJ 357,Transit,2019,3.9306,1.2,1.83,518.0,3505.0,0.337,0.342,9.44181
GJ 357 c,GJ 357,Radial Velocity,2019,9.1247,1.66,3.4,401.2,3505.0,0.337,0.342,9.44181
GJ 357 d,GJ 357,Radial Velocity,2019,55.661,2.34,6.1,219.6,3505.0,0.337,0.342,9.44181
LTT 1445 A b,LTT 1445 A,Transit,2019,5.3587635,1.34,2.73,431.0,3562.0,0.271,0.257,6.86929
WASP-178 b,WASP-178,Transit,2019,3.3448285,20.28829,527.5978,2470.0,9360.0,1.67,2.07,427.678
V1298 Tau c,V1298 Tau,Transit,2019,8.249164,5.08,4.7,953.0,4970.0,1.32,1.1,108.199
V1298 Tau d,V1298 Tau,Transit,2019,12.401394,6.53,6.0,831.0,4970.0,1.32,1.1,108.199
V1298 Tau e,V1298 Tau,Transit,2019,48.677714,10.17,15.3,527.0,4970.0,1.32,1.1,108.199
LP 791-18 b,LP 791-18,Transit,2019,0.9479981,1.212,1.94,564.3,2960.0,0.182,0.139,26.4927
LP 791-18 c,LP 791-18,Transit,2019,4.98991,2.488,7.16,324.4,2960.0,0.182,0.139,26.4927
TOI-125 b,TOI-125,Transit,2019,4.65382,2.726,9.5,1037.0,5320.0,0.848,0.859,111.059
TOI-125 c,TOI-125,Transit,2019,9.15059,2.759,6.63,827.8,5320.0,0.848,0.859,111.059
L 168-9 b,L 168-9,Transit,2020,1.40152604,1.63,4.07,998.0,3842.0,0.604,0.614,25.1496
TOI-125 d,TOI-125,Transit,2020,19.98,2.93,13.6,638.1,5320.0,0.848,0.859,111.059
HATS-48 A b,HATS-48 A,Transit,2020,3.1316666,8.9672,77.23269,954.6,4546.0,0.7152,0.7279,263.609
HATS-72 b,HATS-72,Transit,2020,7.3279474,8.0973816,39.855882,739.3,4656.1,0.7214,0.7311,127.589
NGTS-10 b,NGTS-10,Transit,2020,0.7668944,13.89913607,687.14846,1508.0,4567.0,0.7,0.696,324.69865036
TOI-1130 b,TOI-1130,Transit,2020,4.074554,3.66,19.8,825.0,4360.0,0.697,0.745,58.2609
TOI-1130 c,TOI-1130,Transit,2020,8.3501898,13.0,336.0,650.0,4360.0,0.697,0.745,58.2609
TOI-677 b,TOI-677,Transit,2020,11.2365985,13.11450742,392.20025424,1252.0,6295.0,1.28,1.181,141.812
LTT 3780 b,LTT 3780,Transit,2020,0.76837931,1.325,2.46,903.0,3358.0,0.38,0.381,21.9814
LTT 3780 c,LTT 3780,Transit,2020,12.252284,2.39,8.04,359.0,3358.0,0.38,0.381,21.9814
TOI-1338 b,TOI-1338 A,Transit,2020,95.4001,7.661,11.3,254.65,5723.2,1.313,1.0936,399.017
AU Mic b,AU Mic,Transit,2020,8.463446,4.79,8.99,554.8,3540.0,0.862,0.635,9.7221
WASP-148 b,WASP-148,Transit,2020,8.803809,8.47398941,91.21675281,940.0,5555.0,0.912,0.954,246.353
WASP-148 c,WASP-148,Radial Velocity,2020,34.524,13.9,124.58873554,590.0,5555.0,0.912,0.954,246.353
NGTS-11 b,NGTS-11,Transit,2020,35.45533,9.157753,109.33352,435.0,5050.0,0.832,0.862,190.422
TOI-849 b,TOI-849,Transit,2020,0.765548,3.64,41.8,1932.0,5257.0,0.97,0.97,225.734
TOI-700 b,TOI-700,Transit,2020,9.977219,0.914,0.704,417.0,3459.0,0.421,0.415,31.1265
TOI-700 c,TOI-700,Transit,2020,16.051137,2.6,7.27,356.0,3459.0,0.421,0.415,31.1265
TOI-700 d,TOI-700,Transit,2020,37.42396,1.073,1.25,268.8,3459.0,0.421,0.415,31.1265
HIP 67522 b,HIP 67522,Transit,2020,6.9594731,9.9872018,71.4,1175.0,5675.0,1.38,1.22,127.28
TOI-1899 b,TOI-1899,Transit,2020,29.090312,11.09689089,212.94503269,378.0,3926.0,0.607,0.632,128.438
HD 86226 c,HD 86226,Transit,2020,3.98442,2.16,7.25,1311.0,5863.0,1.053,1.019,45.683
WD 1856+534 b,WD 1856+534,Transit,2020,1.4079405,10.4,4386.054,163.0,4710.0,0.0131,0.518,24.7359
LTT 9779 b,LTT 9779,Transit,2020,0.792052,4.72,29.32,1978.0,5443.0,0.949,1.02,80.4373
TOI-824 b,TOI-824,Transit,2020,1.392978,2.926,18.467,1253.0,4600.0,0.695,0.71,63.9262
TOI-421 b,TOI-421,Transit,2020,5.197576,2.64,6.7,922.0,5291.0,0.866,0.833,74.7969
TOI-421 c,TOI-421,Transit,2020,16.067541,5.09,14.1,635.0,5291.0,0.866,0.833,74.7969
GJ 3473 b,GJ 3473,Transit,2020,1.1980035,1.264,1.86,773.0,3347.0,0.364,0.36,27.3644
GJ 3473 c,GJ 3473,Radial Velocity,2020,15.509,2.63,7.41,329.1,3347.0,0.364,0.36,27.3644
WASP-107 c,WASP-107,Radial Velocity,2020,1091.0,13.0,111.23994245,,4425.0,0.657,0.683,64.7414
TOI-776 b,TOI-776,Transit,2020,8.24662,1.798,5.0,520.0,3725.0,0.547,0.542,27.1701
TOI-776 c,TOI-776,Transit,2020,15.665323,2.047,6.9,420.0,3725.0,0.547,0.542,27.1701
TOI-561 b,TOI-561,Transit,2020,0.4465697,1.397,2.02,2319.0,5342.0,0.843,0.806,85.799
TOI-561 c,TOI-561,Transit,2020,10.778838,2.865,5.93,802.0,5342.0,0.843,0.806,85.799
TOI-561 d,TOI-561,Transit,2020,25.71268,2.615,13.33,600.0,5342.0,0.843,0.806,85.799
TOI-561 e,TOI-561,Transit,2020,77.144,2.517,12.4,416.0,5342.0,0.843,0.806,85.799
TOI-451 b,TOI-451,Transit,2020,1.8587033,1.84,4.7,1474.0,5490.0,0.85,0.93,123.739
TOI-451 c,TOI-451,Transit,2020,9.192463,2.93,3.7,865.0,5490.0,0.85,0.93,123.739
TOI-451 d,TOI-451,Transit,2020,16.364962,3.93,10.2,714.0,5490.0,0.85,0.93,123.739
TOI-178 b,TOI-178,Transit,2021,1.9145601,1.2,0.96,1040.0,4316.0,0.662,0.647,62.699
TOI-178 c,TOI-178,Transit,2021,3.238486,1.754,4.64,873.0,4316.0,0.662,0.647,62.699
TOI-178 d,TOI-178,Transit,2021,6.557569,2.695,5.2,690.0,4316.0,0.662,0.647,62.699
TOI-178 e,TOI-178,Transit,2021,9.96318,2.301,3.48,600.0,4316.0,0.662,0.647,62.699
TOI-178 f,TOI-178,Transit,2021,15.23335,2.417,5.63,521.0,4316.0,0.662,0.647,62.699
TOI-178 g,TOI-178,Transit,2021,20.71663,2.939,4.4,470.0,4316.0,0.662,0.647,62.699
GJ 486 b,GJ 486,Radial Velocity,2021,1.46712127,1.289,2.77,696.3,3317.0,0.3243,0.312,8.07426
LHS 1478 b,LHS 1478,Transit,2021,1.9495378,1.242,2.33,595.0,3381.0,0.246,0.236,18.2276
TOI-1231 b,TOI-1231,Transit,2021,24.245586,3.65,15.4,329.6,3553.0,0.476,0.485,27.6227
TOI-674 b,TOI-674,Transit,2021,1.977143,5.25,23.6,635.0,3514.0,0.42,0.42,46.0851
TOI-1685 b,TOI-1685,Transit,2021,0.66913923,1.421,3.07,1000.0,3470.0,0.462,0.466,37.6153
TOI-1807 b,TOI-1807,Transit,2021,0.54937097,1.49681583,2.44,1694.1,4914.0,0.746,0.8048,42.5775
TOI-2076 b,TOI-2076,Transit,2021,10.35504,2.59,6.7,736.0,5187.0,0.758,0.849,41.9091
TOI-2076 c,TOI-2076,Transit,2021,21.01447,3.54,7.2,581.0,5187.0,0.758,0.849,41.9091
TOI-2076 d,TOI-2076,Transit,2021,35.12803,3.27,7.3,490.0,5187.0,0.758,0.849,41.9091
AU Mic c,AU Mic,Transit,2021,18.859023,2.79,14.46,424.7,3540.0,0.862,0.635,9.7221
TOI-431 b,TOI-431,Transit,2021,0.490047,1.28,3.07,1862.0,4850.0,0.731,0.78,32.5686
TOI-431 c,TOI-431,Radial Velocity,2021,4.8494,1.49,2.83,867.0,4850.0,0.731,0.78,32.5686
TOI-431 d,TOI-431,Transit,2021,12.46103,3.29,9.9,633.0,4850.0,0.731,0.78,32.5686
L 98-59 e,L 98-59,Radial Velocity,2021,12.8278,1.49,2.82,347.0,3415.0,0.3155,0.2923,10.6194
HD 63935 b,HD 63935,Transit,2021,9.058807,2.91575244,10.5,825.22,5513.0,0.9598,0.9406,48.9739
HD 63935 c,HD 63935,Radial Velocity,2021,21.4027,3.06451296,11.1,619.59,5513.0,0.9598,0.9406,48.9739
GJ 367 b,GJ 367,Transit,2021,0.3219226,0.736,0.503,1329.0,3535.0,0.457,0.451,9.41263
TOI-2109 b,TOI-2109,Transit,2021,0.67247414,15.098497,1595.49860314,3646.0,6540.0,1.698,1.453,262.041
HATS-75 b,HATS-75,Transit,2021,2.7886556,9.90873894,156.05374784,772.3,3790.4,0.5848,0.6017,194.964
LTT 1445 A c,LTT 1445 A,Transit,2022,3.1239035,1.147,1.54,508.0,3340.0,0.265,0.257,6.86929
TOI-500 b,TOI-500,Transit,2022,0.548177,1.166,1.42,1617.0,4440.0,0.678,0.74,47.3924
TOI-1075 b,TOI-1075,Transit,2022,0.6047328,1.791,9.95,1323.0,3875.0,0.581,0.604,61.4592
TOI-1442 b,TOI-1442,Transit,2022,0.4090677,1.17,1.71,1072.0,3330.0,0.31,0.29,41.1659
TOI-2260 b,TOI-2260,Transit,2022,0.3524728,1.62,3.26,2609.0,5534.0,0.94,0.99,101.251
TOI-2445 b,TOI-2445,Transit,2022,0.3711281,1.25,2.1,1060.0,3333.0,0.27,0.25,48.582
GJ 3929 b,GJ 3929,Transit,2022,2.616235,1.09,1.75,568.0,3384.0,0.32,0.313,15.8095
WASP-189 b,WASP-189,Transit,2020,2.724033,18.14733975,632.47852993,3353.0,8000.0,2.36,2.03,99.731
TOI-1670 b,TOI-1670,Transit,2022,10.98462,2.06,41.31769291,1062.0,6170.0,1.316,1.21,168.067
TOI-1670 c,TOI-1670,Transit,2022,40.74976,11.06326395,200.23189641,684.0,6170.0,1.316,1.21,168.067
TOI-500 c,TOI-500,Radial Velocity,2022,6.6356,2.09,5.03,,4440.0,0.678,0.74,47.3924
TOI-500 d,TOI-500,Radial Velocity,2022,26.233,6.35,33.12,,4440.0,0.678,0.74,47.3924
TOI-500 e,TOI-500,Radial Velocity,2022,61.3,3.99,15.05,,4440.0,0.678,0.74,47.3924
HD 260655 b,HD 260655,Transit,2022,2.76953,1.24,2.14,709.0,3803.0,0.439,0.439,10.0055
HD 260655 c,HD 260655,Transit,2022,5.70588,1.533,3.09,557.0,3803.0,0.439,0.439,10.0055
TOI-3714 b,TOI-3714,Transit,2022,2.154849,11.32107051,222.4798849,750.0,3660.0,0.51,0.53,112.71
GJ 3929 c,GJ 3929,Radial Velocity,2022,15.04,2.26,5.71,317.0,3384.0,0.32,0.313,15.8095
GJ 3090 b,GJ 3090,Transit,2022,2.85310198,2.18,4.52,723.0,3707.0,0.516,0.519,22.4751
TOI-181 b,TOI-181,Transit,2023,4.532,6.9559,46.1687,895.1,4994.0,0.745,0.822,96.2338
TOI-199 b,TOI-199,Transit,2023,104.854,9.07927437,54.03082919,325.0,5255.0,0.82,0.936,102.27
TOI-700 e,TOI-700,Transit,2023,27.80978,0.953,0.818,272.9,3459.0,0.421,0.415,31.1265
TOI-771 b,TOI-771,Transit,2024,2.3260155,1.36,2.47,543.0,3370.0,0.232,0.22,25.2788
TOI-836.01,TOI-836,Transit,2021,8.59545,2.587,9.6,665.0,4552.0,0.665,0.678,27.5024
TOI-836 b,TOI-836,Transit,2023,3.81673,1.704,4.53,871.0,4552.0,0.665,0.678,27.5024
LHS 475 b,LHS 475,Transit,2023,2.029088,0.991,0.941,586.0,3300.0,0.2789,0.262,12.4814
TOI-1136 d,TOI-1136,Transit,2022,12.5199,4.627,8.35,843.0,5770.0,0.968,1.022,84.5362
TOI-1136 c,TOI-1136,Transit,2022,6.2574,2.879,6.32,1062.0,5770.0,0.968,1.022,84.5362
TOI-1136 f,TOI-1136,Transit,2022,26.321,3.73591482,9.7,658.0,5770.0,0.968,1.022,84.5362
TOI-1136 e,TOI-1136,Transit,2022,18.801,2.639,6.07,737.0,5770.0,0.968,1.022,84.5362
TOI-1173 b,TOI-1173,Transit,2024,7.0643971,8.77663189,28.28672822,868.0,5350.0,0.934,0.911,132.353
TOI-1416 b,TOI-1416,Transit,2023,1.0697568,1.62,3.48,1517.0,4884.0,0.793,0.798,55.0135
TOI-1420 b,TOI-1420,Transit,2023,6.9561063,11.89,25.1,957.0,5510.0,0.923,0.987,201.918
TOI-1468 c,TOI-1468,Transit,2022,15.532477,2.126,4.1,338.1,3376.0,0.3714,0.3527,24.7399
TOI-1468 b,TOI-1468,Transit,2022,1.8805201,1.401,3.04,683.5,3376.0,0.3714,0.3527,24.7399
HIP 9618 b,HIP 9618,Transit,2023,20.772858,3.82838127,8.3,640.88,5649.0,0.9593,0.942,67.5478
HIP 9618 c,HIP 9618,Transit,2023,52.56363,3.42855926,7.0,470.31,5649.0,0.9593,0.942,67.5478
TOI-1801 b,TOI-1801,Transit,2023,10.64387,2.079,5.738,493.7,3863.0,0.547,0.556,30.6796
TOI-1823 b,TOI-1823,Transit,2024,38.8,7.5406241,67.4,423.63,4927.0,0.8049,0.8414,71.6456
TOI-2031 A b,TOI-2031 A,Transit,2025,5.71548654,14.20177855,254.2627256,1358.0,6490.0,1.241,1.174,276.105
TOI-2134 b,TOI-2134,Transit,2023,9.229198,2.735,9.37,660.0,4580.0,0.709,0.744,22.6202
TOI-2134 c,TOI-2134,Transit,2023,95.85284,7.35,58.3,302.0,4580.0,0.709,0.744,22.6202
TOI-2374 b,TOI-2374,Transit,2024,4.3136193,7.48759911,61.65871096,926.0,5002.0,0.711,0.802,134.655
TOI-2431 b,TOI-2431,Transit,2026,0.22419578,1.534,6.2,2063.0,4109.0,0.651,0.661,36.0559
TOI-3235 b,TOI-3235,Transit,2023,2.59261842,11.39953337,211.35589065,604.0,3388.8,0.3697,0.3939,72.811
TOI-3757 b,TOI-3757,Transit,2022,3.438753,12.0,85.3,759.0,3913.0,0.62,0.64,181.139
TOI-3884 b,TOI-3884,Transit,2022,4.5445828,6.43,32.59,441.0,3180.0,0.302,0.298,43.1448
TOI-3984 A b,TOI-3984 A,Transit,2023,4.353326,7.9,44.0,563.0,3476.0,0.47,0.49,108.883
TOI-4010 c,TOI-4010,Transit,2023,5.414654,5.93,20.31,907.0,4960.0,0.83,0.88,177.504
TOI-4010 d,TOI-4010,Transit,2023,14.70886,6.18,38.15,650.0,4960.0,0.83,0.88,177.504
TOI-4010 b,TOI-4010,Transit,2023,1.348335,3.02,11.0,1441.0,4960.0,0.83,0.88,177.504
LP 890-9 b,LP 890-9,Transit,2022,2.7299025,1.32,13.2,396.0,2850.0,0.1556,0.118,32.4298
TOI-4336 A b,TOI-4336 A,Transit,2024,16.336351,2.137,3.33,309.4,3307.0,0.326,0.306,22.5455
HD 20329 b,HD 20329,Transit,2022,0.926118,1.72,7.42,2141.0,5596.0,1.13,0.9,63.6796
Kepler-167 e,Kepler-167,Transit,2016,1071.23205,10.16,321.00669107,134.4,4884.0,0.749,0.777,341.908
TOI-5205 b,TOI-5205,Transit,2023,1.630757,11.6,343.0,737.0,3430.0,0.394,0.392,86.4493
Kepler-167 c,Kepler-167,Transit,2014,7.406106,1.674,3.44,771.0,4884.0,0.749,0.777,341.908
TOI-5293 A b,TOI-5293 A,Transit,2023,2.930289,11.9,170.4,675.0,3586.0,0.52,0.54,162.229
KOI-94 d,KOI-94,Transit,2013,22.342989,11.27,106.0,806.0,6182.0,1.52,1.277,477.052
LP 890-9 c,LP 890-9,Transit,2022,8.457463,1.367,25.3,272.0,2850.0,0.1556,0.118,32.4298
HD 3167 e,HD 3167,Radial Velocity,2022,91.9,3.97,14.9,389.0,5338.0,0.871,0.864,47.2899
TOI-1136 b,TOI-1136,Transit,2022,4.1727,1.9,3.5,1216.0,5770.0,0.968,1.022,84.5362
TOI-1136 g,TOI-1136,Transit,2022,39.545,2.53,5.6,574.0,5770.0,0.968,1.022,84.5362
TOI-1338 c,TOI-1338 A,Radial Velocity,2023,215.79,10.3,75.4,354.89,5723.2,1.313,1.0936,399.017
WASP-84 c,WASP-84,Transit,2023,1.4468849,1.95,15.2,1329.0,5280.0,0.768,0.853,100.588
TOI-6109 c,TOI-6109,Transit,2025,8.538878,4.8326,20.8,786.0,5660.0,1.021,1.03,151.738
TOI-6255 b,TOI-6255,Transit,2024,0.23818244,1.079,1.44,1256.46,3421.0,0.37,0.353,20.3167
WASP-193 b,WASP-193,Transit,2023,6.2463475,14.78464554,35.59678158,1250.0,6080.0,1.213,1.018,362.087
LP 791-18 d,LP 791-18,Transit,2023,2.75485,1.032,0.91,395.5,2960.0,0.182,0.139,26.4927
TOI-6324 b,TOI-6324,Transit,2025,0.279221,1.059,1.17,1216.0,3247.0,0.293,0.269,20.5488
HD 207496 b,HD 207496,Transit,2023,6.441008,2.25,6.1,743.0,4819.0,0.769,0.8,23.606
TOI-4010 e,TOI-4010,Radial Velocity,2023,762.0,13.3,692.0,174.0,4960.0,0.83,0.88,177.504
GJ 367 c,GJ 367,Radial Velocity,2023,11.5301,1.86,4.13,,3522.0,0.458,0.455,9.41263
GJ 367 d,GJ 367,Radial Velocity,2023,34.369,2.33,6.03,,3522.0,0.458,0.455,9.41263
TOI-6109 b,TOI-6109,Transit,2025,5.690476,4.8704,21.1,700.0,5660.0,1.021,1.03,151.738
TOI-199 c,TOI-199,Transit Timing Variations,2023,273.69,11.4,88.99195396,255.43,5255.0,0.82,0.936,102.27
AU Mic e,AU Mic,Radial Velocity,2025,33.11,4.87,21.1,,3665.0,0.82,0.6,9.7221
AU Mic d,AU Mic,Transit Timing Variations,2023,12.73596,1.02,1.053,,3678.0,0.744,0.51,9.7221
GJ 806 b,GJ 806,Transit,2023,0.9263237,1.331,1.9,940.0,3600.0,0.4144,0.413,12.0445
GJ 806 c,GJ 806,Radial Velocity,2023,6.64064,2.28,5.8,490.0,3600.0,0.4144,0.413,12.0445
HD 110067 b,HD 110067,Transit,2023,9.113678,2.2,5.69,800.0,5266.0,0.788,0.798,32.1585
HD 110067 c,HD 110067,Transit,2023,13.673694,2.388,6.3,699.0,5266.0,0.788,0.798,32.1585
HD 110067 d,HD 110067,Transit,2023,20.519617,2.852,8.52,602.0,5266.0,0.788,0.798,32.1585
HD 110067 e,HD 110067,Transit,2023,30.793091,1.94,3.9,533.0,5266.0,0.788,0.798,32.1585
HD 110067 f,HD 110067,Transit,2023,41.05854,2.601,5.04,489.0,5266.0,0.788,0.798,32.1585
HD 110067 g,HD 110067,Transit,2023,54.76992,2.607,8.4,440.0,5266.0,0.788,0.798,32.1585
GJ 341 b,GJ 341,Transit,2025,7.57686,0.88,4.0,629.0,3770.0,0.5066,0.48,10.454
TOI-6894 b,TOI-6894,Transit,2025,3.37077196,9.5836785,53.39517238,417.9,3007.0,0.2276,0.207,73.8131
IRAS 04125+2902 b,IRAS 04125+2902,Transit,2024,8.834978,10.73820351,80.8,854.0,4080.0,1.45,0.7,159.244
HIP 67522 c,HIP 67522,Transit,2024,14.334892,7.93595834,48.3,917.0,5675.0,1.38,1.22,127.28
Kepler-51 e,Kepler-51,Transit Timing Variations,2024,264.284,2.18,5.4,,5674.0,0.87,0.96,783.831
BD+05 4868 A b,BD+05 4868 A,Transit,2025,1.271869,,6.2,1820.0,4596.0,0.69,0.7,43.5687
TOI-771 c,TOI-771,Radial Velocity,2025,7.61,1.5,2.87,365.0,3370.0,0.232,0.22,25.2788
TOI-2076 e,TOI-2076,Transit,2025,3.0223753,1.301,4.7,1110.0,5187.0,0.758,0.849,41.9091
L 98-59 f,L 98-59,Radial Velocity,2025,23.064,1.48,2.8,285.0,3415.0,0.3155,0.2923,10.6194
HIP 41378 g,HIP 41378,Radial Velocity,2025,63.19,2.5,6.81,605.0,6290.0,1.3,1.22,106.289
55 Cnc B b,55 Cnc B,Radial Velocity,2025,6.7994,1.69,3.5,395.41,3286.0,0.274,0.26,12.4773
55 Cnc B c,55 Cnc B,Radial Velocity,2025,33.747,2.16,5.3,230.04,3286.0,0.274,0.26,12.4773
GJ 3090 c,GJ 3090,Radial Velocity,2026,15.9407,3.14,10.0,407.2,3707.0,0.516,0.519,22.4751
TOI-4336 A c,TOI-4336 A,Transit,2026,7.587266,1.251,1.55,399.5,3307.0,0.326,0.306,22.5455
TOI-260 b,TOI-260,Transit,2024,13.475853,1.71,4.23,493.0,4026.0,0.607,0.616,20.1852
HD 278555 b,HD 278555,Transit,2026,28.842438,11.02963701,266.97586188,853.0,6047.0,1.624,1.255,289.829
Kepler-12 b,Kepler-12,Transit,2011,4.4379629,19.660586,137.30256,1480.0,5947.0,1.483,1.166,881.386
KOI-94 b,KOI-94,Transit,2013,3.743208,1.71,10.5,1486.0,6182.0,1.52,1.277,477.052
Kepler-167 d,Kepler-167,Transit,2016,21.80379,1.238,2.06,538.0,4884.0,0.749,0.777,341.908
Kepler-51 d,Kepler-51,Transit,2014,130.194,9.7,7.6,381.0,6018.0,0.94,1.04,783.831
Kepler-51 c,Kepler-51,Transit,2012,85.312,9.0,4.0,439.0,6018.0,0.94,1.04,783.831
Kepler-51 b,Kepler-51,Transit,2012,45.154,7.1,2.1,543.0,6018.0,0.94,1.04,783.831
Kepler-167 b,Kepler-167,Transit,2014,4.3931539,1.718,3.6,918.0,4884.0,0.749,0.777,341.908
KOI-94 c,KOI-94,Transit,2013,10.423648,4.32,15.6,1012.0,6182.0,1.52,1.277,477.052
KOI-94 e,KOI-94,Transit,2013,54.32031,6.56,35.0,584.0,6182.0,1.52,1.277,477.052
PH2 b,PH2,Transit,2013,282.52542,9.33708092,87.08498352,295.1,5734.0,0.949,0.966,343.863
K2-33 b,K2-33,Transit,2016,5.424865,5.04,1175.971,850.0,3540.0,1.05,0.56,139.268
HAT-P-11 b,HAT-P-11,Transit,2010,4.888,4.36,25.0,838.0,4653.0,0.683,0.811,37.7647
K2-136 b,K2-136,Transit,2017,7.97525,1.014,4.3,610.0,4500.0,0.677,0.742,59.2474
HAT-P-52 b,HAT-P-52,Transit,2015,2.7535953,11.309881,259.98494,1218.0,5131.0,0.893,0.887,361.155
TOI-4747 b,TOI-4747,Transit,2026,5.21924158592,3.95803201,14.8,1035.0,5595.08,0.988751,1.01,304.615
Kepler-891 b,Kepler-891,Transit,2016,53.44945593,6.41,33.6,486.0,5887.0,1.07,1.06,2340.58
Kepler-1159 b,Kepler-1159,Transit,2016,22.70816791,2.37,6.21,677.0,6217.0,1.28,1.19,1213.71
HATS-18 b,HATS-18,Transit,2016,0.83784,14.896761,629.144485,2069.48,5600.0,1.02,1.037,624.368
GJ 676 A e,GJ 676 A,Radial Velocity,2012,35.47358,2.47,6.67439655,351.55,3734.0,0.69,0.626,16.0272
Kepler-48 c,Kepler-48,Transit,2012,9.67395,2.71,14.61,736.0,5194.0,0.89,0.88,306.738
Kepler-889 b,Kepler-889,Transit,2016,3.744439,1.09,1.32,1328.0,5961.0,1.25,1.14,598.313
HR 2562 b,HR 2562,Imaging,2016,,12.44199,6992.224954,1255.0,6597.0,1.334,1.3,34.0071
Kepler-1804 b,Kepler-1804,Transit,2021,12.28849983,1.59615726,3.18,913.0,5109.0,1.671,0.929,434.456
Kepler-1188 b,Kepler-1188,Transit,2016,17.1369543,2.08,4.98,775.0,5913.0,1.06,1.04,1717.48
HD 21411 b,HD 21411,Radial Velocity,2019,84.288,9.52,65.9,408.17,5605.0,0.825605,0.89,29.1328
Kepler-1281 b,Kepler-1281,Transit,2016,3.11602791,1.64,3.33,1123.0,5353.0,0.83,0.87,1090.0
Kepler-128 b,Kepler-128,Transit,2013,15.0,1.421,3.79,968.0,6072.0,1.659,1.184,396.379
Kepler-1693 b,Kepler-1693,Transit,2020,12.0999,1.28938413,2.21,807.0,5432.34,0.878295,0.95,760.065
Kepler-104 b,Kepler-104,Transit,2014,11.427548,3.1,19.6,852.0,5711.0,1.349,0.818,400.785
Kepler-1849 b,Kepler-1849,Transit,2021,57.29290009,2.38685349,6.29,355.0,4806.0,0.729,0.709,631.884
Kepler-1036 b,Kepler-1036,Transit,2016,122.8808058,3.01,9.32,326.0,5533.0,0.89,0.95,489.435
Kepler-419 c,Kepler-419,Transit Timing Variations,2014,675.47,12.6,2320.1,315.55,6430.0,1.74,1.39,1011.36
2MASS J22362452+4751425 b,2MASS J22362452+4751425,Imaging,2016,,12.3,3972.875,10.3,4045.0,0.641152,0.6,69.5737
Kepler-1191 b,Kepler-1191,Transit,2016,5.60014851,1.51,2.89,952.0,5308.0,0.81,0.85,955.536
Kepler-511 c,Kepler-511,Transit,2021,26.62949944,4.20964327,16.5,742.0,5866.0,1.417,0.958,651.999
XO-5 b,XO-5,Transit,2008,4.1877558,12.78,378.2,1230.0,5430.0,1.13,1.04,276.211
Kepler-1825 b,Kepler-1825,Transit,2021,1.025869966,1.42200732,2.61,1520.0,5123.0,0.847,0.828,430.254
Kepler-1074 b,Kepler-1074,Transit,2016,5.94566534,1.25,2.1,568.0,4002.0,0.57,0.6,250.817
pi Men c,HD 39091,Transit,2018,6.2678399,2.0189,3.63,1169.8,5998.0,1.17,1.07,18.2702
TIC 183374187 b,TIC 183374187,Transit,2026,5.05907,14.03364384,177.98390792,1379.0,5768.0,1.344,0.853,1208.75
GJ 1061 d,GJ 1061,Radial Velocity,2020,13.066,1.16,1.67,242.03,2953.0,0.156,0.12,3.67278
Kepler-1987 d,Kepler-1987,Transit,2023,5.644914154,2.66,7.56,744.0,4769.0,0.714,0.799,595.683
Kepler-245 b,Kepler-245,Transit,2014,7.49019,2.57,146.78,753.0,5100.0,0.795,0.856,861.527
Kepler-131 c,Kepler-131,Transit,2014,25.5169,0.84,8.25,615.0,5685.0,1.03,1.02,228.678
Kepler-144 c,Kepler-144,Transit,2014,10.104665,1.35,2.39,1046.0,6075.0,1.235,1.154,384.917
HD 93385 c,HD 93385,Radial Velocity,2021,13.18,2.56,7.1,937.43,5977.0,1.18484,1.04,43.3475
Kepler-431 c,Kepler-431,Transit,2015,8.703,0.668,0.229,951.0,6004.0,1.092,1.071,486.546
HD 106270 b,HD 106270,Radial Velocity,2011,1888.0,12.4,3623.2438398,237.07,5509.0,2.66,1.39,93.808
TOI-5720 b,TOI-5720,Transit,2024,1.4344555,1.09,4.3,708.0,3325.0,0.383,0.383,35.8256
Kepler-203 d,Kepler-203,Transit,2014,11.32972,1.44,33.9,855.0,5821.0,1.114,1.06,703.302
Kepler-230 c,Kepler-230,Transit,2014,91.773242,2.04,4.82,359.0,5588.0,0.817,0.784,740.754
Kepler-1091 b,Kepler-1091,Transit,2016,1.434741564,1.46,2.73,1664.0,5851.0,1.03,1.01,914.299
Kepler-1129 b,Kepler-1129,Transit,2016,24.3397804,2.96,9.06,737.0,5831.0,1.0,1.0,1183.88
Kepler-472 b,Kepler-472,Transit,2016,4.176255514,3.22,10.5,876.0,4996.0,0.78,0.85,306.602
Kepler-1275 b,Kepler-1275,Transit,2016,3.65691115,1.48,2.79,1368.0,6296.0,1.36,1.23,1153.98
Kepler-1690 b,Kepler-1690,Transit,2020,234.636,2.81109223,8.3,267.0,5404.0,0.862346,0.94,703.789
HD 75898 c,HD 75898,Radial Velocity,2024,6717.0,12.6,2698.36317543,135.2,6122.0,1.55,1.295,78.0505
K2-386 b,K2-386,Transit,2022,7.473223,2.32,5.99,,5749.0,0.97,0.911,428.785
TOI-7510 c,TOI-7510,Transit,2025,22.5687423,10.81,131.0,702.0,5720.0,1.035,1.063,249.006
Kepler-718 b,Kepler-718,Transit,2016,2.052349905,16.56,,1497.0,6191.0,1.3,1.18,1302.33
Kepler-1342 b,Kepler-1342,Transit,2016,2.215710358,1.66,3.39,1283.0,5527.0,0.9,0.93,890.724
WASP-174 b,WASP-174,Transit,2018,4.2337005,16.10730527,104.88337431,1528.0,6399.0,1.347,1.24,410.149
Kepler-1713 b,Kepler-1713,Transit,2021,18.01160049,1.71673535,3.59,900.0,6477.0,1.459,1.3,295.293
Kepler-1121 b,Kepler-1121,Transit,2016,13.15141081,1.91,4.31,1008.0,6231.0,1.59,1.29,482.047
Kepler-197 c,Kepler-197,Transit,2014,10.349695,1.23,5.3,930.0,6004.0,1.12,0.857,330.575
TOI-1294 b,TOI-1294,Transit,2024,3.915292,10.12369881,63.9,1392.74,5718.0,1.5566,1.1578,332.648
Kepler-1195 b,Kepler-1195,Transit,2016,8.49642241,2.08,4.98,702.0,4965.0,0.71,0.74,918.566
GJ 328 b,GJ 328,Radial Velocity,2013,3771.0,13.3,797.74930157,73.57,3897.0,0.63,0.65,20.5266
EPIC 212737443 c,EPIC 212737443,Transit,2019,65.55,2.69,7.7,316.0,4684.0,0.673,0.69,336.25
Kepler-1783 b,Kepler-1783,Transit,2021,8.277440071,1.31946731,2.3,1088.0,5129.0,1.781,0.887,264.078
HD 50499 c,HD 50499,Radial Velocity,2019,8619.9,13.2,931.2419,116.69,6099.0,1.42,1.31,46.2845
Kepler-874 b,Kepler-874,Transit,2016,40.0686727,3.94,14.7,560.0,6020.0,1.13,1.09,1082.16
Kepler-235 b,Kepler-235,Transit,2014,3.340222,2.23,5.6,731.0,4255.0,0.554,0.581,428.018
HD 98219 b,HD 98219,Radial Velocity,2011,433.8,13.4,624.21812,453.77,4925.0,4.6,1.41,113.704
Kepler-625 b,Kepler-625,Transit,2016,7.75192492,1.99,4.62,852.0,5789.0,0.96,1.04,760.708
Kepler-1178 b,Kepler-1178,Transit,2016,31.80634,1.07,1.24,378.0,4990.0,0.75,0.8,482.287
K2-407 b,K2-407,Transit,2022,4.941907,1.283,2.19,,5563.0,0.927,0.881,218.376
KOI-351 b,KOI-351,Transit,2013,7.008151,1.31,2.27,1062.0,6080.0,1.2,1.2,848.254
WASP-151 b,WASP-151,Transit,2017,4.5334775,13.30506009,100.43377661,1312.0,5871.0,1.181,1.081,453.099
K2-289 b,K2-289,Transit,2019,13.156969,9.1,61.0,753.0,5529.0,1.025,0.953,274.3
GJ 1002 b,GJ 1002,Radial Velocity,2022,10.3465,1.03,1.08,230.9,3024.0,0.137,0.12,4.84867
Kepler-1143 c,Kepler-1143,Transit,2016,210.630591,3.6,12.6,234.0,5053.0,0.77,0.81,555.189
TOI-2587 A b,TOI-2587 A,Transit,2023,5.45664,12.07207221,69.28659273,1445.0,5760.0,1.726,1.15,373.675
Kepler-1154 b,Kepler-1154,Transit,2016,5.1856142,2.34,6.08,1314.0,6327.0,1.43,1.26,1460.1
Kepler-60 b,Kepler-60,Transit,2012,7.1334,1.71,4.19,1102.0,5905.0,1.257,1.041,1025.1
Kepler-85 c,Kepler-85,Transit,2012,12.51,1.978,2.15,706.0,5505.2,0.875,0.928,765.025
TOI-2081 b,TOI-2081,Transit,2022,10.50534,2.04,4.82,488.0,3800.0,0.534,0.54,62.3446
Kepler-1780 b,Kepler-1780,Transit,2021,109.4449997,3.60600667,12.7,340.0,5403.0,0.868,0.868,790.516
Kepler-1818 b,Kepler-1818,Transit,2021,4.644909859,1.71360684,3.58,1209.0,6047.0,1.129,1.021,1034.59
TOI-871 b,TOI-871,Transit,2024,14.362565,1.664,3.41,621.0,4929.0,0.719,0.758,68.0473
GJ 251 c,GJ 251,Radial Velocity,2025,53.647,1.8,3.88,216.0,3342.0,0.36,0.35,5.58057
Kepler-1518 c,Kepler-1518,Transit,2023,9.6310258,2.9,8.75,1094.0,6432.0,1.345,1.06,903.51
Kepler-1718 b,Kepler-1718,Transit,2021,135.1880035,2.5685207,7.12,345.0,5731.0,0.906,0.846,375.522
TOI-4914 b,TOI-4914,Transit,2024,10.60057,12.87,227.0,894.0,5805.0,1.0,1.03,299.89
USco1556 b,USco1556 A,Imaging,2019,,12.3,4767.45,2240.0,3410.0,0.668108,0.33,140.635
Kepler-109 c,Kepler-109,Transit,2014,21.22265,2.65,8.2,859.0,5950.0,1.387,1.094,474.861
Kepler-101 c,Kepler-101,Transit,2014,6.02976,1.25,3.78,1413.0,5667.0,1.56,1.17,927.981
Kepler-1200 b,Kepler-1200,Transit,2016,1.118549717,1.06,1.2,1174.0,4612.0,0.7,0.74,588.715
NY Vir b,NY Vir,Eclipse Timing Variations,2011,3160.0,13.3,730.978,338.12,32780.0,0.151,0.459,544.024
TOI-4137 b,TOI-4137,Transit,2022,3.8016122,13.57407563,457.67290608,1570.0,6202.0,1.438,1.313,334.993
Kepler-1630 b,Kepler-1630,Transit,2016,509.997402,2.19,5.43,182.0,4736.0,0.63,0.66,331.213
Kepler-475 b,Kepler-475,Transit,2016,3.105508189,2.49,6.76,980.0,5009.0,0.79,0.86,280.069
Kepler-1978 b,Kepler-1978,Transit,2023,10.84969477,2.67,7.61,676.0,5251.0,0.778,0.869,865.512
Kepler-1836 b,Kepler-1836,Transit,2021,5.254169941,2.55303229,7.05,1093.0,6123.0,0.987,1.053,1472.62
Kepler-887 c,Kepler-887,Transit,2016,7.63846023,1.13,1.51,1089.0,6194.0,1.29,1.19,886.588
Kepler-350 c,Kepler-350,Transit,2013,17.849,3.1,6.1,888.0,6492.3,1.25,1.0,956.859
Kepler-816 b,Kepler-816,Transit,2016,10.506825646,10.24,74.5,668.0,5286.0,0.85,0.9,983.697
HD 51608 b,HD 51608,Radial Velocity,2019,14.0726,3.62,12.77,759.92,5358.0,0.916136,0.8,35.0553
HD 125390 b,HD 125390,Radial Velocity,2019,1757.39151,11.9,8646.20398403,320.26,4882.0,6.47,1.82,153.647
Kepler-1947 b,Kepler-1947,Transit,2021,6.963630199,1.0101666,1.01,1298.0,6040.0,1.686,0.984,468.771
Kepler-81 d,Kepler-81,Transit,2014,20.837846,1.21,1.92,418.0,4500.0,0.595,0.648,348.291
Kepler-1827 b,Kepler-1827,Transit,2021,3.700619936,1.85644292,4.1,1329.0,5423.0,1.404,0.915,686.461
TOI-1768.01,TOI-1768,Transit,2024,7.337703649,3.453,11.8,1566.0,5994.0,1.1,1.1,157.597
HIP 10090 c,HIP 10090,Radial Velocity,2026,321.82,13.9,270.15414595,338.35,5661.0,1.38268,0.94,82.3937
Kepler-855 b,Kepler-855,Transit,2016,7.886631104,8.35,52.7,996.0,5835.0,1.03,1.03,1506.58
TOI-205 b,TOI-205,Transit,2026,4.25300773815,2.50121142,6.81,1799.55,6302.74,1.45382,1.2,177.759
Kepler-1886 b,Kepler-1886,Transit,2021,24.2758007,2.58158428,7.18,580.0,5745.0,0.837,0.928,1059.51
Kepler-279 c,Kepler-279,Transit,2013,35.736,4.3,49.4,774.0,6689.45,1.07,1.1,1037.4
K2-401 b,K2-401,Transit,2022,6.293099,2.262,5.74,,4213.0,0.675,0.87,200.727
TOI-3807 b,TOI-3807,Transit,2023,2.8989727,18.49481816,330.54154328,1646.0,5772.0,1.468,1.181,421.745
Kepler-931 b,Kepler-931,Transit,2016,8.03755877,1.33,2.33,744.0,5241.0,0.81,0.86,490.0
TOI-286 b,TOI-286,Transit,2024,4.5117244,1.42,4.53,979.0,5152.0,0.78,0.832,59.2293
Kepler-106 e,Kepler-106,Transit,2014,43.8445,2.56,11.17,531.0,5858.0,1.04,1.0,444.322
GSC 06214-00210 b,GSC 06214-00210,Imaging,2010,,20.1762,5000.0,2300.0,4200.0,0.90484,0.9,108.5
HD 89839 b,HD 89839,Radial Velocity,2023,3391.2,12.8,1748.0562385,159.03,6314.0,1.28588,1.21,57.3063
Kepler-520 b,Kepler-520,Transit,2016,19.67416124,1.66,3.39,711.0,6112.0,1.09,1.1,623.901
Kepler-19 b,Kepler-19,Transit,2011,9.28699,2.209,6.1,851.0,5541.0,0.859,0.936,218.562
Kepler-1102 b,Kepler-1102,Transit,2016,51.3285623,2.66,7.56,546.0,5724.0,0.94,0.96,1246.05
Kepler-371 c,Kepler-371,Transit,2014,67.968015,1.78,3.82,443.0,5666.0,0.992,0.876,813.192
K2-338 b,K2-338,Transit,2021,3.850614,1.03,1.08,783.0,4558.0,0.63,0.66,156.951
KELT-16 b,KELT-16,Transit,2017,0.9689951,15.860735,874.0325,2453.0,6236.0,1.36,1.211,444.586
Kepler-1681 b,Kepler-1681,Transit,2020,69.8956,2.55321772,7.05,442.0,5756.4,0.759,0.893,758.3
TOI-544 c,TOI-544,Radial Velocity,2023,50.089,4.92,21.5,,4169.0,0.623,0.631,41.1166
Kepler-251 d,Kepler-251,Transit,2014,30.133001,2.77,8.1,536.0,5526.0,0.89,0.891,924.625
HD 180902 b,HD 180902,Radial Velocity,2009,510.9,13.5,535.54355,412.37,4961.0,4.16,1.41,104.577
TOI-5624 e,TOI-5624,Transit,2026,21.489936,3.247,8.9,613.8,5327.0,0.82,0.858,101.913
KOINTREAU-1 b,XEST 17-036,Imaging,2026,,12.4,3368.9811142,,3551.0,,0.26,158.618
K2-414 c,K2-414,Transit,2022,6.669,1.9287,4.38,762.62,4343.0,0.732,0.814,260.036
Kepler-1154 c,Kepler-1154,Transit,2016,8.45808312,2.36,6.17,1117.0,6327.0,1.43,1.26,1460.1
Kepler-863 b,Kepler-863,Transit,2016,15.59461874,2.9,8.75,718.0,5678.0,0.95,0.96,1499.66
Kepler-278 c,Kepler-278,Transit,2014,51.111,3.268,34.9,492.0,4965.0,2.861,1.227,443.03
GJ 180 d,GJ 180,Radial Velocity,2020,106.3,2.66,7.56,187.94,3371.0,0.413049,0.43,11.9407
K2-86 b,K2-86,Transit,2016,8.77683,1.96,4.5,830.49,5482.0,0.76,0.79,258.699
HD 196050 b,HD 196050,Radial Velocity,2002,1392.0,12.9,1493.7935129,207.52,5879.0,1.42,1.27,50.6742
Kepler-564 b,Kepler-564,Transit,2016,3.750832285,4.63,19.4,1129.0,5626.0,0.92,0.95,863.037
Kepler-878 b,Kepler-878,Transit,2016,25.9422033,1.93,4.38,501.0,5044.0,0.77,0.81,791.625
HD 120084 b,HD 120084,Radial Velocity,2013,2142.0,12.7,2034.1018048,369.24,4879.0,10.37,2.16,103.044
TOI-2384 b,TOI-2384,Transit,2024,2.13570304,11.48920522,624.85064816,889.7,3943.0,0.6113,0.635,191.51
Kepler-82 d,Kepler-82,Transit,2014,2.382961,1.77,885.098,1253.0,5428.0,0.945,0.946,904.326
Kepler-338 b,Kepler-338,Transit,2014,13.726976,2.44,30.6,1005.0,5923.0,1.735,1.105,552.798
KOI-884 e,Kepler-247,Transit Timing Variations,2014,31.101659,9.54,66.05405,,5060.0,0.788,0.887,663.711
K2-87 b,K2-87,Transit,2016,9.726618,7.6,44.9,979.0,5747.0,1.401,1.164,491.242
Kepler-983 b,Kepler-983,Transit,2016,60.0855082,2.36,6.17,485.0,6052.0,1.08,1.13,714.437
Kepler-1948 b,Kepler-1948,Transit,2021,15.57129955,1.03283226,1.09,399.0,3872.0,0.557,0.585,193.903
Kepler-444 c,Kepler-444,Transit,2015,4.5458841,0.497,0.0793,868.0,5046.0,0.752,0.758,36.4396
Kepler-1173 b,Kepler-1173,Transit,2016,0.7698536,0.89,0.64,1650.0,5252.0,0.82,0.86,377.06
HD 219077 b,HD 219077,Radial Velocity,2012,5478.68861,12.5,3057.50927534,146.68,5362.0,1.91,0.92,29.1864
Kepler-458 c,KIC 9663113,Transit,2016,20.74028413,4.2,16.4,798.0,6117.21,2.21562,1.15,1594.74
Kepler-1608 b,Kepler-1608,Transit,2016,16.4735686,1.73,3.64,612.0,4992.0,0.72,0.75,832.0
TOI-2093 b,TOI-2093,Radial Velocity,2025,12.836,3.25,10.6,535.0,4426.0,0.729,0.745,82.7982
EPIC 212499991 b,EPIC 212499991,Transit,2019,34.885,1.6,3.19,,4982.79,0.757541,0.912,283.29
Kepler-759 b,Kepler-759,Transit,2016,41.805985,2.27,5.77,533.0,5860.0,1.04,1.04,1073.48
Kepler-563 b,Kepler-563,Transit,2016,22.18432708,3.09,9.75,546.0,5066.0,0.77,0.8,565.207
Kepler-296 f,Kepler-296,Transit,2014,63.33627,1.8,3.89,274.0,3740.0,0.48,0.498,167.0
Kepler-534 b,Kepler-534,Transit,2016,15.95994513,2.24,5.65,721.0,5884.0,0.98,1.05,570.659
TOI-512 b,TOI-512,Transit,2025,7.18886,1.54,3.57,1009.0,5277.0,0.89,0.74,67.3975
HD 75784 b,HD 75784,Radial Velocity,2014,341.2,13.8,317.83,425.98,4867.0,3.4,1.26,85.4321
Kepler-172 c,Kepler-172,Transit,2014,6.388996,2.86,8.55,970.0,5526.0,1.085,1.081,828.592
Kepler-1340 b,Kepler-1340,Transit,2016,0.665026916,1.55,3.02,2174.0,6331.0,1.42,1.27,981.779
Kepler-1115 b,Kepler-1115,Transit,2016,23.5540725,1.7,3.53,1381.0,8480.0,1.73,1.6,983.245
KIC 5437945 b,KIC 5437945,Transit,2015,440.7813,6.4,33.6,308.0,6340.0,1.24,1.07,1274.01
Kepler-1859 c,Kepler-1859,Transit,2023,3.59645081,1.66,3.39,1327.0,5887.0,1.235,1.09,1331.25
Kepler-1201 b,Kepler-1201,Transit,2016,15.18725932,2.29,5.86,789.0,6177.0,1.24,1.15,944.241
Kepler-232 c,Kepler-232,Transit,2014,11.379349,3.83,14.0,806.0,5847.0,0.968,0.97,1349.13
tau Cet g,tau Cet,Radial Velocity,2017,20.0,1.18,1.75,639.65,5310.0,0.83,0.783,3.60304
Kepler-151 b,Kepler-151,Transit,2014,15.228958,3.06,9.59,639.0,5460.0,0.83,0.87,649.919
TOI-201 b,TOI-201,Transit,2021,52.9786,11.4,164.0,759.0,6423.0,1.31,1.32,113.825
Kepler-207 d,Kepler-207,Transit,2014,5.868075,3.31,11.0,1254.0,5920.0,1.588,1.313,875.519
GJ 887 e,GJ 887,Radial Velocity,2026,4.4249,1.12,1.46,544.0,3688.0,0.468,0.495,3.28679
WASP-108 b,WASP-108,Transit,2020,2.67555212374,15.13212395,283.50293904,1589.0,6783.0,1.34415,1.167,258.777
Kepler-1521 b,Kepler-1521,Transit,2016,47.14840805,2.5,6.8,391.0,5042.0,0.76,0.81,206.983
Kepler-238 c,Kepler-238,Transit,2014,6.155557,2.39,152.522,1146.0,5751.0,1.43,1.229,1798.75
GJ 676 A d,GJ 676 A,Radial Velocity,2012,3.60076,1.78,3.81394088,757.36,3734.0,0.69,0.626,16.0272
Kepler-620 b,Kepler-620,Transit,2016,12.91375431,3.32,11.0,849.0,6155.0,1.22,1.15,1355.28
TOI-2989 b,TOI-2989,Transit,2025,3.122832,12.55405838,953.485221,1001.0,4672.0,0.76,0.77,195.795
Kepler-349 c,Kepler-349,Transit,2014,12.247629,1.96,4.5,763.0,5956.0,0.927,1.083,940.724
Kepler-1231 b,Kepler-1231,Transit,2016,10.41725184,1.42,2.6,870.0,5778.0,1.0,1.01,987.237
Kepler-274 b,Kepler-274,Transit,2014,11.634788,1.54,2.99,961.0,6023.0,1.007,0.883,1333.62
Kepler-832 b,Kepler-832,Transit,2016,7.1396941,2.06,4.9,965.0,5596.0,0.9,0.92,1688.12
Kepler-1889 b,Kepler-1889,Transit,2021,37.30369949,2.94360686,8.98,493.0,5646.0,0.817,0.864,1395.13
Kepler-988 b,Kepler-988,Transit,2016,17.76080053,2.07,4.94,368.0,4005.0,0.53,0.55,304.889
TOI-880 c,TOI-880,Transit,2025,6.3872703,4.95,21.7,805.0,5050.0,0.83,0.87,60.6679
HD 12235 b,HD 12235,Radial Velocity,2022,4.36305,3.23,10.48833743,1667.37,5986.0,1.80185,1.1,31.7627
Kepler-444 f,Kepler-444,Transit,2015,9.740486,0.741,0.332,673.0,5046.0,0.752,0.758,36.4396
GJ 887 c,GJ 887,Radial Velocity,2020,21.784,2.43,6.5,320.0,3688.0,0.468,0.495,3.28679
Kepler-524 b,Kepler-524,Transit,2016,7.97419807,1.91,4.31,974.0,6014.0,1.1,1.09,1058.24
Kepler-1075 b,Kepler-1075,Transit,2016,1.52372816,1.42,2.6,818.0,3959.0,0.54,0.56,291.275
Kepler-368 b,Kepler-368,Transit,2014,26.84768,3.26,10.7,800.0,5502.0,2.019,1.165,770.978
Kepler-115 b,Kepler-115,Transit,2014,2.403679,1.09,1.32,1489.0,5979.0,1.205,1.042,623.609
Kepler-1735 b,Kepler-1735,Transit,2021,7.71792984,1.19429134,1.84,502.0,3975.0,0.509,0.535,245.303
TOI-1898 b,TOI-1898,Transit,2024,45.52234,9.39553231,129.0,674.54,6241.0,1.6131,1.2484,79.6682
Kepler-1130 c,Kepler-1130,Transit,2021,3.266639948,0.79239584,0.422,1072.0,5450.0,0.842,0.944,249.343
HD 20782 b,HD 20782,Radial Velocity,2006,597.0643,13.6,472.83,253.34,5782.13,1.12681,1.04,35.9864
Kepler-1376 b,Kepler-1376,Transit,2016,5.30880656,1.05,1.16,1042.0,5659.0,0.97,0.98,868.056
Kepler-1190 b,Kepler-1190,Transit,2016,10.45843441,1.33,2.33,609.0,4730.0,0.72,0.76,342.509
Kepler-450 b,Kepler-450,Transit,2015,28.454851,6.14,19.4,769.0,6197.21,1.64162,1.19,455.982
Kepler-758 d,Kepler-758,Transit,2016,20.4966197,2.12,5.14,843.0,6228.0,1.42,1.16,1502.32
HAT-P-47 b,HAT-P-47,Transit,2026,4.73217441,14.71739166,65.47265184,1605.0,6703.0,1.515,1.387,282.096
HD 135625 b,HD 135625,Radial Velocity,2023,4055.0,13.3,731.0053361,146.04,6040.64,1.35743,1.28,56.518
TOI-2211.01,TOI-2211,Transit,2024,3.092686757,1.561,3.06,1056.92,5253.0,0.834,0.9,70.2932
Kepler-124 b,Kepler-124,Transit,2014,3.410493,0.73,0.315,892.0,4984.0,0.636,0.706,420.046
Kepler-1259 b,Kepler-1259,Transit,2016,0.663085258,1.43,2.63,1681.0,5053.0,0.77,0.8,805.562
TOI-1859 b,TOI-1859,Transit,2023,63.48347,9.75181321,68.6,615.0,6341.0,1.36,1.287,224.385
TOI-1836 b,TOI-1836,Transit,2024,20.380799,8.00321222,38.45723725,966.0,6380.0,1.577,1.307,191.649
Kepler-616 b,Kepler-616,Transit,2016,9.99761851,2.43,6.48,860.0,5753.0,0.97,0.98,945.775
HD 141399 e,HD 141399,Radial Velocity,2014,5000.0,14.1,209.7678,142.24,5600.0,1.387236,1.07,37.0169
Kepler-1008 b,Kepler-1008,Transit,2016,12.43931193,1.28,2.18,627.0,5066.0,0.78,0.81,282.565
TOI-2133 b,TOI-2133,Transit,2026,3.8266472,2.37,6.21,798.0,4250.0,0.62,0.644,75.1973
Kepler-1979 b,Kepler-1979,Transit,2023,18.5084526,29.33,,683.0,5942.0,0.938,1.028,1076.27
TOI-2406 b,TOI-2406,Transit,2021,3.0766891,2.86,15.6,449.0,3100.0,0.204,0.166,55.419
WASP-157 b,WASP-157,Transit,2016,3.951623,11.19,182.43442,1193.0,5772.0,1.1,1.06,334.037
Kepler-1183 b,Kepler-1183,Transit,2016,28.5057189,2.82,8.35,555.0,5765.0,0.99,1.0,1919.19
Kepler-331 d,Kepler-331,Transit,2014,32.134328,1.64,3.33,346.0,4347.0,0.492,0.653,580.119
TOI-5322 b,TOI-5322,Transit,2025,5.4233207,16.6117094,184.02264765,1350.0,5692.0,1.462,0.998,476.899
HD 457 b,HD 457,Radial Velocity,2022,20324.58153,11.9,8445.3364308,85.15,6114.04,1.28194,1.15,55.0375
HD 112640 b,HD 112640,Radial Velocity,2020,613.2,12.9,1589.15,959.65,4155.0,39.0,1.8,323.335
Kepler-1647 b,Kepler-1647,Transit,2016,1107.5923,11.8739,483.0,242.92,6210.0,1.7903,1.2207,1212.45
Kepler-1197 b,Kepler-1197,Transit,2016,2.03231845,1.25,2.1,1011.0,4708.0,0.72,0.78,486.94
HD 153557 b,HD 153557,Radial Velocity,2022,7.29903,4.77,20.34101805,772.12,4837.0,0.745171,0.79,17.9412
Kepler-1939 b,Kepler-1939,Transit,2021,2.790659904,1.16480773,1.68,816.0,4353.0,0.603,0.648,189.833
TIC 117642575 b,TIC 117642575,Transit,2026,4.94459060181,2.82716337,8.38,,5719.98,1.08102,1.06,188.758
Kepler-621 b,Kepler-621,Transit,2016,2.628113746,2.3,5.9,737.0,4521.0,0.68,0.72,389.0
Kepler-1113 b,Kepler-1113,Transit,2016,42.3004954,2.81,8.3,558.0,5931.0,1.17,1.12,1073.88
Kepler-142 b,Kepler-142,Transit,2014,2.024152,1.99,4.62,1597.0,5790.0,1.269,0.978,548.686
Kepler-662 b,Kepler-662,Transit,2016,21.67697486,2.18,5.39,530.0,4897.0,0.74,0.79,815.637
Kepler-1336 c,Kepler-1336,Transit,2016,5.77721211,1.71,3.57,1260.0,5512.0,1.3,0.94,1126.64
TOI-216.02,TOI-216,Transit,2019,17.16073,8.0,18.75187601,628.0,5026.0,0.748,0.77,177.945
Kepler-236 c,Kepler-236,Transit,2014,23.968127,2.0,4.66,329.0,3750.0,0.51,0.596005,288.763
HD 196067 b,HD 196067,Radial Velocity,2012,3413.7,12.4,3623.2438398,176.42,6072.0,1.71,1.16,39.9346
Kepler-1210 b,Kepler-1210,Transit,2016,8.07124073,1.7,3.53,856.0,5568.0,0.92,0.94,1176.53
Kepler-91 b,Kepler-91,Transit,2013,6.24658,15.322703,257.4423,2040.0,4550.0,6.3,1.31,1294.69
K2-290 b,K2-290,Transit,2019,9.21165,3.06,10.9,1230.0,6302.0,1.511,1.194,272.909
Kepler-1766 b,Kepler-1766,Transit,2021,105.0149994,2.27904508,5.81,406.0,5868.0,1.042,0.915,501.229
HD 176986 c,HD 176986,Radial Velocity,2017,16.8124,,2097.98531461,558.0,4931.0,0.782,0.789,27.7843
K2-170 c,K2-170,Transit,2018,12.400047,1.8017647,3.9,,5748.0,0.981614,0.963657,392.872
HD 72490 b,HD 72490,Radial Velocity,2018,858.0,13.5,561.92344,386.45,4934.0,4.96,1.21,126.339
HD 12661 c,HD 12661,Radial Velocity,2002,1708.0,13.2,899.45439181,174.06,5748.0,1.11,1.02,37.8478
Kepler-1061 b,Kepler-1061,Transit,2016,2.757982666,1.98,4.58,1332.0,6067.0,1.07,1.09,543.375
Kepler-1904 b,Kepler-1904,Transit,2021,4.577020168,1.3904994,2.51,567.0,3805.0,0.497,0.526,270.854
Kepler-473 b,Kepler-473,Transit,2016,14.55731705,4.08,15.6,879.0,5816.0,1.34,1.06,905.937
HD 14787 b,HD 14787,Radial Velocity,2018,676.6,13.7,356.28743,409.43,4946.0,5.01,1.43,119.137
WASP-106 b,WASP-106,Transit,2014,9.28969,12.10569916,613.40882551,1140.0,6002.0,1.47,1.175,352.181
TOI-6158 b,TOI-6158,Transit,2026,3.0446899,10.4,135.0,636.0,3467.0,0.476,0.503,180.96
Kepler-1840 b,Kepler-1840,Transit,2021,131.1900024,2.77771129,8.13,284.0,4898.0,0.803,0.774,513.107
kap And b,kap And,Imaging,2012,,15.91675259,5498.4314411,1791.0,11327.0,2.109,2.768,50.0177
Kepler-1751 b,Kepler-1751,Transit,2021,7.017310143,1.82417378,3.98,984.0,6052.0,0.967,0.974,1291.47
Kepler-1067 b,Kepler-1067,Transit,2016,0.762129261,0.8,0.437,1872.0,5592.0,0.93,0.95,667.693
TOI-2578 b,TOI-2578,Transit,2026,3.4579667,19.66055215,167.17774208,1778.0,6333.0,1.64,1.27,285.53
Kepler-624 b,Kepler-624,Transit,2016,14.58649607,2.31,5.95,852.0,6117.0,1.18,1.1,748.188
TOI-5349 b,TOI-5349,Transit,2026,3.317921,10.2,127.4,719.0,3751.0,0.58,0.61,188.336
TOI-1294 c,TOI-1294,Radial Velocity,2024,159.9,14.3,147.0,440.45,5718.0,1.5566,1.1578,332.648
Kepler-1039 b,Kepler-1039,Transit,2016,0.934884242,1.46,2.73,2080.0,4870.0,0.74,0.79,306.91
HAT-P-60 b,HAT-P-60,Transit,2021,4.7947813,18.28184752,182.43350562,1772.0,6212.0,2.197,1.435,233.22
HD 88986 b,HD 88986,Radial Velocity,2023,146.05,2.49,17.2,460.0,5861.0,1.543,1.25,33.2673
HD 215152 e,HD 215152,Radial Velocity,2018,25.1967,,975.41538108,517.82,4935.0,0.73,0.77,21.5974
Kepler-704 b,Kepler-704,Transit,2016,3.76182115,2.61,7.32,1121.0,5616.0,0.96,0.97,1228.83
K2-385 b,K2-385,Transit,2022,2.380867,1.539,2.98,,4844.0,0.761,0.927,420.819
Kepler-1432 b,Kepler-1432,Transit,2016,23.9109011,2.22,5.56,709.0,6031.0,1.13,1.09,2171.87
Kepler-135 c,Kepler-135,Transit,2014,11.448708,1.16,1.65,975.0,6090.0,1.275,1.047,621.855
Kepler-950 b,Kepler-950,Transit,2016,98.7180406,8.98,59.6,360.0,5857.0,1.02,1.02,2161.6
HD 73526 b,HD 73526,Radial Velocity,2002,188.3,13.1,978.9164,414.37,5601.0,1.53,1.14,97.2396
HD 207897 b,HD 207897,Transit,2021,16.20166,2.34302132,14.8,581.75,5106.0,0.7827,0.8208,28.2938
Kepler-1459 b,Kepler-1459,Transit,2016,62.8691611,1.36,2.42,349.0,4828.0,0.74,0.78,455.479
Kepler-1358 b,Kepler-1358,Transit,2016,7.06317341,1.12,1.46,827.0,5181.0,0.79,0.82,546.998
HD 360 b,HD 360,Radial Velocity,2021,273.1,14.0,238.37130525,765.69,4770.0,10.86,1.69,111.542
TOI-4030 b,TOI-4030,Transit,2026,2.50900199461,5.8462559,28.8,1384.0,5640.37,0.991737,0.98,571.615
Kepler-741 b,Kepler-741,Transit,2016,7.03902374,2.97,9.11,1051.0,6129.0,1.24,1.16,1661.87
Kepler-1299 b,Kepler-1299,Transit,2016,19.9400874,2.98,9.17,588.0,5609.0,0.91,0.94,1404.94
Kepler-1806 b,Kepler-1806,Transit,2021,9.033320427,2.35560189,6.15,729.0,5311.0,0.788,0.884,978.066
TOI-375 c,TOI-375,Radial Velocity,2026,115.5,13.4,669.34662514,596.0,5259.9,2.9,1.441,396.213
Kepler-1048 b,Kepler-1048,Transit,2016,6.92101021,1.61,3.22,619.0,4651.0,0.7,0.75,556.006
Kepler-749 b,Kepler-749,Transit,2016,17.31716585,3.1,9.8,454.0,5009.0,0.75,0.79,721.027
HD 102329 b,HD 102329,Radial Velocity,2011,778.09998,12.6,2593.4928,532.95,4745.0,9.82,3.21,217.107
TOI-1194 b,TOI-1194,Transit,2023,2.3106446,8.71664516,120.0,1264.29,5394.0,0.9608,0.9835,149.667
Barnard d,Barnard's star,Radial Velocity,2025,2.3402,0.694,0.263,483.0,3195.0,0.185,0.162,1.82655
Kepler-1951 b,Kepler-1951,Transit,2021,20.65780067,2.32107188,6.0,728.0,5468.0,1.306,0.923,1277.32
HIP 114933 b,HIP 114933,Radial Velocity,2021,1481.6,13.4,616.58710958,316.81,4823.0,5.27,1.39,101.766
Kepler-1305 b,Kepler-1305,Transit,2016,13.5630972,1.88,4.19,733.0,5701.0,0.96,0.97,1575.23
Kepler-598 b,Kepler-598,Transit,2016,3.70175428,1.5,2.86,1050.0,5307.0,0.86,0.87,681.086
HD 185283 b,HD 185283,Radial Velocity,2023,4060.0,13.6,413.1769291,93.97,4848.0,0.743303,0.8,31.395
Kepler-1920 b,Kepler-1920,Transit,2021,30.2541008,2.95415848,9.03,660.0,6277.0,1.161,1.239,885.913
HD 65216 b,HD 65216,Radial Velocity,2003,577.6,13.6,411.58985,222.56,5612.0,0.88,0.874,35.1205
Kepler-954 b,Kepler-954,Transit,2016,16.78176602,2.32,5.99,545.0,4990.0,0.76,0.82,215.814
EPIC 206042996 c,EPIC 206042996,Transit,2021,0.354884,1.2,1.87,,4114.0,0.5,0.565,451.769
HATS-38 b,HATS-38,Transit,2020,4.375021,6.882326,23.51942,1294.0,5732.0,1.105,0.89,343.525
Kepler-1388 c,Kepler-1388,Transit,2016,5.53608151,2.26,5.73,566.0,4098.0,0.61,0.63,453.795
TIC 178172313 b,TIC 178172313,Transit,2026,4.3731816136,2.80405322,8.27,,5405.59,0.84345,0.91,178.137
Gliese 12 b,Gliese 12,Transit,2024,12.761418,0.93,0.95,314.6,3328.0,0.265,0.255,12.21
Kepler-266 c,Kepler-266,Transit,2014,107.723601,3.89,14.4,421.0,5885.0,1.028,0.947,1370.79
NGTS-30 b,NGTS-30,Transit,2024,98.29838,10.40193409,305.11527072,500.0,5455.0,0.913,0.94,238.377
Kepler-1388 e,Kepler-1388,Transit,2016,37.6327084,2.46,6.62,299.0,4098.0,0.61,0.63,453.795
Kepler-1311 b,Kepler-1311,Transit,2016,11.1726994,1.24,2.07,1019.0,5748.0,1.4,1.05,866.331
Kepler-1991 c,Kepler-1991,Transit,2023,22.79020351,2.57,7.13,634.0,5478.0,1.053,0.914,855.82
Kepler-126 d,Kepler-126,Transit,2014,100.283134,2.5,54.59018723,475.0,6239.0,1.358,1.108,237.401
TOI-4029 b,TOI-4029,Transit,2026,5.88498234631,6.73756618,36.6,1142.0,5662.53,1.17834,1.018,274.436
Kepler-2001 b,Kepler-2001,Transit,2023,1.090011003,1.04,1.12,1402.0,5081.0,0.77,0.864,776.55
Kepler-1247 b,Kepler-1247,Transit,2016,13.71220213,2.33,6.04,676.0,5303.0,0.82,0.86,1045.92
Kepler-68 e,Kepler-68,Radial Velocity,2023,3455.0,11.2,86.4493267,147.35,5847.0,1.2564,1.057,144.166
Kepler-1406 b,Kepler-1406,Transit,2016,11.62905828,1.1,1.37,854.0,5892.0,1.12,1.05,572.403
Kepler-1682 b,Kepler-1682,Transit,2020,14.8334,2.88940836,8.7,694.0,5619.12,0.842301,0.99,1159.85
Kepler-174 d,Kepler-174,Transit,2014,247.35373,2.19,5.43,212.0,4880.0,0.622,0.602,384.757
Kepler-326 b,Kepler-326,Transit,2014,2.248329,1.52,44.6,1127.0,5105.0,0.801,0.91,487.675
GJ 3998 d,GJ 3998,Radial Velocity,2025,41.78,2.34,6.07,292.23,3726.0,0.5,0.52,18.1459
HD 205158 b,HD 205158,Radial Velocity,2022,25.33798,13.9,124.58873554,963.25,6133.55,1.87741,1.16,86.6159
HD 219134 h,HD 219134,Radial Velocity,2015,2247.0,12.7,108.0622,117.88,4913.0,0.77,0.794,6.53127
K2-183 c,K2-183,Transit,2018,10.787992,2.3,5.9,787.0,5482.0,0.87,0.942219,329.041
NGTS-21 b,NGTS-21,Transit,2022,1.5433897,14.90794433,750.07504052,1357.0,4660.0,0.86,0.72,592.891
Kepler-1519 b,Kepler-1519,Transit,2016,240.7989397,7.06,39.6,342.0,5644.0,0.91,0.94,1441.63
TCP J05074264+2447555 b,TCP J05074264+2447555,Microlensing,2018,,4.72,20.0,344.63,5805.0,1.42487,0.586,505.0
TOI-2459 b,TOI-2459,Transit,2023,19.104718,2.9531,9.03,445.01,4195.0,0.6751,0.66,36.6113
Kepler-784 b,Kepler-784,Transit,2016,31.5922646,1.58,3.12,688.0,5674.0,1.32,1.0,1303.72
TOI-2641 b,TOI-2641,Transit,2023,4.880974,18.10250383,122.6817651,1387.0,6100.0,1.336,1.16,344.045
Kepler-255 c,Kepler-255,Transit,2014,9.946047,2.99,9.22,807.0,5573.0,0.933,0.867,1052.53
HD 51608 c,HD 51608,Radial Velocity,2019,95.9446,3.87,14.31,400.69,5358.0,0.916136,0.8,35.0553
TIC 434398831 c,TIC 434398831,Transit,2025,6.210291,5.63,27.0,1050.0,5638.0,0.909,0.992,217.011
TOI-3082 b,TOI-3082,Transit,2023,1.926907,3.6621,13.0,1032.78,4263.0,0.6847,0.664,113.048
Kepler-1037 b,Kepler-1037,Transit,2016,1.063788673,1.28,2.18,1650.0,5105.0,0.78,0.82,446.914
TOI-2141 d,TOI-2141,Radial Velocity,2025,60.45,3.97,14.9,491.4,5635.0,0.95,0.896,77.682
HD 88133 b,HD 88133,Radial Velocity,2004,3.414884,13.8,324.1866,1762.08,5392.0,2.2,1.26,73.6123
TOI-1448 b,TOI-1448,Transit,2024,8.112245,2.749,19.5,426.0,3412.0,0.38,0.372,73.3345
TIC 294329732 b,TIC 294329732,Transit,2026,9.7565876181,2.07692266,4.97,,5201.93,0.920172,0.89,189.333
WISPIT 2 c,WISPIT 2,Imaging,2026,,17.93436912,3178.28407,2050.0,4530.0,1.3,1.08,134.907
K2-272 b,K2-272,Transit,2018,14.4536756,3.13,9.96,747.0,5397.0,0.83,0.86,423.065
TOI-3474 b,TOI-3474,Transit,2025,3.8795105,14.67255574,193.87532827,1451.0,6020.0,1.256,1.121,420.123
Kepler-825 c,Kepler-825,Transit,2016,8.1818246,1.84,4.04,981.0,5976.0,1.08,1.03,807.85
Kepler-382 b,Kepler-382,Transit,2014,5.262155,1.32,2.3,1166.0,5600.0,0.945,1.002,935.446
Kepler-266 b,Kepler-266,Transit,2014,6.61833,2.48,6.71,1066.0,5885.0,1.028,0.947,1370.79
Kepler-1962 b,Kepler-1962,Transit,2021,7.991459846,1.21463929,1.95,901.0,5700.0,1.006,1.003,866.826
TOI-1266 d,TOI-1266,Transit Timing Variations,2025,32.509,1.74,3.68,288.0,3563.0,0.4232,0.437,36.0118
Kepler-691 b,Kepler-691,Transit,2016,8.114379,2.09,5.02,460.0,3715.0,0.5,0.53,279.115
HD 142415 b,HD 142415,Radial Velocity,2003,386.29999,13.5,530.7761,283.72,5940.0,1.04,1.07,35.5318
WASP-167 b,WASP-167,Transit,2017,2.0219596,17.71022,2542.64,2329.0,7000.0,1.79,1.59,423.552
K2-412 b,K2-412,Transit,2022,5.9382,2.116,5.13,1100.64,5590.0,0.977,0.893,654.085
Kepler-1441 b,Kepler-1441,Transit,2016,39.4419839,1.31,2.27,682.0,5802.0,1.0,1.0,1110.48
CoRoT-28 b,CoRoT-28,Transit,2015,5.20851,10.704595,153.82972,1349.25,5150.0,1.78,1.01,766.183
Kepler-37 c,Kepler-37,Transit,2013,21.301848,0.755,1.3,615.0,5357.0,0.789,0.79,63.9207
Kepler-138 c,Kepler-138,Transit,2014,13.7815,1.51,2.3,410.0,3841.0,0.535,0.535,66.8624
Kepler-46 d,Kepler-46,Transit,2014,6.766589,1.64,3.33,845.0,5309.0,0.79,0.883,777.06
Kepler-1755 b,Kepler-1755,Transit,2021,24.81209946,5.91688317,29.4,631.0,6086.0,0.921,1.003,982.383
Teegarden's Star c,Teegarden's Star,Radial Velocity,2019,11.416,1.02,1.05,209.0,3034.0,0.12,0.097,3.83078
HD 219828 b,HD 219828,Radial Velocity,2007,3.83483,4.59,19.06970442,1602.83,5891.0,1.56,1.04,73.114
Kepler-835 b,Kepler-835,Transit,2016,11.41909375,2.79,8.2,921.0,5954.0,1.11,1.08,2406.33
Kepler-1666 c,Kepler-1666,Transit,2020,40.7157,3.23564749,10.5,578.0,6293.0,1.14586,1.23,1379.37
Kepler-1143 b,Kepler-1143,Transit,2016,2.888904849,1.67,3.43,976.0,5053.0,0.77,0.81,555.189
KOI-4777.01,KOI-4777,Transit,2022,0.412,0.51,99.2,1180.0,3515.0,0.4,0.41,172.245
Kepler-79 d,Kepler-79,Transit,2014,52.0897,7.15,5.3,592.0,6389.0,1.316,1.244,1020.72
Kepler-190 b,Kepler-190,Transit,2014,2.019999,1.56,3.05,1166.0,5106.0,0.795,0.834,433.387
NGTS-17 b,NGTS-17,Transit,2021,3.24253,13.89913607,242.82090295,1457.0,5650.0,1.337,1.025,1040.28
Kepler-354 c,Kepler-354,Transit,2014,16.934402,1.31,2.27,508.0,4648.0,0.674,0.652,554.064
TIC 198190129 b,TIC 198190129,Transit,2026,7.94804910667,2.92284949,8.87,,4377.53,0.640675,0.638,130.035
Kepler-1933 b,Kepler-1933,Transit,2021,4.943290234,1.17984089,1.76,1058.0,5661.0,1.008,0.964,328.007
TOI-5811 B b,TOI-5811 B,Transit,2026,6.25663,21.96960217,257.44100967,1530.0,4840.0,3.73,1.08,170.135
Kepler-1041 b,Kepler-1041,Transit,2016,24.7576421,2.94,8.96,644.0,5957.0,1.08,1.06,1485.82
KIC 10525077 b,KIC 10525077,Transit,2015,854.083,5.5,25.9,,6091.0,1.01,1.01,1461.15
K2-70 b,K2-70,Transit,2016,13.97896,2.89,8.7,783.99,5622.0,0.93,0.94,232.964
TOI-5704 b,TOI-5704,Transit,2023,3.771116,3.2274,10.5,949.07,4590.0,0.7575,0.73,89.637
HATS-4 b,HATS-4,Transit,2014,2.516729,11.433,420.471,1315.0,5403.0,0.925,1.001,416.459
Kepler-121 b,Kepler-121,Transit,2014,3.177422,2.34,6.08,997.0,5311.0,0.701,0.859,510.523
HD 163607 b,HD 163607,Radial Velocity,2012,75.2203,13.9,249.051588,587.13,5522.0,1.76,1.12,67.7855
TOI-1453 b,TOI-1453,Transit,2025,4.3135225,1.173,2.32,944.2,4975.0,0.72,0.715,78.7415
Kepler-395 c,Kepler-395,Transit,2014,34.989262,1.32,2.3,341.0,4262.0,0.556,0.622827,421.382
TOI-7393 b,TOI-7393,Transit,2026,3.33708,11.3,194.78,747.0,3927.0,0.582,0.6,189.038
HIP 81991 b,HIP 81991,Radial Velocity,2026,5860.0,12.5,3019.3698665,163.28,5100.0,2.82111,1.09,43.9016
Kepler-1965 b,Kepler-1965,Transit,2021,41.86869812,1.35415138,2.4,492.0,5852.0,0.837,0.928,521.791
DMPP-8 b,DMPP-8,Radial Velocity,2026,62.915,10.8,81.09,579.7,6009.0,1.24,0.99,76.1335
Kepler-501 b,Kepler-501,Transit,2016,5.640677572,4.3,17.1,1125.0,5904.0,1.04,1.03,1125.24
TOI-892 b,TOI-892,Transit,2020,10.62656,11.99363,301.9385,1397.0,6261.0,1.39,1.28,340.543
Kepler-1898 b,Kepler-1898,Transit,2021,4.765620232,0.93353523,0.76,1167.0,5702.0,1.125,0.837,360.921
Kepler-1274 b,Kepler-1274,Transit,2016,6.98152703,1.42,2.6,1384.0,6179.0,2.17,1.45,614.648
G 9-40 b,G 9-40,Transit,2019,5.7459982,1.9,4.0,440.6,3395.0,0.3026,0.2952,27.9276
K2-46 b,K2-46,Transit,2016,19.1541,2.05,4.86,889.0,6256.0,1.29,0.96,449.237
K2-199 c,K2-199,Transit,2018,7.3744897,2.85,12.4,694.0,4491.0,0.682,0.711,107.518
TOI-2005 b,TOI-2005,Transit,2025,17.305904,11.99360935,2034.1018048,1221.39,7130.0,2.02,1.59,328.475
Kepler-1065 b,Kepler-1065,Transit,2016,3.609308907,3.73,13.4,1092.0,5635.0,0.93,0.94,1122.48
TOI-7394 B b,TOI-7394 B,Transit,2026,1.252995,11.5,668.74,986.0,3717.0,0.609,0.624,189.986
HD 112300 b,HD 112300,Radial Velocity,2023,466.63,12.2,5031.22368281,1240.35,3657.0,65.8,1.4,62.07324
TOI-5614 b,TOI-5614,Transit,2026,4.17221328949,3.21759316,10.4,817.0,4553.0,0.734919,0.674,223.016
Kepler-793 b,Kepler-793,Transit,2016,4.24153639,1.37,2.45,1177.0,5745.0,0.97,0.98,985.699
Kepler-307 c,Kepler-307,Transit,2013,13.0729,2.2,3.64,739.0,5367.0,0.814,0.907,575.581
Kepler-613 b,Kepler-613,Transit,2016,15.77979614,2.29,5.86,713.0,5723.0,0.96,0.98,861.494
K2-138 g,K2-138,Transit,2021,41.96797,3.013,4.32,445.0,5356.3,0.863,0.935,202.585
HD 128311 b,HD 128311,Radial Velocity,2002,453.019,13.5,562.24127,200.47,4965.0,0.76,0.828,16.3292
Kepler-20 b,Kepler-20,Transit,2011,3.6961049,1.773,9.7,1187.0,5495.0,0.9164,0.929,282.563
Kepler-1634 b,Kepler-1634,Transit,2016,374.876239,3.19,10.3,282.0,5474.0,0.89,0.92,617.339
MOA-2020-BLG-108L b,MOA-2020-BLG-108L,Microlensing,2026,,12.4,3391.22910269,,,,0.58,5130.0
HD 715 b,HD 715,Transit,2026,56.4,11.99360935,201.82103844,798.0,6070.0,2.5,1.6,167.253
Kepler-445 d,Kepler-445,Transit,2015,8.15275,1.25,2.1,305.0,3157.0,0.21,0.18,127.201
Kepler-1701 b,Kepler-1701,Transit,2020,169.134,2.22186207,5.57,273.0,5146.0,0.840217,0.87,584.142
Kepler-1835 b,Kepler-1835,Transit,2021,11.96409988,3.53387773,12.2,808.0,5903.0,0.961,0.922,1404.38
Kepler-1024 b,Kepler-1024,Transit,2016,66.4162133,3.91,14.5,376.0,5143.0,0.78,0.81,1087.4
Kepler-1545 b,Kepler-1545,Transit,2016,163.692349,2.7,7.75,274.0,5201.0,0.8,0.84,729.964
Kepler-1774 b,Kepler-1774,Transit,2021,59.77080154,3.18179549,10.2,522.0,6214.0,1.122,1.101,816.592
KOBE-1 b,KOBE-1,Radial Velocity,2025,8.5399,2.91,8.8,594.4,4135.0,0.619,0.629,23.9718
Kepler-1852 b,Kepler-1852,Transit,2021,7.970940113,1.88610592,4.22,760.0,5237.0,0.826,0.927,772.481
Kepler-1196 b,Kepler-1196,Transit,2016,66.1849031,2.23,5.6,436.0,5756.0,0.97,0.98,922.333
TOI-1221 b,TOI-1221,Transit,2023,91.68278,2.91,1112.3994245,440.0,5592.0,1.031,0.93,138.411
Kepler-324 c,Kepler-324,Transit,2014,51.805612,3.15,6.2,410.0,5194.0,0.84,0.901,501.574
Kepler-1122 b,Kepler-1122,Transit,2016,42.1917357,2.04,4.82,526.0,5544.0,0.89,0.92,1230.42
Kepler-1826 b,Kepler-1826,Transit,2021,1.615360022,1.47519116,2.78,806.0,3821.0,0.486,0.49,336.952
HD 134606 c,HD 134606,Radial Velocity,2024,58.883,3.37,11.31,527.65,5576.0,1.158,1.046,26.7909
TIC 150070085 b,TIC 150070085,Transit,2026,10.47423,3.62,12.8,945.06,5999.0,1.086,1.16,204.368
HIP 75092 b,HIP 75092,Radial Velocity,2021,926.4,13.5,568.91284853,353.19,4891.0,4.53,1.28,81.6696
Kepler-828 b,Kepler-828,Transit,2016,0.567857136,1.51,2.89,1848.0,5039.0,0.77,0.81,575.322
HD 5278 b,HD 5278,Transit,2021,14.339156,2.45,7.8,943.0,6203.0,1.194,1.126,57.5846
Kepler-1157 b,Kepler-1157,Transit,2016,4.45743164,1.09,1.32,732.0,4679.0,0.71,0.76,342.144
Kepler-1610 b,Kepler-1610,Transit,2016,8.70181574,1.61,3.22,750.0,5383.0,0.87,0.91,864.331
Kepler-1245 c,Kepler-1245,Transit,2016,2.936584681,1.44,2.67,1190.0,5306.0,0.83,0.86,805.936
Kepler-297 d,Kepler-297,Transit,2023,150.0189511,32.6,,325.0,5618.0,0.897,0.846,692.14
Kepler-431 b,Kepler-431,Transit,2015,6.803,0.764,0.37,1032.0,6004.0,1.092,1.071,486.546
DMPP-4 b,DMPP-4,Radial Velocity,2023,3.4982,3.53,12.2,1645.69,6400.0,1.38,1.25,25.3284
Kepler-184 d,Kepler-184,Transit,2014,29.022358,2.49,6.76,559.0,5788.0,0.873,0.872,610.326
Kepler-1140 b,Kepler-1140,Transit,2016,24.0862707,2.77,8.1,500.0,4850.0,0.73,0.76,656.48
TOI-1799 b,TOI-1799,Transit,2024,7.094570865,1.642,4.0,922.72,5690.0,0.957,1.01,62.1274
Kepler-1696 b,Kepler-1696,Transit,2020,65.9409,2.80982017,8.29,454.0,5712.0,1.19811,1.02,1506.36
Kepler-928 b,Kepler-928,Transit,2016,3.932461302,1.59,3.15,894.0,4700.0,0.7,0.73,508.809
Kepler-153 c,Kepler-153,Transit,2014,46.90232,2.53,6.94,458.0,5404.0,0.892,0.756,459.368
HD 73256 c,HD 73256,Radial Velocity,2023,2690.0,12.2,5085.254512,133.92,5570.0,0.944723,1.0,36.708
HD 175541 b,HD 175541,Radial Velocity,2007,298.43,14.1,190.06234,501.11,5013.0,4.19,1.39,129.603
HD 219134 g,HD 219134,Radial Velocity,2015,94.2,3.28,10.80622,339.34,4913.0,0.77,0.794,6.53127
Kepler-708 b,Kepler-708,Transit,2016,3.167891938,2.93,8.91,1221.0,5692.0,0.96,0.97,1394.22
WASP-54 b,WASP-54,Transit,2012,3.69364,17.71022,187.5197,1759.0,6100.0,1.76,1.08,251.303
K2-250 b,K2-250,Transit,2018,4.01392,2.71257333,7.81,1003.0,5003.0,0.797,0.809,414.708
Kepler-1325 b,Kepler-1325,Transit,2016,33.8786838,2.86,8.55,564.0,5550.0,0.91,0.93,973.368
Kepler-703 b,Kepler-703,Transit,2016,4.583521756,8.2,51.1,1038.0,6185.0,1.27,1.18,1156.83
TOI-1533 c,TOI-1533,Transit,2026,8.0637926,7.5,36.6,628.0,5146.0,0.849,0.88,100.051
Kepler-957 b,Kepler-957,Transit,2016,5.907413537,5.5,25.9,769.0,4963.0,0.75,0.81,824.688
TOI-3856 b,TOI-3856,Transit,2025,2.04360352,13.59649359,171.62733978,1544.0,5622.0,1.055,1.096,314.443
Kepler-1740 b,Kepler-1740,Transit,2021,8.172400475,3.32321414,11.0,858.0,5705.0,0.905,0.943,1061.77
Kepler-176 d,Kepler-176,Transit,2014,25.751974,2.51,1.72,501.0,5232.0,0.891,0.86,527.321
K2-150 b,K2-150,Transit,2018,10.59357,2.0,4.66,413.19,3499.0,0.436,0.457,102.483
Kepler-307 b,Kepler-307,Transit,2013,10.4208,2.43,7.44,797.0,5367.0,0.814,0.907,575.581
Kepler-755 c,Kepler-755,Transit,2016,2.853133644,1.26,2.13,1016.0,5043.0,0.77,0.82,399.034
Kepler-607 c,Kepler-607,Transit,2021,39.67679977,2.76001201,8.05,473.0,5244.0,0.888,0.808,519.122
TOI-540 b,TOI-540,Transit,2020,1.2391491,0.903,0.674,611.0,3216.0,0.1895,0.159,14.0022
K2-320 b,K2-320,Transit,2020,1.995,2.62,7.37,698.0,3157.0,0.3,0.117,108.74
Kepler-1523 b,Kepler-1523,Transit,2016,0.93875077,1.58,3.12,1676.0,5708.0,0.96,0.97,865.596
GJ 463 b,GJ 463,Radial Velocity,2022,3459.0,13.1,1080.6165838,63.55,3563.0,0.483,0.486,18.3554
Kepler-62 c,Kepler-62,Transit,2013,12.4417,0.54,4.0,578.0,4925.0,0.64,0.69,300.874
HD 222582 b,HD 222582,Radial Velocity,1999,572.38,12.6,2660.2371,256.39,5790.0,1.13,1.12,42.1586
Kepler-210 c,Kepler-210,Transit,2014,7.972513,3.62,12.8,497.0,4559.0,0.65,0.77,232.75
Kepler-1551 b,Kepler-1551,Transit,2016,24.4973698,2.66,7.56,722.0,6136.0,1.22,1.14,1463.72
TIC 188624430 b,TIC 188624430,Transit,2026,6.21860433132,3.64811843,12.9,,5369.46,0.786574,0.929,300.743
Kepler-1174 b,Kepler-1174,Transit,2016,6.89225223,1.59,3.15,1156.0,5936.0,1.04,1.04,1408.75
Kepler-269 c,Kepler-269,Transit,2014,8.127899,1.69,3.5,875.0,5847.0,0.959,0.92,2257.32
Kepler-607 b,Kepler-607,Transit,2016,0.638163204,0.87,0.59,1874.0,5196.0,0.8,0.84,519.122
Kepler-1981 b,Kepler-1981,Transit,2023,453.54212,9.23,62.5,390.0,5874.0,3.006,1.519,659.395
TOI-6041 c,TOI-6041,Radial Velocity,2025,88.0,10.5,77.9,403.5,5445.0,0.879,0.885,72.4731
HD 109833 c,HD 109833,Transit,2022,13.900148,2.59,7.22,756.7,5881.0,1.0,1.08,79.5561
Kepler-1082 b,Kepler-1082,Transit,2016,1.543206604,1.12,1.46,1827.0,5923.0,1.14,1.03,739.557
Kepler-431 d,Kepler-431,Transit,2015,11.922,1.11,1.41,856.0,6004.0,1.092,1.071,486.546
WASP-170 b,WASP-170,Transit,2018,2.34478022,12.285064,508.528,1422.0,5600.0,0.938,0.93,305.603
K2-74 b,K2-74,Transit,2016,19.5666,2.31,5.95,772.58,6060.0,0.98,0.96,377.822
TOI-1246 d,TOI-1246,Transit,2022,18.654874,3.43139739,5.4,587.77,5213.0,0.8649,0.8889,169.422
Kepler-372 d,Kepler-372,Transit,2014,30.092568,1.69,3.5,660.0,6509.0,1.137,1.202,1493.95
HD 25723 b,HD 25723,Radial Velocity,2020,457.01,13.3,794.5710175,698.4,4766.0,13.76,2.12,114.816
TOI-7155 b,TOI-7155,Transit,2026,3.89489711981,2.40821473,6.38,914.0,4673.03,0.670748,0.755,144.751
Kepler-84 b,Kepler-84,Transit,2012,8.726,2.23,40.0,985.0,6039.0,1.43,1.0,1023.9
TOI-3353.01,TOI-3353,Transit,2024,4.6657965,2.6667555,7.59,1264.36,6365.0,1.0207,1.332089,78.7577
Kepler-1555 b,Kepler-1555,Transit,2016,8.10501635,1.61,3.22,959.0,5866.0,1.06,1.04,2013.27
Kepler-1725 b,Kepler-1725,Transit,2021,16.71990013,2.8125177,8.31,767.0,6020.0,1.085,1.049,558.652
TOI-2104 b,TOI-2104,Transit,2026,5.904370457,1.52898127,2.95,846.0,4856.13,0.723757,0.8,76.7418
Kepler-120 b,Kepler-120,Transit,2014,6.312501,2.15,8.5,575.0,4096.0,0.534,0.654,388.63
Kepler-627 b,Kepler-627,Transit,2016,40.6994443,3.73,13.4,685.0,6424.0,1.49,1.3,984.307
Kepler-1326 b,Kepler-1326,Transit,2016,42.3514267,4.18,16.3,938.0,6725.0,1.74,1.45,698.326
TOI-1184 b,TOI-1184,Transit,2024,5.748433803,2.39,6.8,715.47,4534.0,0.69,0.71,58.5946
G 192-15 b,G 192-15,Radial Velocity,2025,2.27476,1.02,1.03,453.6,2999.0,0.170718,0.132,9.53114
HATS-61 b,HATS-61,Transit,2018,7.817953,13.394755,1080.622,1226.1,5542.0,1.664,1.076,679.761
Kepler-684 b,Kepler-684,Transit,2016,6.770302008,3.36,11.2,812.0,5493.0,0.86,0.89,1731.27
WASP-159 b,WASP-159,Transit,2018,3.840401,15.46842,174.8065,1850.0,6120.0,2.11,1.41,715.383
K2-26 b,K2-26,Transit,2016,14.5665,2.67,7.61,430.0,3785.0,0.52,0.56,99.0504
TIC 9344899 b,TIC 9344899,Transit,2026,8.5821566,9.16,6170.0,923.0,5800.0,1.06,0.98,532.228
WASP-194 b,WASP-194,Transit,2025,3.183387,15.47960235,373.13054982,1693.0,6405.0,1.409,1.29,476.831
Kepler-1956 b,Kepler-1956,Transit,2021,5.943719864,1.08940238,1.32,674.0,4391.0,0.682,0.671,360.468
K2-335 b,K2-335,Transit,2021,12.283211,2.21,5.52,949.0,6222.0,1.33,1.23,557.993
Kepler-352 c,Kepler-352,Transit,2014,16.332995,1.24,2.07,591.0,5212.0,0.781,0.798,252.733
Kepler-1175 b,Kepler-1175,Transit,2016,37.94563,2.99,9.22,515.0,5453.0,0.86,0.9,1121.89
TOI-2453 b,TOI-2453,Transit,2026,4.44143463188,3.24380341,10.6,550.78,3720.23,0.502498,0.500519,81.9043
TOI-3523 A b,TOI-3523 A,Transit,2025,2.30458952,15.9727975,435.42491759,1984.0,6450.0,1.448,1.131,645.294
Kepler-1586 b,Kepler-1586,Transit,2016,15.6049212,1.52,2.92,1013.0,6681.0,1.75,1.45,552.55
TOI-1062 c,TOI-1062,Radial Velocity,2021,7.972,3.1,9.78,859.0,5328.0,0.84,0.94,82.1733
Kepler-30 b,Kepler-30,Transit,2012,29.33434,3.9,11.3,524.0,5498.0,0.95,0.99,914.221
Kepler-1285 b,Kepler-1285,Transit,2016,14.7967458,0.97,0.871,874.0,6170.0,1.28,1.2,422.269
TOI-1230.01,TOI-1230,Transit,2021,25.05734661842,2.38627705,6.29,1046.51,5696.0,1.15281,1.14,143.138
Kepler-416 b,Kepler-416,Transit,2014,6.319,2.48,58.2,986.0,5718.0,1.075,1.0,690.819
Kepler-416 c,Kepler-416,Transit,2014,12.209,2.352,6.13,791.0,5718.0,1.075,1.0,690.819
KOI-142 c,KOI-142,Transit Timing Variations,2013,22.26492,14.0,214.1,635.87,5466.0,0.897,0.99,376.863
HD 114082 b,HD 114082,Transit,2022,225.5504,11.72459381,508.5254512,949.67,6610.0,1.482,1.28,95.3906
Kepler-103 c,Kepler-103,Transit,2014,179.60978,5.4539,58.47,434.0,6047.0,1.492,1.212,494.832
Kepler-433 b,Kepler-433,Transit,2015,5.33408384,16.25,896.24,1776.0,6360.0,2.26,1.46,1878.31
CoRoT-8 b,CoRoT-8,Transit,2010,6.21229,6.39,69.92,870.0,5080.0,0.77,0.88,322.037
Kepler-361 c,Kepler-361,Transit,2014,55.188023,2.52,6.9,568.0,6169.0,1.343,1.191,930.32
TOI-5728 b,TOI-5728,Transit,2025,11.49761,1.31,2.27,382.0,3419.0,0.37,0.36,54.7045
Kepler-568 b,Kepler-568,Transit,2016,11.02347475,2.26,5.73,429.0,3768.0,0.53,0.55,130.645
Kepler-1923 b,Kepler-1923,Transit,2021,52.60969925,1.95958179,4.5,553.0,5881.0,1.294,1.109,990.838
Kepler-1208 b,Kepler-1208,Transit,2016,11.08507637,2.32,5.99,665.0,5001.0,0.76,0.8,825.176
Kepler-406 c,Kepler-406,Transit,2014,4.62332,0.85,2.71,1050.0,5538.0,1.07,1.07,364.03
Kepler-1910 b,Kepler-1910,Transit,2021,5.688769817,1.184,1.78,645.0,4234.0,0.639,0.636,
Kepler-1655 b,Kepler-1655,Transit,2018,11.8728787,2.213,5.4,938.0,6148.0,1.03,1.03,213.26
HD 191939 g,HD 191939,Radial Velocity,2022,284.0,3.74,13.5,278.0,5348.0,0.94,0.81,53.6089
HD 87816 c,HD 87816,Radial Velocity,2025,7596.0,12.4,3877.5065654,226.65,4989.0,9.0,2.41,133.233
Kepler-185 c,Kepler-185,Transit,2014,20.729042,2.02,4.74,530.0,5208.0,0.806,0.763,466.735
TOI-707 b,TOI-707,Transit,2026,52.79918,2.416,6.42,491.7,5424.0,0.978,0.99,130.959
Kepler-738 b,Kepler-738,Transit,2016,24.58721573,2.5,6.8,530.0,5327.0,0.82,0.86,1113.65
Kepler-725 c,Kepler-725,Transit Timing Variations,2025,207.541,3.08,9.7,268.0,5395.0,0.88,0.95,758.469
Kepler-658 b,Kepler-658,Transit,2016,1.287076762,1.63,3.29,871.0,4103.0,0.6,0.63,388.384
HD 235088 b,HD 235088,Transit,2023,7.4341325,1.982,4.15,805.0,5075.0,0.772,0.849,41.1706
Kepler-93 b,Kepler-93,Transit,2014,4.72673978,1.478,4.66,1133.0,5669.0,0.919,0.911,95.9115
Kepler-596 b,Kepler-596,Transit,2016,21.30022655,3.46,11.8,725.0,6267.0,1.32,1.21,1023.85
K2-174 b,K2-174,Transit,2018,19.562307,2.6,7.27,455.0,4455.0,0.676,0.7,99.9293
TOI-2154 b,TOI-2154,Transit,2023,3.8240801,16.28664896,292.40213444,1580.0,6280.0,1.396,1.233,296.46
Kepler-1357 b,Kepler-1357,Transit,2016,3.0091324,1.28,2.18,1177.0,5597.0,0.9,0.93,1015.69
Kepler-1807 b,Kepler-1807,Transit,2021,10.86060047,2.70393215,7.77,1108.0,6455.0,1.496,1.087,1299.32
GJ 3378 b,GJ 3378,Radial Velocity,2026,21.45,1.32,2.3,272.0,3340.0,0.275,0.262,7.72274
Kepler-256 b,Kepler-256,Transit,2014,1.620493,1.59,3.15,1681.0,5551.0,1.301,1.037,1026.43
NGTS-31 b,NGTS-31,Transit,2025,4.162734,18.04645893,355.96781584,1410.0,5710.0,1.7,0.96,497.376
TOI-2525 c,TOI-2525,Transit,2023,49.2519,10.13291855,208.8132634,399.96,5096.0,0.785,0.849,395.398
Kepler-574 b,Kepler-574,Transit,2016,7.65880414,2.39,6.3,858.0,5612.0,0.91,0.95,682.896
Kepler-1062 b,Kepler-1062,Transit,2016,9.30412078,1.76,3.75,583.0,4597.0,0.7,0.75,397.455
HD 28185 c,HD 28185,Radial Velocity,2022,9090.0,12.8,1906.970442,94.85,5602.0,1.048,0.974,39.3809
TOI-1836 c,TOI-1836,Transit,2024,1.7727471,2.59987579,8.0,2007.6,6237.0,1.6454,1.2518,191.649
Kepler-414 b,Kepler-414,Transit,2014,4.7,1.71,3.5,1024.0,5536.0,0.946,0.89,413.46
Kepler-411 d,Kepler-411,Transit,2018,58.02035,3.319,15.2,410.0,4974.0,0.82,0.87,153.676
Kepler-247 c,Kepler-247,Transit,2014,9.439452,4.09,15.7,686.0,5100.0,0.768,0.887,663.711
Kepler-725 b,Kepler-725,Transit,2016,39.64372,10.8,521.76244,514.0,5395.0,0.88,0.95,758.469
K2-317 b,K2-317,Transit,2020,6.22,2.93,8.91,432.0,3387.0,0.379,0.403,176.291
Kepler-1375 b,Kepler-1375,Transit,2016,3.3004192,1.74,3.68,1543.0,6704.0,1.78,1.47,1430.84
TOI-6478 b,TOI-6478,Transit,2025,34.005019,4.6,19.2,204.4,3230.0,0.234,0.23,38.6057
Kepler-1338 b,Kepler-1338,Transit,2016,0.935118057,0.92,0.721,2124.0,5909.0,1.05,1.04,753.26
WASP-59 b,WASP-59,Transit,2012,7.919585,8.687,274.276,670.0,4650.0,0.613,0.719,115.936
K2-63 c,K2-63,Transit,2016,25.4556,3.9,14.5,958.85,6771.0,1.63,1.4,517.534
KOI-4978 b,KOI-4978,Transit,2024,0.941967,0.7,0.271,,5050.28,0.966,0.859,936.341
Kepler-1539 b,Kepler-1539,Transit,2016,133.3036741,2.7,7.75,301.0,5176.0,0.8,0.84,748.326
Kepler-614 b,Kepler-614,Transit,2016,14.03491514,2.39,6.3,641.0,5268.0,0.81,0.85,527.995
Kepler-257 c,Kepler-257,Transit,2014,6.581484,5.41,25.2,881.0,5180.0,1.037,0.916,780.256
TOI-5398 b,TOI-5398,Transit,2022,10.590547,10.3,58.7,947.0,6000.0,1.051,1.146,130.855
TOI-1820 b,TOI-1820,Transit,2022,4.860674,12.778238,731.0053361,1375.0,5734.0,1.51,1.04,248.504
Kepler-1220 b,Kepler-1220,Transit,2016,7.42693741,1.52,2.92,899.0,5842.0,0.99,1.0,961.907
TOI-938 b,TOI-938,Transit,2026,8.80733882211,4.82401567,20.8,1073.0,5829.42,0.985134,1.1,215.034
Kepler-192 d,Kepler-192,Transit,2016,6.47027579,1.02,1.04,926.0,5487.0,0.94,0.94,651.674
Kepler-825 b,Kepler-825,Transit,2016,3.77360059,1.53,2.96,1270.0,5976.0,1.08,1.03,807.85
Kepler-1414 b,Kepler-1414,Transit,2016,3.51576315,1.23,2.04,1033.0,4951.0,0.75,0.8,570.835
HD 86950 b,HD 86950,Radial Velocity,2016,1270.0,13.0,1144.188,416.76,4805.0,8.8,1.66,209.839
Kepler-1150 b,Kepler-1150,Transit,2016,2.787868386,1.02,1.04,1432.0,4754.0,0.72,0.76,358.518
Kepler-1765 b,Kepler-1765,Transit,2021,10.41889954,2.49508857,6.78,855.0,5692.0,1.064,0.946,764.456
Kepler-831 b,Kepler-831,Transit,2016,5.62153941,1.27,2.15,992.0,5732.0,0.97,0.99,593.54
K2-257 b,K2-257,Transit,2018,1.60588,0.83,0.498,789.0,3725.0,0.5,0.52,64.0065
Kepler-27 d,Kepler-27,Transit,2021,6.546289921,2.7061946,7.78,810.0,5251.0,0.817,0.926,1044.36
HIP 29442 d,TOI-469,Radial Velocity,2023,6.429575,1.538,5.14,920.0,5289.0,0.98,0.901,68.192
Kepler-196 b,Kepler-196,Transit,2014,20.739886,1.9,4.27,536.0,5128.0,0.782,0.839,451.312
Kepler-806 b,Kepler-806,Transit,2016,8.09219642,1.14,1.55,1089.0,5770.0,1.16,0.99,361.896
Kepler-1854 b,Kepler-1854,Transit,2021,39.83110046,2.58746104,7.21,420.0,5026.0,0.759,0.8,423.348
TOI-5624 b,TOI-5624,Transit,2026,3.3903473,2.314,9.4,1136.0,5327.0,0.82,0.858,101.913
Kepler-739 b,Kepler-739,Transit,2016,12.53248465,3.32,11.0,775.0,5601.0,0.9,0.93,1370.65
HD 204313 b,HD 204313,Radial Velocity,2010,2041.11539,12.9,1466.7780983,163.43,5767.0,1.1,1.03,47.7945
Kepler-129 d,Kepler-129,Radial Velocity,2021,2646.0,12.6,2637.9757781,178.86,5770.0,1.653,1.178,408.845
Kepler-389 c,Kepler-389,Transit,2014,14.51143,1.46,2.73,636.0,5376.0,0.792,0.765,816.559
K2-158 c,K2-158,Transit,2018,5.90279,1.28,2.18,948.0,5503.0,0.95,0.92,197.299
Kepler-864 c,Kepler-864,Transit,2023,2.42150341,1.62,3.26,1532.0,6213.0,1.195,1.27,2022.9
TOI-5800 b,TOI-5800,Transit,2025,2.6278838,2.46,9.5,1108.0,4850.0,0.773,0.778,42.9052
TOI-2803 A b,TOI-2803 A,Transit,2023,1.96229325,18.11371281,309.88269682,1893.0,6280.0,1.245,1.118,494.818
Kepler-1462 b,Kepler-1462,Transit,2016,65.6488341,3.82,14.0,390.0,5756.0,1.0,1.0,1017.82
HD 191939 b,HD 191939,Transit,2020,8.8803256,3.41,10.0,880.0,5348.0,0.94,0.81,53.6089
HD 212771 b,HD 212771,Radial Velocity,2009,380.7,13.3,759.6137,507.69,5003.0,5.27,1.56,111.155
Kepler-1695 b,Kepler-1695,Transit,2020,4.7329,1.11948901,1.46,957.0,5473.19,0.987155,0.96,791.175
TOI-1782.02,TOI-1782,Transit,2024,1.829024227,1.839,4.04,974.95,4336.0,0.669,0.68,95.2649
WASP-119 b,WASP-119,Transit,2016,2.49979,15.6926,390.9309,1600.0,5650.0,1.2,1.02,302.448
Kepler-893 b,Kepler-893,Transit,2016,6.33855761,3.03,9.43,1034.0,5820.0,0.99,1.0,1285.59
Kepler-1487 c,Kepler-1487,Transit,2023,35.8007112,7.97,48.7,991.0,5745.0,3.955,1.801,1014.62
KOI-7913 b,KOI-7913 A,Transit,2022,24.278553,2.34,6.08,432.0,4324.0,0.788,0.76,271.277
TOI-1472 c,TOI-1472,Radial Velocity,2025,15.5381747,3.334,21.13,662.0,5100.0,0.84,0.87,121.84
Kepler-1239 b,Kepler-1239,Transit,2016,5.19104016,2.9,8.75,1183.0,6564.0,1.57,1.4,2140.6
Kepler-1902 b,Kepler-1902,Transit,2021,3.822220087,1.17563613,1.74,601.0,3729.0,0.514,0.52,344.337
Kepler-297 b,Kepler-297,Transit,2014,38.871826,2.87,48.5,509.0,5619.0,0.915,0.927,692.14
Kepler-351 d,Kepler-351,Transit,2016,142.544247,2.72,7.85,318.0,5225.0,0.78,0.81,1083.91
K2-136 d,K2-136,Transit,2017,25.575,1.565,3.0,420.0,4500.0,0.677,0.742,59.2474
Kepler-789 b,Kepler-789,Transit,2016,8.63847725,2.12,5.14,1419.0,5870.0,1.02,1.01,1480.16
K2-279 b,K2-279,Transit,2018,7.122605,1.21,1.92,879.0,5558.0,0.86,0.79,182.983
nu Oph c,nu Oph,Radial Velocity,2012,3180.6,12.0,7838.32346,341.48,4887.0,12.24,2.61,46.2107
KOI-1599.02,KOI-1599,Transit,2019,13.6088,1.9,9.0,755.0,5833.0,0.972,1.02,1131.64
HD 109833 b,HD 109833,Transit,2022,9.188526,2.888,8.69,786.0,5881.0,1.0,1.08,79.5561
HIP 71135 b,HIP 71135,Radial Velocity,2019,87.19,4.55,18.8,285.11,4146.0,0.681296,0.66,32.3311
K2-147 b,K2-147,Transit,2018,0.961939,1.47286006,2.77,1077.0,3690.0,0.578,0.563,90.5494
Kepler-11 d,Kepler-11,Transit,2010,22.6845,3.12,7.3,653.0,5663.0,1.065,0.961,646.346
K2-131 b,K2-131,Transit,2017,0.3693038,1.69,7.9,2223.0,5120.0,0.7595,0.803,152.509
Kepler-218 d,Kepler-218,Transit,2016,124.5244647,2.66,7.56,356.0,5542.0,1.02,1.01,656.38
TOI-6054.01,TOI-6054,Transit,2024,7.501428,2.64,12.5,1360.0,6047.0,1.662,1.107,79.407
Kepler-1937 b,Kepler-1937,Transit,2021,9.688599586,3.0229133,9.39,1014.0,6457.0,1.196,1.19,905.069
HAT-P-56 b,HAT-P-56,Transit,2015,2.79083,16.92559,734.1873,1840.0,6566.0,1.47,1.42,320.639
HD 8574 b,HD 8574,Radial Velocity,2002,227.0,13.4,645.1949,394.03,6064.0,1.38,1.34,44.8264
HATS-71 b,HATS-71,Transit,2020,3.7955202,11.478016,117.5971,586.8,3405.0,0.4783,0.4861,140.225
K2-341 b,K2-341,Transit,2021,36.552551,3.21,10.4,598.0,5817.0,1.16,0.98,421.408
GJ 1061 b,GJ 1061,Radial Velocity,2020,3.2073,1.04,1.11,388.11,2953.0,0.156,0.12,3.67278
Kepler-102 b,Kepler-102,Transit,2014,5.286965,0.46,1.1,857.0,4909.0,0.724,0.803,107.796
Kepler-731 b,Kepler-731,Transit,2016,3.855603551,13.88,,1212.0,5849.0,1.06,1.03,1257.16
K2-194 b,K2-194,Transit,2018,39.721386,3.64229858,12.9,,5979.0,1.281115,1.110086,629.51
Kepler-915 b,Kepler-915,Transit,2016,4.59489604,1.5,2.86,1319.0,6173.0,1.38,1.21,849.036
TIC 241249530 b,TIC 241249530,Transit,2024,165.7719,13.29385111,1582.78546686,438.94,6166.0,1.397,1.271,324.448
TOI-5795 b,TOI-5795,Transit,2025,6.1406325,5.62,23.66,1136.78,5715.0,1.082,0.901,156.53
K2-196 b,K2-196,Transit,2018,48.324222,3.59970536,12.6,,6045.0,1.538801,1.162095,584.877
Kepler-1315 b,Kepler-1315,Transit,2016,0.84338011,1.38,2.48,1541.0,4861.0,0.75,0.8,480.869
Kepler-93 c,Kepler-93,Radial Velocity,2014,1460.0,,954.0,,5669.0,0.92,0.91,95.9115
TOI-5599 b,TOI-5599,Transit,2026,5.43691503941,7.1888212,40.9,1496.0,6137.02,1.91334,1.21,547.948
Kepler-1912 b,Kepler-1912,Transit,2021,6.059219837,1.35670508,2.41,976.0,5734.0,0.962,0.977,297.017
TOI-1260 c,TOI-1260,Transit,2021,7.493134,2.76,13.2,651.0,4227.0,0.672,0.679,73.5977
Kepler-306 e,Kepler-306,Transit,2014,44.840975,2.27,5.77,390.0,4954.0,0.719,0.75,775.679
K2-396 b,K2-396,Transit,2022,0.673862,1.579,3.12,,5236.0,0.92,0.954,274.864
HD 10442 b,HD 10442,Radial Velocity,2014,1032.3,13.6,472.61321,234.49,4912.0,1.97,1.01,135.374
Kepler-198 c,Kepler-198,Transit,2014,49.567416,2.47,6.66,465.0,5574.0,0.94,0.995,495.358
Kepler-129 b,Kepler-129,Transit,2014,15.79,2.4,20.0,910.0,5770.0,1.653,1.178,408.845
Kepler-1549 b,Kepler-1549,Transit,2016,214.886545,2.57,7.13,286.0,5324.0,0.84,0.88,803.052
HD 8326 b,HD 8326,Radial Velocity,2019,158.991,9.58,66.6,287.23,4914.0,0.783181,0.8,30.6862
Kepler-1800 b,Kepler-1800,Transit,2021,4.562029839,0.99679734,0.961,1533.0,5343.0,2.506,1.33,350.455
TOI-1742 b,TOI-1742,Transit,2024,21.269084,2.36507598,9.7,694.09,5815.0,1.131,1.0861,72.8871
BD+45 564 b,BD+45 564,Radial Velocity,2021,307.88,13.6,432.24663352,238.82,5004.0,0.813064,0.81,53.622
HD 11343 c,HIP 8541,Radial Velocity,2022,228.53731,13.9,255.53403923,613.29,4672.0,6.84,2.009,155.121
TOI-2295 b,TOI-2295,Transit,2024,30.033302,16.47720163,278.09985612,747.0,5730.0,1.459,1.168,126.279
Kepler-656 c,Kepler-656,Transit,2023,5.25449393,1.41,2.57,975.0,5550.0,0.954,1.05,890.352
Kepler-1941 b,Kepler-1941,Transit,2021,31.33510017,2.64976949,7.51,666.0,6404.0,1.142,1.175,1494.39
Kepler-1311 d,Kepler-1311,Transit,2021,197.5110016,9.65837605,67.5,391.0,5616.0,1.674,1.032,866.331
Kepler-1316 b,Kepler-1316,Transit,2016,87.9732136,3.54,12.3,446.0,5884.0,1.12,1.04,800.871
TOI-6954 b,TOI-6954,Transit,2026,4.02074127419,3.63524486,12.8,930.0,5170.87,0.947112,0.834,190.042
WASP-7 b,WASP-7,Transit,2008,4.9546416,14.90797,305.1168,1487.0,6400.0,1.432,1.276,162.303
DS Tuc A b,DS Tuc A,Transit,2019,8.138268,5.7,413.179,850.0,5428.0,0.964,1.01,44.0622
TOI-128.01,TOI-128,Transit,2024,4.9404681,2.21898,5.56,1344.51,6086.0,1.13,0.851969,68.4727
TOI-209 b,TOI-209,Transit,2026,4.37943587445,2.3947209,6.32,845.78,4806.66,0.742779,0.81,113.387
TOI-261.01,TOI-261,Transit,2021,3.3639254,3.0449863,9.51,1722.49,5890.3,1.28018,0.496728,114.495
TOI-261.02,TOI-261,Transit,2021,13.03935862135,3.34822227,11.2,1007.53,5890.3,1.31383,1.069,114.495
TOI-262 b,TOI-262,Transit,2023,11.14529,2.07,4.94,584.0,5310.0,0.853,0.913,43.932
TOI-2040 b,TOI-2040,Transit,2026,3.8608576,10.32347122,248.22398587,1070.0,5132.0,0.87,0.92,144.717
TOI-2227 b,TOI-2227,Transit,2026,4.22175815648,3.09885187,9.79,1539.88,5889.54,1.20847,1.03,165.441
TOI-2977 b,TOI-2977,Transit,2023,2.3505614,13.15934334,533.95172376,1544.0,5691.0,1.073,0.936,
Kepler-256 d,Kepler-256,Transit,2014,5.839172,2.48,6.71,1097.0,5551.0,1.301,1.037,1026.43
K2-90 c,K2-90,Transit,2016,2.900706,1.3,2.24,908.07,4421.98,0.634754,0.704613,134.188
HD 11506 d,HD 11506,Radial Velocity,2022,26500.0,12.3,4068.2036096,77.07,6123.0,1.24,1.22,51.261
Kepler-1118 b,Kepler-1118,Transit,2016,38.6715075,2.74,7.95,502.0,5688.0,0.97,0.96,888.325
K2-247 c,K2-247,Transit,2018,6.49424,2.19,5.43,688.0,4667.0,0.69,0.74,258.113
K2-322 b,K2-322,Transit,2020,8.205,1.92,4.35,635.0,4141.0,0.602,0.63,123.415
HD 141004 b,HD 141004,Radial Velocity,2021,15.5083,3.77,13.63483866,950.73,5885.38,1.389372,1.051904,11.8148
Kepler-168 c,Kepler-168,Transit,2014,13.193242,2.69,7.7,862.0,6282.0,1.107,1.113,1343.6
Kepler-419 b,Kepler-419,Transit,2014,69.7546,10.8,794.5,613.0,6430.0,1.74,1.39,1011.36
TOI-4153 b,TOI-4153,Transit,2024,4.6174141,16.11851425,365.50266805,1669.0,6860.0,1.605,1.572,423.84
TOI-1422 c,TOI-1422,Radial Velocity,2025,34.5633,2.61,14.0,628.0,5840.0,1.019,0.9903,155.141
TOI-4155 b,TOI-4155,Transit,2025,3.320729,3.21,10.4,1255.0,5724.0,0.95,1.16,240.737
GJ 9689 b,GJ 9689,Radial Velocity,2020,18.27,3.07,9.65,453.04,3836.0,0.57,0.59,30.6203
Kepler-169 d,Kepler-169,Transit,2014,8.348125,1.25,2.1,702.0,4997.0,0.763,0.825,406.529
Kepler-191 d,Kepler-191,Transit,2016,5.945041017,2.28,5.82,857.0,5215.0,0.8,0.84,594.464
K2-8 b,K2-8,Transit,2015,10.35239,3.58,12.5,631.0,4870.0,0.74,0.78,403.513
HATS-33 b,HATS-33,Transit,2016,2.5495551,13.78707,378.85336,1429.0,5659.0,1.022,1.062,248.46
Kepler-1464 b,Kepler-1464,Transit,2016,31.7785901,1.66,3.39,564.0,5828.0,1.01,1.02,1151.73
Kepler-805 b,Kepler-805,Transit,2016,30.8638931,2.89,8.7,743.0,6112.0,1.65,1.19,638.49
17 Sco b,17 Sco,Radial Velocity,2020,578.38,12.9,1373.01871824,847.51,4157.0,25.92,1.22,124.953
Kepler-264 c,Kepler-264,Transit,2014,140.101261,2.83,8.4,511.0,6158.0,1.55,1.426,942.173
HR 858 b,HR 858,Transit,2019,3.585287,2.004,3.55,1552.0,6354.0,1.258,1.204,31.964
Kepler-941 b,Kepler-941,Transit,2016,17.42395198,3.08,9.69,722.0,5539.0,0.86,0.89,1088.36
Kepler-1832 b,Kepler-1832,Transit,2021,3.138789892,1.22719556,2.02,1022.0,5242.0,0.722,0.684,486.174
TOI-833 b,TOI-833,Transit,2022,1.0418777,1.27,2.15,1118.0,3920.0,0.6,0.61,41.7148
HD 38283 b,HD 38283,Radial Velocity,2010,363.20001,14.0,127.132,348.58,5981.0,1.49,1.37,38.0615
Kepler-341 b,Kepler-341,Transit,2014,5.195528,1.18,1.76,1085.0,6012.0,1.024,0.976,1047.03
TIC 153919886 b,TIC 153919886,Transit,2026,2.10510492329,2.70601108,7.78,,4137.16,0.591697,0.581261,132.33
Kepler-1669 b,Kepler-1669,Transit,2020,9.51216,2.78043818,8.15,530.0,4303.0,0.714145,0.67,543.444
Kepler-295 c,Kepler-295,Transit,2014,21.526258,1.17,1.71,621.0,5603.0,0.898,0.89,1699.19
NN Ser c,NN Ser,Eclipse Timing Variations,2010,6987.0,12.6,2329.6,,57000.0,,0.535,515.818
Kepler-1802 b,Kepler-1802,Transit,2021,15.45020008,1.671,3.43,581.0,4245.0,0.637,0.649,636.694
TOI-6008 b,TOI-6008,Transit,2024,0.8574347,1.03,4.0,707.0,3075.0,0.242,0.23,23.1008
Kepler-1437 b,Kepler-1437,Transit,2016,10.9295461,1.37,2.45,770.0,5557.0,0.9,0.93,2101.69
Kepler-330 b,Kepler-330,Transit,2014,8.25978,1.35,2.39,714.0,5117.0,0.722,0.848,717.527
Kepler-100 c,Kepler-100,Transit,2014,12.8159,2.2,7.05,939.0,5825.0,1.49,1.08,304.645
K2-377 b,K2-377,Transit,2022,12.832235,1.693,3.51,,4200.0,0.691,0.821,195.149
Kepler-554 b,Kepler-554,Transit,2016,1.902208556,4.29,17.0,1346.0,5447.0,0.92,0.93,690.525
Kepler-208 e,Kepler-208,Transit,2014,16.259458,1.48,2.79,880.0,6092.0,1.314,1.082,775.328
Kepler-1287 b,Kepler-1287,Transit,2016,11.47685909,1.54,2.99,796.0,5715.0,0.94,0.96,1003.26
Kepler-646 b,Kepler-646,Transit,2016,15.87364565,1.99,4.62,632.0,5634.0,0.91,0.93,451.794
Kepler-1880 b,Kepler-1880,Transit,2021,6.309219837,2.11686218,5.13,606.0,4380.0,0.53,0.524,611.041
Kepler-587 b,Kepler-587,Transit,2016,10.94027841,2.23,5.6,764.0,5549.0,0.89,0.92,787.894
EPIC 201238110 b,EPIC 201238110,Transit,2019,28.1656,1.87,4.16,,3587.0,0.374,0.41,159.259
K2-240 c,K2-240,Transit,2018,20.523,1.8,3.89,389.0,3810.0,0.54,0.58,72.9105
Kepler-1495 b,Kepler-1495,Transit,2016,85.273256,2.94,8.96,443.0,5831.0,1.04,1.03,1355.54
Kepler-508 b,Kepler-508,Transit,2016,25.30889748,1.64,3.33,710.0,6025.0,1.25,1.16,324.618
HD 191939 f,HD 191939,Radial Velocity,2022,2898.0,13.2,915.34581216,125.0,5348.0,0.94,0.81,53.6089
HN Peg b,HN Peg,Imaging,2006,,11.7768,6991.57,10.77,6186.0,1.006954,1.08,18.1186
K2-413 b,K2-413,Transit,2022,0.8094,0.7599,0.363,1535.2,4116.0,0.7,0.808,285.162
KOI-351 h,KOI-351,Transit,2013,331.60296,11.252,203.0,294.0,6031.13,1.185,1.242,848.254
HD 60779 c,HD 60779,Radial Velocity,2026,104.79,5.79,28.3,,6081.0,1.129,1.05,35.4445
K2-19 c,K2-19,Transit,2015,11.906,4.1,11.0,679.0,5322.0,0.82,0.88,289.827
TOI-3160 A b,TOI-3160 A,Transit,2025,3.971281,13.7646283,378.21580433,1539.0,6190.0,1.346,1.088,567.678
Kepler-1333 b,Kepler-1333,Transit,2016,109.6471842,2.81,8.3,428.0,5628.0,0.92,0.94,932.446
Kepler-1715 b,Kepler-1715,Transit,2021,35.59730148,4.14042267,16.0,646.0,6212.0,1.209,1.082,522.605
Kepler-1885 b,Kepler-1885,Transit,2021,2.522559881,1.51110555,2.89,1205.0,5591.0,0.86,0.977,818.482
TOI-1803 c,TOI-1803,Transit,2025,12.885779,4.29,8.0,588.0,4687.0,0.715,0.756,119.24
Kepler-1116 b,Kepler-1116,Transit,2016,41.6977827,2.54,6.99,488.0,5641.0,0.93,0.95,1008.57
Kepler-232 b,Kepler-232,Transit,2014,4.431222,3.08,9.69,1104.0,5847.0,0.968,0.97,1349.13
HD 141399 d,HD 141399,Radial Velocity,2014,1069.8,13.7,375.0394,220.0,5600.0,1.387236,1.07,37.0169
HIP 57274 b,HIP 57274,Radial Velocity,2011,8.1352,,3359.44626199,725.95,4510.0,0.78,0.29,25.8618
Kepler-398 d,Kepler-398,Transit,2016,6.83437001,0.88,0.615,636.0,4557.0,0.67,0.72,177.355
HD 158259 b,HD 158259,Radial Velocity,2020,2.178,1.28228,2.22,1462.0,5801.89,1.21,1.08,27.0498
Kepler-577 b,Kepler-577,Transit,2016,25.69578251,2.55,7.04,314.0,4984.0,0.73,0.78,524.247
Kepler-953 b,Kepler-953,Transit,2016,88.40655258,4.21,16.5,410.0,5416.0,0.99,0.95,258.893
HD 124330 b,HD 124330,Radial Velocity,2021,270.66,14.0,238.37130525,348.79,5873.0,1.30446,1.15,60.1977
Kepler-1966 b,Kepler-1966,Transit,2021,8.617429733,1.10479327,1.39,733.0,5009.0,0.84,0.797,484.601
Kepler-212 c,Kepler-212,Transit,2014,31.805174,2.74,7.95,664.0,5852.0,1.455,1.166,687.194
HD 238914 b,HD 238914,Radial Velocity,2018,4100.0,12.8,1906.98,343.67,4769.0,12.73,1.47,519.452
Kepler-44 b,Kepler-44,Transit,2011,3.2467293,12.22,317.82,1544.0,5800.0,1.35,1.12,1188.0
Kepler-158 b,Kepler-158,Transit,2014,16.709184,2.12,5.14,500.0,4623.0,0.624,0.655,315.177
Kepler-1080 b,Kepler-1080,Transit,2016,77.2548396,3.28,10.8,548.0,5956.0,1.16,1.1,1382.82
Kepler-1228 b,Kepler-1228,Transit,2016,0.577369579,1.54,2.99,1757.0,5063.0,0.74,0.78,515.453
TOI-5786 b,TOI-5786,Transit,2025,12.779107,8.54,73.0,1040.0,6235.0,1.36,1.23,192.475
Kepler-1850 b,Kepler-1850,Transit,2021,1.385800004,0.72909663,0.313,1008.0,4239.0,0.6,0.611,250.199
75 Cet c,75 Cet,Radial Velocity,2023,2051.62,13.9,289.85950718,376.92,4809.0,10.38,1.92,82.9613
TOI-2345 b,TOI-2345,Transit,2025,1.0528573,1.504,3.49,1478.0,4687.0,0.729,0.727,81.6541
DMPP-1 e,DMPP-1,Radial Velocity,2019,5.516,1.86,4.13,1314.0,6196.0,1.26,1.21,62.5388
Kepler-548 b,Kepler-548,Transit,2016,4.454194338,11.99,,1017.0,5535.0,0.9,0.93,751.776
Kepler-260 c,Kepler-260,Transit,2014,76.050178,1.74,3.68,372.0,5250.0,0.862,1.013,627.365
Kepler-1460 b,Kepler-1460,Transit,2016,29.9633247,1.96,4.5,391.0,4422.0,0.67,0.7,553.218
HD 133131 B b,HD 133131 B,Radial Velocity,2016,5769.0,13.3,794.575,112.28,5805.0,0.989538,0.93,51.2993
HD 158259 d,HD 158259,Radial Velocity,2020,5.1980814,2.18,5.41,,5801.89,1.21,1.08,27.0498
WASP-138 b,WASP-138,Transit,2016,3.634433,12.21781,387.7526,1590.0,6272.0,1.36,1.22,414.234
TOI-5181 A b,TOI-5181 A,Transit,2025,3.8922295,13.34989601,330.54154328,1585.0,6060.0,1.53,1.25,480.155
Kepler-599 b,Kepler-599,Transit,2016,15.65562652,2.84,8.45,623.0,5127.0,0.79,0.83,558.517
Kepler-158 d,Kepler-158,Transit,2024,0.645088,0.43,0.0472,,4895.97,0.668,0.656,315.177
Kepler-575 b,Kepler-575,Transit,2016,9.37891944,2.39,6.3,803.0,5710.0,0.95,0.97,853.977
EPIC 246851721 b,EPIC 246851721,Transit,2018,6.180235,11.780659,953.49,1401.0,6202.0,1.586,1.317,372.632
HD 1461 b,HD 1461,Radial Velocity,2010,5.77152,2.42,6.44,1185.14,5765.0,1.152288,1.02,23.4534
Gl 725 A b,Gl 725 A,Radial Velocity,2025,11.2201,1.48,2.78,376.1,3433.0,0.351,0.33,3.5214
Kepler-1218 b,Kepler-1218,Transit,2016,22.9221266,1.44,2.67,684.0,5986.0,1.1,1.06,840.503
Kepler-1891 b,Kepler-1891,Transit,2021,4.02229023,1.52139156,2.93,1017.0,5516.0,0.827,0.873,596.24
Kepler-782 b,Kepler-782,Transit,2016,158.6853308,3.21,10.4,350.0,5867.0,1.01,0.98,446.844
Kepler-330 c,Kepler-330,Transit,2014,15.955387,1.95,4.46,573.0,5117.0,0.722,0.848,717.527
Kepler-987 b,Kepler-987,Transit,2016,105.3033148,3.26,10.7,351.0,5637.0,0.91,0.97,914.126
Kepler-385 d,Kepler-385,Transit,2020,56.4159,2.6186448,7.36,535.0,5829.0,1.157,1.05,1432.61
Kepler-115 c,Kepler-115,Transit,2014,8.990889,2.6,7.27,960.0,5979.0,1.205,1.042,623.609
TOI-2120 b,TOI-2120,Transit,2024,5.7998164,2.122,6.8,384.0,3131.0,0.245,0.211,32.1755
K2-395 b,K2-395,Transit,2022,4.803352,2.597,7.26,,5007.0,0.783,0.952,286.727
KOI-1833 d,Kepler-968,Transit,2021,7.685,2.58,11.02,613.0,4413.0,0.667,0.681,290.324
Kepler-734 b,Kepler-734,Transit,2016,6.104852856,3.56,12.4,784.0,5326.0,0.78,0.85,1157.21
HD 104067 c,HD 104067,Radial Velocity,2024,13.8992,3.69,13.2,648.36,4952.0,0.78,0.82,20.3632
Kepler-514 b,Kepler-514,Transit,2016,5.65179605,1.72,3.61,1248.0,6106.0,1.44,1.28,455.336
Kepler-1456 b,Kepler-1456,Transit,2016,18.1373829,1.14,1.55,433.0,4231.0,0.62,0.64,370.312
TOI-1411 b,TOI-1411,Transit,2022,1.4520527,1.19880592,2.0,976.4,4115.0,0.614,0.6045,32.4778
Kepler-1614 b,Kepler-1614,Transit,2016,3.9466141,1.49,2.83,981.0,5121.0,0.76,0.79,1191.19
CoRoT-20 b,CoRoT-20,Transit,2011,9.24285,9.41556,1366.669,1024.0,5880.0,1.02,1.14,844.061
K2-187 d,K2-187,Transit,2018,7.149584,2.4,6.35,865.0,5438.0,0.83,0.966999,330.916
HD 44219 b,HD 44219,Radial Velocity,2010,472.0,14.1,184.34047606,283.89,5752.0,1.32,1.2,52.9051
Kepler-142 c,Kepler-142,Transit,2014,4.761702,2.86,8.55,1201.0,5790.0,1.269,0.978,548.686
HD 72659 b,HD 72659,Radial Velocity,2002,3549.0,13.2,949.67128012,155.34,5929.0,1.36,1.033,51.8949
Kepler-652 b,Kepler-652,Transit,2016,4.182002531,2.49,6.76,974.0,5490.0,0.88,0.97,394.55
TOI-332 b,TOI-332,Transit,2023,0.777038,3.2,57.2,1871.0,5251.0,0.87,0.88,222.852
K2-62 b,K2-62,Transit,2016,6.67199,2.02,4.74,666.0,4455.0,0.696,0.67,112.467
K2-380 b,K2-380,Transit,2022,9.401312,2.729,7.89,,5911.0,1.32,0.993,249.303
Kepler-785 b,Kepler-785,Transit,2016,1.973760926,13.02,,753.0,4739.0,0.71,0.77,642.051
K2-224 b,K2-224,Transit,2018,4.47904,1.56,3.05,1002.0,5620.0,0.84,0.91,275.255
Kepler-1066 b,Kepler-1066,Transit,2016,1.931559839,2.36,6.17,1290.0,5762.0,0.98,0.98,344.251
Kepler-1315 c,Kepler-1315,Transit,2021,6.566060066,1.84398883,4.06,777.0,4818.0,0.856,0.809,480.869
TOI-375 d,TOI-375,Radial Velocity,2026,297.9,13.6,445.59542661,434.0,5259.9,2.9,1.441,396.213
KIC 9663113 b,KIC 9663113,Transit,2015,572.3847,4.6,19.2,264.0,6065.0,1.03,0.98,1594.74
NGTS-12 b,NGTS-12,Transit,2020,7.532806,11.747032,66.10864,1257.0,5690.0,1.589,1.021,446.442
Kepler-1240 b,Kepler-1240,Transit,2016,4.8663815,1.15,1.6,1121.0,5682.0,0.96,0.98,862.186
KIC 7917485 b,KIC 7917485,Pulsation Timing Variations,2016,840.0,12.4,3750.394,,7067.0,2.009938,1.63,1382.89
HD 26161 b,HD 26161,Radial Velocity,2021,10942.29013,11.9,9045.39646322,110.98,6057.62,1.455981,1.12,40.9128
Kepler-1323 b,Kepler-1323,Transit,2016,0.929906678,1.52,2.92,2291.0,6169.0,1.4,1.18,465.417
TOI-2379 b,TOI-2379,Transit,2024,5.4693827,11.72459381,1830.69162432,624.0,3707.0,0.622,0.645,211.247
Kepler-657 b,Kepler-657,Transit,2016,24.54350418,3.52,12.2,616.0,5808.0,1.01,1.01,1691.88
K2-198 c,K2-198,Transit,2019,3.3596055,1.423,2.61,1229.9,5212.9,0.757,0.799,110.567
HD 170469 b,HD 170469,Radial Velocity,2007,1145.0,14.1,209.7678,209.6,5842.0,1.24,1.1,60.178
Kepler-139 d,Kepler-139,Transit,2023,7.305699922,1.695,2.0,972.0,5622.0,1.045,1.078,391.038
Kepler-1639 b,Kepler-1639,Transit,2016,9.878482,2.58,7.18,1003.0,6150.0,1.18,1.12,1031.31
TOI-2580 b,TOI-2580,Transit,2024,3.39775,17.37392009,200.23189641,2410.0,6120.0,1.81,1.33,379.253
Kepler-1000 b,Kepler-1000,Transit,2016,120.0181272,4.76,20.3,473.0,6453.0,1.51,1.4,1115.62
TOI-2088 b,TOI-2088,Transit,2024,124.72997,3.6831179,37.0,300.33,5081.0,0.8481,0.9027,126.46
HIP 98599 b,HIP 98599,Radial Velocity,2026,2656.0,12.7,2177.12458795,171.08,5978.0,1.39484,1.19,75.9428
K2-154 b,K2-154,Transit,2018,3.67626,1.99,4.62,715.0,4097.0,0.63,0.65,129.356
Kepler-240 b,Kepler-240,Transit,2014,4.144495,1.37,2.45,864.0,4985.0,0.739,0.868,746.927
HIP 38594 c,HIP 38594,Radial Velocity,2020,3477.768,7.94,48.4,79.96,4086.3,0.626646,0.61,17.7886
Kepler-145 c,Kepler-145,Transit,2013,42.882,4.32,79.4,709.0,6022.0,1.85,1.32,566.85
Kepler-144 b,Kepler-144,Transit,2014,5.885273,1.33,2.33,1253.0,6075.0,1.235,1.154,384.917
TOI-1846 b,TOI-1846,Transit,2025,3.9306737,1.792,3.87,568.1,3568.0,0.397,0.418,47.2496
Kepler-1957 b,Kepler-1957,Transit,2021,2.186619997,0.94374867,0.79,1099.0,4904.0,0.772,0.745,460.899
Kepler-219 b,Kepler-219,Transit,2014,4.585512,2.95,9.01,1307.0,5786.0,1.491,1.164,787.07
TIC 365102760 b,TIC 365102760,Transit,2024,4.21285367,6.21,19.2,1676.12,4900.0,3.13,1.17,555.546
Kepler-1153 b,Kepler-1153,Transit,2016,1.755835327,1.73,3.64,1343.0,5470.0,0.88,0.91,1119.49
Kepler-327 b,Kepler-327,Transit,2014,2.549575,1.11,1.41,682.0,3799.0,0.492,0.591913,241.987
K2-72 b,K2-72,Transit,2016,5.577212,1.08,1.28,466.13,3360.47,0.330989,0.271365,66.4321
TOI-5126 c,TOI-5126,Transit,2023,17.8999,3.86,14.2,971.0,6150.0,1.241,1.24,160.414
Kepler-405 b,Kepler-405,Transit,2014,10.613839,2.08,4.98,785.0,5818.0,0.893,0.873,1065.08
Kepler-451 d,2MASS J19383260+4603591,Eclipse Timing Variations,2022,43.0,13.5,559.37799632,,29564.0,0.203,0.48,396.332
Kepler-1421 b,Kepler-1421,Transit,2016,6.9131112,0.93,0.749,1209.0,6335.0,1.42,1.25,783.401
K2-332 b,K2-332,Transit,2021,17.70632,2.2,5.48,266.0,3315.0,0.28,0.27,123.202
Kepler-1288 b,Kepler-1288,Transit,2016,2.76122421,1.12,1.46,2017.0,6132.0,1.29,1.2,814.078
GJ 1151 c,GJ 1151,Radial Velocity,2023,389.7,3.25,10.62,88.3,3280.0,0.1781,0.1639,8.03625
Kepler-80 c,Kepler-80,Transit,2012,9.52355,2.74,6.74,495.0,4540.0,0.678,0.73,369.451
Kepler-925 b,Kepler-925,Transit,2016,33.8678531,2.34,6.08,394.0,4673.0,0.72,0.77,611.115
Kepler-194 d,Kepler-194,Transit,2014,52.814973,2.4,6.35,562.0,6089.0,1.025,0.94,1097.97
Kepler-945 b,Kepler-945,Transit,2016,31.0033814,2.63,7.41,616.0,5718.0,0.97,0.97,1651.25
HD 156846 b,HD 156846,Radial Velocity,2007,359.51001,12.4,3391.2461,382.49,6090.0,1.9,1.38,47.7332
TOI-2025 b,TOI-2025,Transit,2022,8.8720982,11.89272852,1144.1822652,1166.0,5977.0,1.459,1.199,335.985
Kepler-1878 b,Kepler-1878,Transit,2021,4.445879936,2.92019781,8.86,1063.0,5918.0,0.865,0.956,1494.3
Kepler-1447 b,Kepler-1447,Transit,2016,56.6747285,2.9,8.75,522.0,5722.0,0.95,0.97,890.296
Kepler-1805 b,Kepler-1805,Transit,2021,8.847940445,1.54502915,3.0,479.0,3867.0,0.552,0.581,221.639
HD 158259 f,HD 158259,Radial Velocity,2020,12.028,2.35,6.14,,5801.89,1.21,1.08,27.0498
Kepler-370 b,Kepler-370,Transit,2014,4.57953,1.59,3.15,1040.0,5852.0,0.9,0.982,1167.94
Kepler-956 b,Kepler-956,Transit,2016,5.248672631,3.0,9.27,1056.0,6040.0,1.15,1.1,544.939
HD 63433 b,HD 63433,Transit,2020,7.1079475,2.14,21.755,967.11,5553.0,0.934,0.956,22.4035
Kepler-1142 b,Kepler-1142,Transit,2016,18.3027248,1.47,2.76,902.0,5685.0,0.96,0.97,1273.51
Kepler-853 b,Kepler-853,Transit,2016,7.16892463,1.69,3.5,1187.0,6350.0,1.55,1.3,568.676
Kepler-451 c,2MASS J19383260+4603591,Eclipse Timing Variations,2022,1460.0,13.5,511.70373527,,29564.0,0.203,0.48,396.332
WISPIT 1 b,WISPIT 1,Imaging,2025,,12.4,3305.4154328,12.94,4670.0,1.1161,0.72,230.007
TOI-2529 b,TOI-2529,Transit,2024,64.5949,11.54525012,743.71847238,636.0,5802.0,1.7,1.11,296.271
KOI-1599.01,KOI-1599,Transit,2019,20.4415,1.9,4.6,660.0,5833.0,0.972,1.02,1131.64
Kepler-1759 b,Kepler-1759,Transit,2021,3.720230103,0.9037791,0.676,954.0,5017.0,0.797,0.76,385.348
Kepler-1215 b,Kepler-1215,Transit,2016,4.76703963,1.22,1.98,1046.0,5616.0,0.93,0.95,661.022
Kepler-1733 b,Kepler-1733,Transit,2021,9.229579926,3.63582354,12.8,1021.0,6320.0,1.252,1.273,2080.51
Kepler-357 c,Kepler-357,Transit,2014,16.85837,2.67,7.61,576.0,5036.0,0.834,0.794,688.573
Kepler-194 c,Kepler-194,Transit,2014,17.308032,2.59,7.22,815.0,6089.0,1.025,0.94,1097.97
Kepler-1056 b,Kepler-1056,Transit,2016,27.495606,3.01,9.32,590.0,6127.0,1.2,1.12,982.51
Kepler-1424 b,Kepler-1424,Transit,2016,29.6091744,1.16,1.65,629.0,5838.0,1.07,1.02,661.421
Kepler-1642 c,Kepler-1642,Transit,2016,6.6513802,2.66,7.56,1095.0,5355.0,0.84,0.88,413.873
HD 164595 b,HD 164595,Radial Velocity,2015,40.0,4.16,16.14,589.0,5790.0,1.023606,0.99,28.254
K2-24 c,K2-24,Transit,2016,42.34732,7.93,16.4,591.0,5726.0,1.185,1.091,170.562
Kepler-235 d,Kepler-235,Transit,2014,20.060548,2.05,4.86,401.0,4255.0,0.554,0.581,428.018
HD 97037 b,HD 97037,Radial Velocity,2022,6449.08337,12.1,6707.76852973,120.99,5874.1,1.26356,1.06,32.413
Kepler-776 b,Kepler-776,Transit,2016,4.89718784,1.28,2.18,904.0,5071.0,0.78,0.83,727.904
K2-352 b,K2-352,Transit,2021,3.665912,1.37,2.45,1160.0,5791.0,0.95,0.98,176.051
TOI-3288 b,TOI-3288,Transit,2025,1.4338647,12.24020692,536.17652261,973.0,4072.0,0.672,0.643,200.5
Kepler-1420 b,Kepler-1420,Transit,2016,6.69960006,1.28,2.18,806.0,5187.0,0.79,0.82,1054.37
K2-333 b,K2-333,Transit,2021,14.759287,6.18,31.6,826.0,5880.0,1.22,1.06,343.99
Kepler-79 e,Kepler-79,Transit,2014,81.0665,3.53,3.8,511.0,6389.0,1.316,1.244,1020.72
Kepler-20 d,Kepler-20,Transit,2011,77.611455,2.606,13.4,430.0,5495.0,0.9164,0.929,282.563
DMPP-1 c,DMPP-1,Radial Velocity,2019,10.03,3.31,10.94,1239.0,6196.0,1.26,1.21,62.5388
Kepler-947 b,Kepler-947,Transit,2016,26.9644317,2.28,5.82,573.0,5508.0,0.87,0.9,1730.78
Kepler-689 b,Kepler-689,Transit,2016,22.36656079,2.89,8.7,536.0,5518.0,0.88,0.91,1131.73
NGC 2682 YBP 1194 b,NGC 2682 YBP 1194,Radial Velocity,2014,6.959,12.3,101.7056,,5780.0,0.99,1.01,872.92
HD 211970 b,HD 211970,Radial Velocity,2019,25.201,3.66,13.0,398.77,4127.0,0.574175,0.61,13.1277
Kepler-336 c,Kepler-336,Transit,2014,9.600001,2.1,5.06,967.0,5867.0,1.304,1.09,768.86
Kepler-423 b,Kepler-423,Transit,2014,2.6843285,13.361,189.101,1605.0,5560.0,0.95,0.85,758.753
2M0437 b,2MASS J04372171+2651014,Imaging,2021,,13.0,1271.313628,1450.0,3100.0,0.84,0.17,128.484
Kepler-561 b,Kepler-561,Transit,2016,58.3620495,6.96,38.7,446.0,5646.0,0.94,0.96,621.378
24 Boo b,24 Boo,Radial Velocity,2018,30.33,13.9,280.64248338,1840.86,4816.0,12.19,1.05,95.9863
HD 74156 c,HD 74156,Radial Velocity,2003,2448.48726,12.5,2753.98314665,187.52,6068.0,1.510576,1.1,57.603
Kepler-1365 c,Kepler-1365,Transit,2016,4.77468005,0.8,0.437,1137.0,5770.0,1.05,1.0,840.128
HD 20003 c,HD 20003,Radial Velocity,2019,33.9239,3.89,14.44,573.89,5494.0,0.921637,0.875,41.8316
Kepler-716 b,Kepler-716,Transit,2016,10.37168453,2.9,8.75,720.0,5099.0,0.78,0.83,635.009
TOI-4562 b,TOI-4562,Transit,2023,225.1064,12.53,732.0,318.0,6096.0,1.152,1.192,339.605
HD 134606 b,HD 134606,Radial Velocity,2024,12.089,2.97,9.09,894.63,5576.0,1.158,1.046,26.7909
K2-66 b,K2-66,Transit,2016,5.06963,2.49,21.3,1372.0,5887.0,1.67,1.11,513.877
TIC 437041147 b,TIC 437041147,Transit,2026,3.82301421497,2.21526814,5.54,,5224.36,0.961092,0.931,246.6
Kepler-583 b,Kepler-583,Transit,2016,6.5100253,2.28,5.82,1017.0,5523.0,0.91,0.94,867.271
Kepler-1649 c,Kepler-1649,Transit,2020,19.53527,1.06,1.2,234.0,3240.0,0.2317,0.1977,92.1913
WASP-57 b,WASP-57,Transit,2012,2.83891856,11.76945,204.68252,1338.0,5600.0,0.927,0.886,398.276
Kepler-381 d,Kepler-381,Transit,2021,8.256299973,1.0667865,1.23,1387.0,6197.0,2.188,1.198,267.323
TOI-1199 b,TOI-1199,Transit,2024,3.671463,10.5140239,75.96098927,1486.0,5710.0,1.45,1.23,248.427
TOI-4961 b,TOI-4961,Transit,2025,7.479182,12.34108775,572.0911326,919.0,5380.0,0.912,0.912,213.073
Kepler-118 c,Kepler-118,Transit,2014,20.17202,7.68,45.7,564.0,5274.0,1.094,0.811,574.228
Kepler-278 b,Kepler-278,Transit,2014,30.1556,3.955,56.0,586.0,4965.0,2.861,1.227,443.03
K2-268 e,K2-268,Transit,2021,6.131243,1.33,2.33,801.0,5106.0,0.78,0.84,327.783
Kepler-1254 d,Kepler-1254,Transit,2016,5.72717226,1.31,2.27,794.0,4985.0,0.75,0.78,622.818
HD 167768 b,HD 167768,Radial Velocity,2022,20.6532,13.9,270.15414595,1873.59,4851.0,9.7,1.08,107.214
TOI-1036 b,TOI-1036,Transit,2026,3.77952125496,6.28499593,32.5,1294.0,5664.68,1.17554,1.03,184.015
EPIC 212424622 b,EPIC 212424622,Transit,2019,18.0983,2.17,5.35,,5782.33,1.2247,1.106,611.804
Kepler-1915 b,Kepler-1915,Transit,2021,13.83539963,3.21798413,10.4,809.0,6020.0,1.057,1.03,1514.66
Kepler-1734 b,Kepler-1734,Transit,2021,6.796850204,3.08851092,9.74,985.0,6061.0,0.97,1.05,1482.83
Kepler-960 b,Kepler-960,Transit,2016,3.12686223,2.29,5.86,1391.0,4755.0,0.72,0.77,284.916
HD 208897 b,HD 208897,Radial Velocity,2017,358.27,13.7,379.48711796,507.24,4860.0,4.98,1.25,67.4872
Kepler-1386 b,Kepler-1386,Transit,2016,6.73972381,1.24,2.07,1011.0,5733.0,1.03,1.02,835.882
Kepler-1921 c,Kepler-1921,Transit,2023,3.15722086,1.41,2.57,1791.0,6120.0,2.0,1.251,928.989
Kepler-1225 b,Kepler-1225,Transit,2016,7.01075434,1.82,3.97,1453.0,6140.0,1.19,1.13,1347.52
Kepler-1708 b,Kepler-1708,Transit,2021,737.1131,9.96,1462.0106722,245.02,6157.0,1.117,1.088,1666.69
HD 96700 b,HD 96700,Radial Velocity,2021,8.1245,2.93,8.9,1089.02,5845.0,1.16,0.89,25.4111
Kepler-208 b,Kepler-208,Transit,2014,4.22864,1.63,3.29,1379.0,6092.0,1.314,1.082,775.328
Kepler-1146 b,Kepler-1146,Transit,2016,2.352265797,1.23,2.04,1019.0,4692.0,0.7,0.74,703.038
WASP-100 b,WASP-100,Transit,2014,2.84938,14.90797,400.4658,2099.0,6900.0,1.57,0.77,364.411
Kepler-1643 b,Kepler-1643,Transit,2016,5.342657,2.32,5.99,799.0,4916.0,0.855,0.845,341.774
Kepler-215 d,Kepler-215,Transit,2014,30.864423,2.39,23.6,527.0,5739.0,1.027,0.788,485.997
EPIC 212737443 b,EPIC 212737443,Transit,2019,13.603,2.586,7.2,536.0,4684.0,0.673,0.69,336.25
TOI-2169 A b,TOI-2169 A,Transit,2025,8.2148282,12.50922246,329.58805806,1364.0,6270.0,1.82,1.42,351.487
K2-259 b,K2-259,Transit,2018,15.48043,2.32,5.99,795.0,6059.0,1.13,1.14,416.457
TOI-5292 A b,TOI-5292 A,Transit,2026,2.02191,12.64373023,412.85910069,809.0,3919.0,0.611,0.596,337.095
Kepler-401 c,Kepler-401,Transit,2014,47.318218,2.15,5.27,598.0,6117.0,1.333,1.173,965.56
Kepler-888 b,Kepler-888,Transit,2016,70.6979061,1.76,3.75,417.0,5875.0,0.9,0.97,420.817
Kepler-740 b,Kepler-740,Transit,2016,3.584101216,4.57,18.9,1131.0,5438.0,0.87,0.91,1442.02
Kepler-1673 b,Kepler-1673,Transit,2020,33.7888,2.9355194,8.93,611.0,6014.95,1.13166,1.11,727.187
Kepler-1322 c,Kepler-1322,Transit,2021,6.459980011,2.15492527,5.29,883.0,5704.0,0.804,0.897,1350.32
Kepler-1211 b,Kepler-1211,Transit,2016,11.01816836,2.55,7.04,840.0,5705.0,0.94,0.96,1826.53
HIP 78530 b,HIP 78530,Imaging,2010,,12.0,7300.0,2700.0,10500.0,2.10876,2.5,136.759
Kepler-48 f,Kepler-48,Radial Velocity,2023,5219.681854,13.8,298.5809968,95.68,5190.0,0.836,0.916,306.738
Kepler-1750 b,Kepler-1750,Transit,2021,205.9120026,6.00434637,30.1,298.0,5644.0,0.969,0.981,1497.33
TOI-4308 b,TOI-4308,Transit,2023,9.151201,2.4189,6.43,763.05,5243.0,0.7934,0.9,108.932
HD 18015 b,HD 18015,Radial Velocity,2018,2278.0,13.1,1048.8337431,242.98,5603.0,3.13,1.49,123.801
TOI-1798.02,TOI-1798,Transit,2024,0.437811822,1.464,5.6,1935.83,5165.0,0.78,0.87,113.181
Kepler-24 b,Kepler-24,Transit,2011,8.14,2.348,11.14,1050.0,6028.0,1.099,1.06,1156.81
Kepler-1875 b,Kepler-1875,Transit,2021,34.45859909,3.22686692,10.5,559.0,6161.0,0.862,0.95,1660.45
Kepler-1642 b,Kepler-1642,Transit,2016,12.2057513,3.2,10.3,895.0,5355.0,0.84,0.88,413.873
HD 33142 c,HD 33142,Radial Velocity,2016,810.2,13.9,282.86728223,353.91,5025.4,4.17,1.52,121.375
Kepler-864 b,Kepler-864,Transit,2016,5.83376092,2.4,6.35,1143.0,5754.0,1.0,1.0,2022.9
HD 181720 b,HD 181720,Radial Velocity,2009,956.0,14.0,127.132,249.06,5736.0,1.5,1.03,60.2046
TOI-6677 b,TOI-6677,Transit,2026,5.45060661625,5.83507112,28.7,334.0,6572.28,1.57167,1.45,340.52
Kepler-1394 b,Kepler-1394,Transit,2016,3.93766373,1.39,2.51,1947.0,6481.0,2.55,1.64,640.409
Kepler-1672 b,Kepler-1672,Transit,2020,150.878,2.97022762,9.11,423.0,6131.95,1.08841,1.16,391.181
HD 331093 b,HD 331093,Radial Velocity,2021,621.62,13.6,476.7426105,234.84,5544.0,1.1112,1.03,50.1928
Kepler-58 d,Kepler-58,Transit,2014,40.101371,2.94,245.343,583.0,6099.0,1.127,1.024,969.252
Kepler-404 c,Kepler-404,Transit,2014,14.751166,1.72,3.61,678.0,5654.0,0.884,0.86,812.524
Kepler-1254 b,Kepler-1254,Transit,2016,9.99113313,1.55,3.02,660.0,4985.0,0.75,0.78,622.818
HD 37124 d,HD 37124,Radial Velocity,2005,1862.0,14.0,221.20968,159.79,5698.64,0.949168,0.85,31.6634
WASP-3 b,WASP-3,Transit,2007,1.84683,15.91678,772.3269,2020.0,6400.0,1.44,1.62,231.161
Kepler-1936 b,Kepler-1936,Transit,2021,126.5569992,3.16615594,10.2,524.0,6501.0,1.854,1.419,871.096
Kepler-1615 b,Kepler-1615,Transit,2016,47.3126192,2.06,4.9,658.0,5865.0,1.05,1.04,1393.83
Kepler-327 d,Kepler-327,Transit,2014,13.969457,1.73,3.64,387.0,3799.0,0.492,0.591913,241.987
Kepler-1301 b,Kepler-1301,Transit,2016,9.08237046,1.4,2.54,734.0,5188.0,0.81,0.85,854.28
Kepler-784 c,Kepler-784,Transit,2023,17.157236,1.55,3.02,844.0,5676.0,1.487,1.016,1303.72
Kepler-1553 b,Kepler-1553,Transit,2016,4.24261881,1.15,1.6,926.0,5288.0,0.81,0.85,692.594
Kepler-1862 b,Kepler-1862,Transit,2021,16.05730057,2.203,5.49,645.0,5644.0,0.806,0.9,1232.19
Kepler-990 b,Kepler-990,Transit,2016,9.91723428,2.6,7.27,903.0,5948.0,1.08,1.05,802.163
Kepler-1537 b,Kepler-1537,Transit,2016,1.444453798,1.18,1.76,1800.0,5079.0,0.77,0.81,517.292
HATS-28 b,HATS-28,Transit,2016,3.1810781,13.383546,213.58176,1253.0,5498.0,0.922,0.929,535.383
HR 858 d,HR 858,Transit,2019,11.230511,2.001,7.1,1061.0,6354.0,1.258,1.204,31.964
TOI-2193 A b,TOI-2193 A,Transit,2022,2.1225735,19.83989584,298.75870258,1763.0,5966.0,1.248,1.082,337.064
GJ 9773 b,GJ 9773,Radial Velocity,2025,2965.0,14.2,172.580825,59.89,3528.0,0.362,0.358,15.9211
Kepler-1785 b,Kepler-1785,Transit,2021,19.58550072,2.70422447,7.77,666.0,5618.0,0.996,0.911,745.74
Kepler-130 d,Kepler-130,Transit,2014,87.517905,1.64,3.33,451.0,5884.0,1.127,0.927,316.663
HD 13808 c,HD 13808,Radial Velocity,2021,53.753,3.13,9.96,424.57,5035.0,0.781,0.771,28.2305
Kepler-340 b,Kepler-340,Transit,2014,14.844387,2.53,6.94,1092.0,6620.0,1.85,1.65,808.762
HD 125271 b,HD 125271,Radial Velocity,2022,14901.99295,12.4,3465.60094993,59.78,4703.93,0.751364,0.75,39.3466
Kepler-1085 b,Kepler-1085,Transit,2016,219.3217528,7.22,41.2,313.0,6000.0,1.14,1.11,1364.53
Kepler-1404 b,Kepler-1404,Transit,2016,15.9314739,2.01,4.7,596.0,5261.0,0.8,0.84,962.183
K2-99 c,K2-99,Radial Velocity,2022,522.2,12.6,2669.7586188,390.0,6069.0,2.55,1.44,519.229
TOI-1728 b,TOI-1728,Transit,2020,3.49151,5.05,26.78,767.0,3980.0,0.6243,0.646,60.798
HATS-74 A b,HATS-74 A,Transit,2021,1.73185606,11.56766808,464.02947422,895.1,3776.9,0.5758,0.601,299.389
Kepler-1207 b,Kepler-1207,Transit,2016,13.68237119,1.62,3.26,802.0,5909.0,1.06,1.06,1754.19
Kepler-1636 b,Kepler-1636,Transit,2016,425.47785,3.23,10.5,248.0,5797.0,1.02,1.01,1947.54
Kepler-1267 b,Kepler-1267,Transit,2016,13.0313945,3.01,9.32,774.0,6096.0,1.2,1.15,1379.43
K2-73 c,K2-73,Radial Velocity,2025,1000.0,13.0,1142.0,186.1,5867.0,1.058,1.02,269.183
Kepler-1795 b,Kepler-1795,Transit,2021,13.36019993,1.66301611,3.4,520.0,4500.0,0.688,0.768,
K2-285 b,K2-285,Transit,2018,3.471745,2.59,9.68,1088.9,4975.0,0.787,0.83,154.961
WISPIT 1 c,WISPIT 1,Imaging,2025,,12.8,1684.4905571,8.21,4670.0,1.1161,0.72,230.007
TIC 349520724 b,TIC 349520724,Transit,2026,7.94044635021,2.82626313,8.38,,5098.6,0.818771,0.89,241.105
LP 714-47 b,LP 714-47,Transit,2020,4.052032,4.25,28.38,722.8,4123.0,0.536,0.542,52.616
Kepler-963 b,Kepler-963,Transit,2016,9.97683705,2.66,7.56,802.0,5461.0,0.87,0.91,771.494
XO-2 S b,XO-2 S,Radial Velocity,2014,18.22,10.9,82.63538582,706.59,5325.0,1.02,0.98,151.398
Kepler-1748 b,Kepler-1748,Transit,2021,5.823520184,2.71275017,7.81,955.0,5774.0,0.864,0.916,1083.28
Kepler-336 d,Kepler-336,Transit,2014,20.678772,2.37,6.21,749.0,5867.0,1.304,1.09,768.86
Kepler-712 b,Kepler-712,Transit,2016,21.02247699,3.41,11.5,521.0,5148.0,0.78,0.84,872.493
TOI-4364 b,TOI-4364,Transit,2025,5.424019,2.01,4.7,488.0,3528.0,0.4684,0.487,43.9662
Kepler-247 b,Kepler-247,Transit,2014,3.33616,1.64,3.33,970.0,5100.0,0.768,0.887,663.711
TOI-5628 A b,TOI-5628 A,Transit,2026,4.3416612,8.29464572,28.60455663,492.0,3310.0,0.35,0.36,110.03
EPIC 201427007 b,EPIC 201427007,Transit,2021,0.72091,1.5,2.86,,5633.0,0.94,0.93,706.391
TOI-2992 b,TOI-2992,Transit,2025,3.007812,13.75341932,1058.36859531,1726.0,6000.0,1.545,1.21,542.026
K2-268 b,K2-268,Transit,2018,2.151676,1.5,2.86,1136.0,5106.0,0.78,0.84,327.783
Kepler-1096 b,Kepler-1096,Transit,2016,2.892217506,1.24,2.07,794.0,4306.0,0.63,0.66,377.976
TOI-615 b,TOI-615,Transit,2023,4.6615983,18.97680433,138.25535705,1666.0,6850.0,1.732,1.449,360.408
HAT-P-28 b,HAT-P-28,Transit,2011,3.257215,13.585,198.953,1384.0,5680.0,1.103,1.025,401.319
Kepler-667 b,Kepler-667,Transit,2016,41.43962808,4.73,20.1,516.0,5327.0,0.87,0.91,2302.45
Kepler-557 b,Kepler-557,Transit,2016,3.705989551,2.67,7.61,1281.0,6068.0,1.16,1.11,2097.12
EPIC 206024342 d,EPIC 206024342,Transit,2021,14.647531,2.6,7.27,,5724.0,1.1,0.928,369.888
rho CrB c,rho CrB,Radial Velocity,2016,102.036,5.68,27.442,448.1,5817.0,1.3617,1.0,17.4671
Kepler-483 b,Kepler-483,Transit,2016,30.229104,3.21,10.4,755.0,6346.0,1.47,1.28,860.355
HD 73534 b,HD 73534,Radial Velocity,2008,1750.0,13.7,353.42696,220.25,4917.0,2.58,1.16,83.3321
HD 35843 b,HD 35843,Radial Velocity,2025,9.8991,2.29,5.84,872.3,5666.0,0.897,0.94,69.6026
Kepler-116 b,Kepler-116,Transit,2014,5.968734,3.42,11.6,1251.0,6142.0,1.454,1.198,955.168
HAT-P-62 b,HAT-P-62,Transit,2021,2.6453235,12.02723629,241.86741773,1512.0,5629.0,1.17,1.023,348.815
TOI-3896 b,TOI-3896,Transit,2026,4.37730369667,3.14949237,10.1,966.0,5110.91,0.747752,0.86,181.653
Kepler-443 b,Kepler-443,Transit,2015,177.6693,2.33,6.04,233.0,4723.0,0.706,0.738,802.271
TOI-4504 d,TOI-4504,Transit Timing Variations,2024,41.2871975,11.26,643.0,524.8,5315.0,0.93,0.875,342.605
HD 150010 b,HD 150010,Radial Velocity,2022,562.0,13.3,762.7881768,681.22,4153.0,16.2,1.3,144.49
Kepler-552 b,Kepler-552,Transit,2016,5.263415765,3.95,14.8,1103.0,5863.0,1.04,1.03,843.689
TOI-2719 b,TOI-2719,Transit,2025,3.37594,5.98,29.9,1710.0,5762.0,1.69,1.02,588.368
HD 23596 b,HD 23596,Radial Velocity,2003,1535.11912,12.4,3786.607641,219.49,6040.0,1.53,1.1,52.0018
K2-347 b,K2-347,Transit,2021,7.187257,2.41,6.39,640.0,4599.0,0.63,0.66,320.336
Kepler-812 b,Kepler-812,Transit,2016,10.11716531,3.55,12.3,1163.0,6761.0,1.71,1.45,1482.74
TOI-2266 b,TOI-2266,Transit,2024,2.326318,1.54,2.99,550.0,3200.0,0.24,0.23,51.6004
Kepler-1187 b,Kepler-1187,Transit,2016,18.87064068,2.61,7.32,701.0,5975.0,1.09,1.06,1020.53
Kepler-1547 b,Kepler-1547,Transit,2016,0.692979676,0.9,0.666,3186.0,6078.0,1.18,1.12,674.695
Kepler-170 b,Kepler-170,Transit,2014,7.930592,3.2,82.6,899.0,5679.0,1.035,1.066,738.657
GJ 15 A b,GJ 15 A,Radial Velocity,2014,11.4407,1.55,3.03,550.0,3607.0,0.38,0.38,3.56228
Kepler-100 b,Kepler-100,Transit,2014,6.88734,1.34,4.01,1155.0,5837.0,1.51,1.13,304.645
Kepler-1258 b,Kepler-1258,Transit,2016,0.984940167,0.86,0.566,2335.0,5839.0,0.99,0.99,717.555
NSVS 14256825 b,NSVS 14256825,Eclipse Timing Variations,2019,3225.0,12.3,4497.2945,473.47,40000.0,0.188,0.419,820.877
TOI-1266 b,TOI-1266,Transit,2020,10.8945,2.52,4.46,415.0,3563.0,0.4232,0.437,36.0118
Kepler-659 b,Kepler-659,Transit,2016,17.671796,2.5,6.8,513.0,4870.0,0.74,0.79,722.64
GJ 27.1 b,GJ 27.1,Radial Velocity,2014,15.819,3.66,13.0,387.13,3542.0,0.518887,0.53,23.6062
TOI-4495 c,TOI-4495,Transit,2024,5.18553,4.03,23.2,1365.0,6210.0,1.309,1.247,132.214
Kepler-798 b,Kepler-798,Transit,2016,13.71933369,2.39,6.3,864.0,6224.0,1.29,1.19,972.274
TOI-5082.01,TOI-5082,Transit,2024,4.240122,2.54811,7.03,1164.91,5670.0,0.93,0.99665,43.1406
Kepler-364 c,Kepler-364,Transit,2014,59.980627,2.15,5.27,568.0,6108.0,1.284,1.076,891.462
TOI-1260 d,TOI-1260,Transit,2022,16.608164,3.12,11.84,499.0,4227.0,0.672,0.679,73.5977
HD 50499 b,HD 50499,Radial Velocity,2005,2447.1,13.5,519.96988,174.69,6102.0,1.351,1.253,46.2845
HD 20794 f,HD 20794,Radial Velocity,2025,647.6,2.28,5.82,214.52,5368.0,0.93,0.79,6.00278
Kepler-1595 b,Kepler-1595,Transit,2016,4.56380468,1.23,2.04,980.0,5203.0,0.8,0.84,845.022
HD 99109 b,HD 99109,Radial Velocity,2005,439.29999,14.3,139.8452,239.32,5282.0,0.98,0.76,54.7901
KOI-3503 b,KOI-3503,Transit,2021,21.185,1.19,9.2,785.0,6001.0,1.255,0.858,887.064
Kepler-526 b,Kepler-526,Transit,2016,5.458498316,1.99,4.62,1099.0,5894.0,1.14,1.15,666.146
HD 28109 c,HD 28109,Transit,2022,55.99712,4.13,9.2,643.0,6189.0,1.425,1.227,139.611
K2-11 b,K2-11,Transit,2015,39.93767,7.55,44.4,734.0,5433.0,5.15,1.35,329.309
NGTS-26 b,NGTS-26,Transit,2024,4.5199279,14.88552637,92.80589484,1331.0,5550.0,1.16,0.96,1093.69
KOI-319 b,KOI-319,Transit,2014,46.14827,10.67,3178.28407,703.0,5880.0,2.064,1.325,660.138
TOI-1743 b,TOI-1743,Transit,2025,4.266046,1.83,4.01,485.0,3277.0,0.338,0.339,41.2758
Kepler-1837 b,Kepler-1837,Transit,2021,5.906089783,2.06673842,4.92,1012.0,5966.0,0.961,1.049,1229.18
Kepler-1986 b,Kepler-1986,Transit,2023,19.5489666,1.89,4.23,579.0,5549.0,0.732,0.776,912.085
Kepler-696 b,Kepler-696,Transit,2016,4.190425575,6.14,31.3,1234.0,5903.0,1.08,1.06,1416.44
Kepler-189 c,Kepler-189,Transit,2014,20.134866,2.38,22.7,544.0,5235.0,0.75,0.803,591.534
HD 105618 b,HD 105618,Radial Velocity,2022,10.02245,5.44,25.42627256,1023.19,5671.0,1.27399,1.01,70.0837
TOI-1301.01,TOI-1301,Transit,2024,6.096407209,2.477,6.7,737.36,4820.0,0.732,0.77,90.8693
Kepler-1497 b,Kepler-1497,Transit,2016,8.74199772,1.66,3.39,924.0,5675.0,0.95,0.96,1122.0
EPIC 212624936 b,EPIC 212624936,Transit,2021,0.578657,1.2,1.87,,5765.0,0.93,1.0,561.929
Kepler-194 b,Kepler-194,Transit,2014,2.092281,1.51,2.89,1648.0,6089.0,1.025,0.94,1097.97
Kepler-661 b,Kepler-661,Transit,2016,6.029301321,3.07,9.64,678.0,4483.0,0.67,0.7,534.788
Kepler-529 c,Kepler-529,Transit,2016,12.8345022,2.0,4.66,891.0,6087.0,1.14,1.07,799.008
HAT-P-61 b,HAT-P-61,Transit,2021,1.90231289,10.07687365,335.9446262,1505.0,5587.0,0.938,1.004,338.84
TOI-2589 b,TOI-2589,Transit,2023,61.6277,12.10569916,1112.3994245,592.0,5579.0,1.07,0.93,200.273
HD 95872 b,HD 95872,Radial Velocity,2015,4375.0,13.0,1188.6842,103.45,5312.0,0.84,0.7,72.2195
Kepler-1412 b,Kepler-1412,Transit,2016,3.6146051,0.83,0.498,1397.0,5880.0,1.27,1.06,755.678
Kepler-760 c,Kepler-760,Transit,2016,2.46697439,1.48,2.79,1139.0,5322.0,0.85,0.89,792.336
2MASS J0249-0557 c,2MASS J0249-0557 A,Imaging,2018,,17.37392009,3616.88727166,1723.0,2859.0,0.315959,0.046,66.0613
TOI-4504 c,TOI-4504,Transit,2024,82.819093,11.17,821.0,412.5,5315.0,0.93,0.875,342.605
Kepler-1540 b,Kepler-1540,Transit,2016,125.4131177,2.49,6.76,266.0,4540.0,0.69,0.74,244.96
TIC 445839811 b,TIC 445839811,Transit,2026,11.1086260318,2.47771211,6.7,,5408.25,0.850041,0.95,235.655
Kepler-225 c,Kepler-225,Transit,2014,18.794234,1.84,4.04,412.0,3682.0,0.48,0.593,561.101
Kepler-180 b,Kepler-180,Transit,2014,13.817124,1.5,2.86,781.0,5731.0,1.063,0.95,695.65
HD 18438 b,HD 18438,Radial Velocity,2023,803.0,12.1,6674.396547,1208.15,3860.0,88.475,1.84,224.146
HD 154088 b,HD 154088,Radial Velocity,2021,18.56,2.46,6.6,689.99,5374.0,0.95,0.91,18.2692
HD 24064 b,HD 24064,Radial Velocity,2015,535.59998,12.3,4096.8287,1088.02,4052.0,40.0,1.61,300.247
Kepler-1349 b,Kepler-1349,Transit,2016,2.12823928,0.7,0.271,1668.0,6086.0,1.28,1.16,276.323
HD 29399 b,HD 29399,Radial Velocity,2022,892.7,13.5,498.99059899,358.32,4845.0,4.5,1.17,44.1518
TOI-4511 b,TOI-4511,Transit,2026,10.98090968596,2.75304932,8.01,1542.0,5418.77,1.00145,1.017,121.832
Kepler-411 e,Kepler-411,Transit Timing Variations,2018,31.509728,3.28,10.8,503.0,4974.0,0.82,0.87,153.676
eps Ind A b,eps Ind A,Radial Velocity,2019,25450.0,12.7,2065.8846455,275.0,4700.0,0.713,0.8,3.63857
Kepler-1306 b,Kepler-1306,Transit,2016,16.29595382,1.91,4.31,678.0,5727.0,0.97,0.98,1107.5
TOI-2200 b,TOI-2200,Transit,2026,2.93602836512,6.96310517,38.7,1147.0,5036.17,0.826247,0.85,251.245
K2-285 c,K2-285,Transit,2018,7.138048,3.53,15.68,741.4,4975.0,0.787,0.83,154.961
Kepler-345 b,Kepler-345,Transit,2014,7.415563,0.74,0.48,622.0,4504.0,0.623,0.61,260.0
Kepler-539 c,Kepler-539,Transit Timing Variations,2016,1000.0,13.3,762.792,253.0,5820.0,0.952,1.048,307.318
HD 33844 b,HD 33844,Radial Velocity,2015,551.40002,13.4,638.8383,430.22,4861.0,5.39,1.84,105.779
GJ 317 c,GJ 317,Radial Velocity,2016,6500.0,13.6,454.49462201,47.67,3496.0,0.403,0.402,15.1968
Kepler-467 b,Kepler-467,Transit,2016,24.99324193,2.25,5.69,712.0,5809.0,1.37,1.05,466.265
Kepler-964 b,Kepler-964,Transit,2016,13.5225106,2.12,5.14,652.0,5427.0,0.84,0.93,454.626
TOI-1386 c,TOI-1386,Radial Velocity,2024,232.0,10.3,75.2,327.4,5735.0,1.0235,1.0363,146.858
HD 99706 c,HD 99706,Radial Velocity,2016,1278.0,12.8,1808.4527,,4891.0,5.4,1.72,146.6
Kepler-1262 b,Kepler-1262,Transit,2016,8.67900242,1.82,3.97,949.0,5771.0,0.98,0.99,1054.87
BEBOP-3 b,BEBOP-3,Radial Velocity,2025,547.0,14.2,177.34825111,287.88,6033.0,1.414,1.083,119.052
Kepler-1071 b,Kepler-1071,Transit,2016,6.1799844,2.38,6.26,814.0,5215.0,0.81,0.86,1042.27
Kepler-1515 b,Kepler-1515,Transit,2016,214.3114164,9.55,66.2,380.0,6511.0,1.41,1.3,539.321
Kepler-1809 b,Kepler-1809,Transit,2021,3.7572999,1.513,2.9,877.0,4901.0,0.716,0.807,409.602
K2-242 b,K2-242,Transit,2018,6.51389,2.54,6.99,416.0,3459.0,0.37,0.38,109.237
TIC 77319217 b,TIC 77319217,Transit,2026,7.54830765124,3.10879526,9.85,,5961.52,1.18439,1.16,267.62
Kepler-649 b,Kepler-649,Transit,2016,29.90722674,2.26,5.73,564.0,5871.0,0.94,0.97,513.748
HAT-P-55 b,HAT-P-55,Transit,2015,3.5852313,14.84069045,189.42573057,1367.0,5804.0,1.105,1.028,511.388
Kepler-344 c,Kepler-344,Transit,2014,125.596809,2.95,9.01,360.0,5774.0,0.976,0.931,1002.94
HIP 65891 b,HIP 65891,Radial Velocity,2015,1089.6,12.7,1938.7532827,429.05,5000.0,8.93,2.5,150.292
GJ 4274 c,GJ 4274,Radial Velocity,2026,69.57,2.83,8.39,157.32,3228.0,0.19,0.18,7.23556
Kepler-1111 b,Kepler-1111,Transit,2016,8.79617863,2.0,4.66,938.0,6077.0,1.15,1.1,841.536
Kepler-172 b,Kepler-172,Transit,2014,2.940309,2.35,6.12,1256.0,5526.0,1.085,1.081,828.592
K2-139 b,K2-139,Transit,2017,28.380619,9.11,123.00021,524.0,5370.0,0.88,0.96,153.856
HD 64121 b,HD 64121,Radial Velocity,2022,623.0,13.2,813.64072192,464.77,5078.0,5.44,1.64,129.966
Kepler-902 b,Kepler-902,Transit,2016,40.1099547,2.54,6.99,556.0,5647.0,0.93,0.95,1165.34
Kepler-894 b,Kepler-894,Transit,2016,9.803224,2.78,8.15,896.0,5603.0,0.85,0.87,1162.91
Kepler-1794 b,Kepler-1794,Transit,2021,9.762980461,1.79426276,3.87,703.0,5052.0,0.816,0.773,561.229
TOI-1064 b,TOI-1064,Transit,2022,6.443868,2.587,13.5,784.0,4734.0,0.726,0.748,68.0726
Kepler-884 b,Kepler-884,Transit,2016,5.69919514,1.23,2.04,964.0,5715.0,0.94,1.0,476.733
Kepler-1019 b,Kepler-1019,Transit,2016,1.411229847,1.46,2.73,1164.0,4433.0,0.67,0.7,194.182
WASP-28 b,WASP-28,Transit,2014,3.40883495,13.66374747,282.54945382,1456.0,6084.0,1.083,0.993,348.494
GJ 3341 b,GJ 3341,Radial Velocity,2015,14.207,2.46,6.6,377.62,3526.0,0.439,0.47,23.619
TOI-4552 b,TOI-4552,Transit,2026,0.30110032,1.11,1.83,1122.0,3258.0,0.2869,0.2619,27.2684
GJ 1289 b,GJ 1289,Radial Velocity,2024,111.74,2.38,6.27,150.0,3296.0,0.245012,0.21,8.35147
Kepler-555 b,Kepler-555,Transit,2016,16.21775407,2.83,8.4,664.0,5894.0,1.04,1.03,973.121
Kepler-683 b,Kepler-683,Transit,2016,2.539183179,1.97,4.54,1332.0,5703.0,0.95,0.96,1023.07
HATS-10 b,HATS-10,Transit,2015,3.312846,10.861521,167.17858,1407.0,5880.0,1.105,1.101,534.889
Kepler-1977 b,Kepler-1977,Transit,2023,4.53702121,1.66,3.39,798.0,4805.0,0.688,0.769,592.711
Kepler-715 b,Kepler-715,Transit,2016,10.00652995,3.75,13.5,876.0,5871.0,1.04,1.04,1327.44
TOI-1694 b,TOI-1694,Transit,2023,3.7701389,5.27,28.24,1037.0,5005.0,0.812,0.828,124.68
Kepler-164 d,Kepler-164,Transit,2014,28.986769,2.45,6.57,637.0,5888.0,1.148,1.036,890.758
Kepler-786 b,Kepler-786,Transit,2016,53.5293487,2.43,6.48,348.0,4838.0,0.74,0.81,485.318
TOI-3785 b,TOI-3785,Transit,2023,4.6747373,5.14,14.95,582.0,3576.0,0.5,0.52,79.7634
WASP-145 A b,WASP-145 A,Transit,2018,1.7690381,10.0881,282.8687,1200.0,4900.0,0.68,0.76,91.299
WASP-136 b,WASP-136,Transit,2016,5.21536178778,16.81347105,479.92089457,1630.0,6250.0,2.39014,1.41,275.587
HATS-12 b,HATS-12,Transit,2016,3.142702,7.76,759.6137,1446.0,6357.0,1.17,1.16,746.138
TOI-1296 b,TOI-1296,Transit,2021,3.9443736,14.11645916,95.3,1414.84,5567.0,1.7031,1.1576,323.265
HD 98736 b,HD 98736,Radial Velocity,2018,968.8,13.3,740.5439,179.53,5271.0,0.93,0.92,32.4459
Kepler-1136 b,Kepler-1136,Transit,2016,2.361724329,1.64,3.33,922.0,4512.0,0.68,0.72,491.406
GJ 667 C f,GJ 667 C,Radial Velocity,2013,39.026,1.45,2.7,,3350.0,,0.33,7.24396
Kepler-635 b,Kepler-635,Transit,2016,23.44971004,2.64,7.46,802.0,6174.0,1.51,1.33,1141.08
TOI-1279 b,TOI-1279,Transit,2024,9.61419,2.66146528,10.6,759.0,5457.0,0.8426,0.8784,107.055
Kepler-468 b,Kepler-468,Transit,2016,38.478757067,13.34,,484.0,5498.0,0.87,0.96,442.871
DE CVn b,DE CVn,Eclipse Timing Variations,2018,4098.1,12.4,3823.27330161,46.91,3579.0,0.424754,0.51,30.5225
TOI-682.01,TOI-682,Transit,2021,6.8392388,3.74186,13.5,1090.0,5085.0,1.08,0.85,83.1548
USco CTIO 108 b,USco CTIO 108,Imaging,2008,,12.3,4449.62,2.96,2700.0,0.345365,0.06,144.019
Kepler-1496 b,Kepler-1496,Transit,2016,64.6588017,2.22,5.56,535.0,6182.0,1.27,1.18,1307.66
HD 102272 b,HD 102272,Radial Velocity,2008,127.58,12.9,1570.0802,1038.01,4790.0,10.3,1.45,347.097
Kepler-366 c,Kepler-366,Transit,2014,12.51616,1.79,3.86,848.0,6209.0,1.048,1.088,1856.28
KOI-2513.01,KOI-2513,Transit,2023,19.00547,2.80224517,7310.053361,758.0,5900.0,1.2,0.91,1369.87
Kepler-537 b,Kepler-537,Transit,2016,3.247555219,1.41,2.57,1181.0,5763.0,0.99,1.07,439.4
GJ 3323 b,GJ 3323,Radial Velocity,2017,5.3636,1.23,2.02,290.06,3159.0,0.119,0.164,5.37484
TOI-4495 b,TOI-4495,Transit,2026,2.56699,2.483,7.7,1735.0,6210.0,1.309,1.247,132.214
Kepler-1761 b,Kepler-1761,Transit,2021,4.043540001,1.39109603,2.51,613.0,3871.0,0.532,0.573,221.186
NGTS-6 b,NGTS-6,Transit,2019,0.882059,14.863134,425.57437,1283.9,4730.0,0.754,0.767,308.262
Kepler-920 c,Kepler-920,Transit,2016,100.8274113,3.8,13.8,364.0,5403.0,0.85,0.89,1001.68
Kepler-818 b,Kepler-818,Transit,2016,10.035385814,5.11,22.9,786.0,5638.0,0.92,0.94,925.037
Kepler-139 c,Kepler-139,Transit,2014,157.072878,3.38,13.0,350.0,5594.0,1.3,1.078,391.038
Kepler-959 b,Kepler-959,Transit,2016,14.80074836,4.38,17.6,1912.0,7005.0,2.01,1.6,807.729
BD-210397 c,BD-210397,Radial Velocity,2023,6240.0,12.9,1525.5763536,69.51,4051.0,0.747,0.69,23.7324
Kepler-1436 b,Kepler-1436,Transit,2016,9.705716,1.31,2.27,1001.0,5972.0,1.09,1.06,2530.62
HU Aqr AB c,HU Aqr,Eclipse Timing Variations,2011,4368.0,12.9,1430.235,,5952.0,,0.88,192.19807871
Kepler-1597 b,Kepler-1597,Transit,2016,2.94654179,1.06,1.2,1497.0,6377.0,1.39,1.25,1221.05
WASP-83 b,WASP-83,Transit,2015,4.971252,11.65736,95.349,1120.0,5510.0,1.05,1.11,271.103
HD 116029 c,HD 116029,Radial Velocity,2016,907.0,13.7,403.6441,,4951.0,4.6,1.33,123.245
Kepler-282 e,Kepler-282,Transit,2013,44.347,3.1,56.2,484.0,5656.0,0.89,0.97,1337.61
XO-2 S c,XO-2 S,Radial Velocity,2014,120.059,13.6,438.60320166,376.79,5325.0,1.02,0.98,151.398
Kepler-850 b,Kepler-850,Transit,2016,7.19303878,1.78,3.82,995.0,5932.0,1.09,1.06,1661.28
Kepler-65 d,Kepler-65,Transit,2012,8.13123,1.52,4.14,1117.0,6211.0,1.41,1.25,303.728
Kepler-1090 b,Kepler-1090,Transit,2016,198.680179,2.25,5.69,297.0,5321.0,0.82,0.86,858.77
TOI-715 b,TOI-715,Transit,2023,19.288004,1.55,3.02,234.0,3075.0,0.24,0.225,42.4048
GJ 393 b,GJ 393,Radial Velocity,2021,7.02679,1.17,1.71,485.0,3579.0,0.426,0.426,7.03149
Kepler-1680 b,Kepler-1680,Transit,2020,8.77424,1.35954736,2.42,771.0,5021.0,0.723259,0.834,310.315
Gaia-2 b,Gaia-2,Transit,2022,3.6915224,14.81827249,259.66580852,1213.23,5720.0,1.064,1.0,209.229
WASP-124 b,WASP-124,Transit,2016,3.37265,13.89916,190.698,1400.0,6050.0,1.02,1.07,448.637
TOI-1439 b,TOI-1439,Transit,2024,27.644,4.2427861,38.5,748.4,5841.0,1.6184,1.2313,230.306
GJ 1061 c,GJ 1061,Radial Velocity,2020,6.6821,1.19,1.81,304.12,2953.0,0.156,0.12,3.67278
K2-50 b,K2-50,Transit,2016,8.7529,1.59,3.15,580.53,4326.0,0.546,0.611,257.443
Kepler-23 b,Kepler-23,Transit,2011,7.1,1.638,2.56,1157.0,5828.0,1.548,1.078,835.756
Kepler-257 b,Kepler-257,Transit,2014,2.382667,2.61,7.32,1237.0,5180.0,1.037,0.916,780.256
TOI-1736 c,TOI-1736,Radial Velocity,2023,571.25,12.5,2800.0,249.0,5636.0,1.4286,1.0373,88.9482
Kepler-310 d,Kepler-310,Transit,2014,92.876125,2.47,7.0,353.0,5797.0,0.876,0.854,602.268
WASP-192 b,WASP-192,Transit,2019,2.8786765,13.78707,731.009,1620.0,5910.0,1.32,1.09,508.885
Kepler-184 b,Kepler-184,Transit,2014,10.687576,2.36,6.17,780.0,5788.0,0.873,0.872,610.326
Kepler-1744 b,Kepler-1744,Transit,2021,37.10110092,3.76754004,13.6,532.0,5986.0,0.85,0.886,1091.63
Kepler-1107 b,Kepler-1107,Transit,2016,0.571038518,1.34,2.36,1897.0,5268.0,0.82,0.86,428.798
Kepler-40 b,Kepler-40,Transit,2010,6.87349,13.11,699.2,1620.0,6510.0,2.13,1.48,2305.01
TOI-908 b,TOI-908,Transit,2023,3.183792,3.186,16.137,1317.0,5626.0,1.028,0.95,175.748
Kepler-851 b,Kepler-851,Transit,2016,8.50699658,1.68,3.46,900.0,5455.0,0.85,0.89,839.255
HD 99492 c,HD 99492,Radial Velocity,2023,95.233,4.42,17.9,,4929.0,0.822539,0.85,18.2038
G 264-012 c,G 264-012,Radial Velocity,2021,8.0518,1.76,3.75,387.0,3326.0,0.305,0.297,16.009
Kepler-827 b,Kepler-827,Transit,2016,51.92927591,5.63,27.0,574.0,5602.0,0.91,0.93,2046.68
Kepler-228 c,Kepler-228,Transit,2014,4.134444,2.7,7.75,1160.0,6043.0,1.014,1.006,1644.61
K2-346 b,K2-346,Transit,2021,26.201446,2.26,5.73,450.0,4801.0,0.7,0.71,105.58
Kepler-77 b,Kepler-77,Transit,2013,3.57878087,10.761,136.661,1440.0,5520.0,0.99,0.95,639.411
Kepler-1509 b,Kepler-1509,Transit,2016,25.4338197,1.85,4.08,667.0,5780.0,0.99,1.0,2002.96
GJ 581 b,GJ 581,Radial Velocity,2005,5.3686,4.79,20.5,464.32,3500.0,0.302,0.295,6.2981
K2-403 b,K2-403,Transit,2022,33.589979,5.333,24.6,949.0,5511.0,0.886,0.784,246.599
HD 43691 b,HD 43691,Radial Velocity,2007,36.9987,13.2,810.4665,761.79,6093.0,1.6,1.32,85.6009
Kepler-1574 b,Kepler-1574,Transit,2016,6.9424334,1.29,2.21,1003.0,5892.0,1.08,1.06,1384.16
Kepler-238 f,Kepler-238,Transit,2013,50.447,2.0,13.5,568.0,5800.0,0.96,1.06,1798.75
K2-253 b,K2-253,Transit,2018,4.00167,12.67,,1238.0,6027.0,1.1,1.08,876.565
Kepler-1290 b,Kepler-1290,Transit,2016,4.69500134,1.42,2.6,1098.0,5660.0,0.93,0.95,1593.7
Kepler-68 d,Kepler-68,Radial Velocity,2013,632.62,13.9,267.0,260.75,5847.0,1.2564,1.057,144.166
Kepler-218 b,Kepler-218,Transit,2014,3.619337,1.48,2.79,1156.0,5502.0,1.063,1.019,656.38
Kepler-645 b,Kepler-645,Transit,2016,3.275822621,2.1,5.06,1730.0,6170.0,1.21,1.13,1173.57
TOI-1450 A b,TOI-1450 A,Transit,2024,2.0439274,1.13,1.258,722.0,3437.0,0.483,0.48,22.4467
HD 206610 b,HD 206610,Radial Velocity,2009,673.2,13.4,647.10188,437.88,4842.0,6.12,1.55,147.192
Kepler-99 b,Kepler-99,Transit,2014,4.60358,1.48,6.15,810.0,4782.0,0.73,0.79,208.369
Kepler-1010 b,Kepler-1010,Transit,2016,34.2685705,2.32,5.99,477.0,5253.0,0.82,0.86,579.273
Kepler-687 b,Kepler-687,Transit,2016,20.50586978,3.52,12.2,518.0,4841.0,0.73,0.77,633.66
Kepler-1855 b,Kepler-1855,Transit,2021,0.727330983,1.216205,1.96,849.0,3460.0,0.356,0.385,
UCAC4 328-061594 b,UCAC4 328-061594,Imaging,2024,,12.1,6674.396547,,,,1.19,39.9089
Kepler-1363 b,Kepler-1363,Transit,2016,2.94194094,1.25,2.1,988.0,4839.0,0.72,0.76,541.714
Kepler-296 b,Kepler-296,Transit,2014,10.864384,1.61,3.22,495.0,3740.0,0.48,0.498,167.0
BD+48 738 b,BD+48 738,Radial Velocity,2011,392.6,13.9,289.2253,705.93,4414.0,11.0,0.74,871.493
HR 8799 c,HR 8799,Imaging,2008,69000.0,13.0,3000.0,1200.0,7204.58,1.49338,1.5,41.2441
Kepler-1773 b,Kepler-1773,Transit,2021,40.80970001,3.50469499,12.1,623.0,6183.0,1.3,1.241,681.255
Kepler-989 b,Kepler-989,Transit,2016,7.964315352,2.21,5.52,805.0,5074.0,0.78,0.82,491.978
Kepler-1508 b,Kepler-1508,Transit,2016,20.7056504,1.33,2.33,967.0,6158.0,1.22,1.14,1260.28
TOI-7041 b,TOI-7041,Transit,2025,9.691,11.43316031,114.41822652,882.37,4700.0,4.1,1.07,439.52
K2-37 c,K2-37,Transit,2016,6.42966,2.41,6.39,839.0,5352.0,0.809,0.84,179.943
2MASS J19383260+4603591 b,2MASS J19383260+4603591,Eclipse Timing Variations,2015,406.0,13.4,603.877,669.65,29564.0,0.203,0.48,396.332
TOI-1260 b,TOI-1260,Transit,2021,3.127463,2.41,8.56,871.0,4227.0,0.672,0.679,73.5977
HIP 39330 b,HIP 39330,Radial Velocity,2026,4650.0,13.5,530.77343969,125.05,5748.0,1.02786,0.96,36.3958
Kepler-52 c,Kepler-52,Transit,2012,16.3850021,1.84,45.4,433.0,4075.0,0.52,0.54,321.542
Kepler-1637 b,Kepler-1637,Transit,2016,6.10960324,0.89,0.64,1093.0,5789.0,1.02,1.02,567.187
Kepler-1990 b,Kepler-1990,Transit,2023,1.73513619,3.27,10.7,1554.0,5751.0,1.071,1.028,392.739
TOI-1749 c,TOI-1749,Transit,2021,4.4929,2.12,14.0,673.0,3985.0,0.55,0.58,99.5561
GJ 9714 b,GJ 9714,Radial Velocity,2022,19240.75467,12.5,2988.54051102,47.68,4263.0,0.662662,0.67,20.5121
Kepler-312 b,Kepler-312,Transit,2014,1.772419,1.29,2.21,1685.0,6115.0,1.467,1.314,797.72
Kepler-1671 b,Kepler-1671,Transit,2020,4.16787,1.32557381,2.32,962.0,5135.55,0.929771,0.866,357.059
Kepler-466 b,Kepler-466,Transit,2016,51.07926307,2.85,8.5,503.0,5927.0,1.05,1.04,530.122
UZ For c,UZ For,Eclipse Timing Variations,2011,1916.25,,2447.2,,5286.9,,0.7,239.60387482
HD 63765 b,HD 63765,Radial Velocity,2011,358.0,14.2,168.4499,246.9,5449.0,0.83,0.65,32.5376
TOI-7008 b,TOI-7008,Transit,2026,0.84069041367,4.94735276,21.7,1783.0,5116.06,0.95255,0.88,410.467
Kepler-1038 c,Kepler-1038,Transit,2021,7.127659798,1.4162338,2.59,784.0,5159.0,0.821,0.868,584.136
TOI-3877 b,TOI-3877,Transit,2025,4.123596,11.67975789,99.7981198,1445.0,5731.0,1.445,1.16,493.77
Kepler-1699 b,Kepler-1699,Transit,2020,3.49082,1.56671124,3.08,1010.0,5575.53,0.725,0.81,818.759
HD 143105 b,HD 143105,Radial Velocity,2016,2.1974,13.7,384.5743,2028.25,6380.0,1.647304,1.51,46.7789
HD 191939 e,HD 191939,Radial Velocity,2022,101.12,13.0,112.2,390.0,5348.0,0.94,0.81,53.6089
Kepler-1569 b,Kepler-1569,Transit,2016,5.79180156,1.68,3.46,1222.0,6319.0,1.4,1.25,945.454
Kepler-859 b,Kepler-859,Transit,2016,20.38177573,3.09,9.75,528.0,5020.0,0.77,0.81,839.903
HD 83443 b,HD 83443,Radial Velocity,2002,2.985628,14.1,127.76701961,1262.68,5442.0,0.94,1.0,40.8991
Kepler-106 b,Kepler-106,Transit,2014,6.16486,0.82,5.3,1021.0,5858.0,1.04,1.0,444.322
Kepler-834 b,Kepler-834,Transit,2016,13.32388301,2.02,4.74,378.0,4554.0,0.66,0.7,633.937
K2-249 b,K2-249,Transit,2018,12.409,2.79,8.2,1061.0,6504.0,1.57,1.32,521.716
Kepler-454 c,Kepler-454,Radial Velocity,2015,524.19,12.9,1433.40611557,249.58,5687.0,1.066,1.03,230.869
HD 33283 b,HD 33283,Radial Velocity,2006,18.1991,12.5,104.56607,1034.4,5935.0,1.97,1.38,89.8623
Kepler-169 e,Kepler-169,Transit,2014,13.767102,2.2,5.48,595.0,4997.0,0.763,0.825,406.529
GJ 536 b,GJ 536,Radial Velocity,2016,8.70874,2.41,6.37,451.0,3641.0,0.529,0.528,10.4092
Kepler-37 e,Kepler-37,Transit,2014,51.196,0.37,8.1,401.0,5288.0,0.772,0.8,63.9207
Kepler-37 b,Kepler-37,Transit,2013,13.36702,0.3098,0.79,718.0,5357.0,0.789,0.79,63.9207
TOI-2236 b,TOI-2236,Transit,2022,3.5315902,14.36991326,502.16888306,1688.0,6248.0,1.573,1.343,355.59
HD 159868 c,HD 159868,Radial Velocity,2012,351.0,14.0,244.09344,383.37,5534.0,2.13,1.19,55.8503
Kepler-1665 b,Kepler-1665,Transit,2020,11.9548,2.83910787,8.44,906.0,5049.84,0.777785,0.842,335.515
HIP 111909 b,HIP 111909,Radial Velocity,2025,487.08,13.7,384.57237247,436.91,4891.0,4.53,1.28,88.077
Kepler-1125 b,Kepler-1125,Transit,2016,17.6700642,1.84,4.04,778.0,5683.0,0.94,0.95,2011.41
Kepler-384 b,Kepler-384,Transit,2014,22.597053,1.12,1.46,670.0,5577.0,0.882,0.882,895.678
HD 37605 b,HD 37605,Radial Velocity,2004,55.01292,13.2,854.9627,465.76,5329.0,0.91,0.94,46.7864
Kepler-1618 b,Kepler-1618,Transit,2016,6.10826019,1.26,2.13,1267.0,6620.0,1.65,1.41,1229.25
Kepler-352 d,Kepler-352,Transit,2021,6.887279987,0.80628032,0.449,788.0,5208.0,0.772,0.796,252.733
K2-148 c,K2-148,Transit,2018,6.9226,1.73,3.64,630.02,4079.0,0.632,0.65,124.458
NGTS-9 b,NGTS-9,Transit,2019,4.43527,11.99363,921.707,1448.0,6330.0,1.38,1.34,609.128
Kepler-584 b,Kepler-584,Transit,2016,35.1810304,4.21,16.5,664.0,6195.0,1.24,1.17,1848.84
Kepler-92 b,Kepler-92,Transit,2013,13.749,3.51,64.3,975.0,5883.0,1.7,1.21,477.992
TOI-277 b,TOI-277,Transit,2022,3.994,2.65,7.51,587.92,4031.0,0.362,0.16,64.6692
EPIC 212297394 b,EPIC 212297394,Transit,2019,2.289363,1.48,2.79,1149.0,5171.0,0.8,0.83,418.395
TIC 67686059 b,TIC 67686059,Transit,2026,3.52163529551,2.59125922,7.23,,5090.09,0.820458,0.86,249.203
K2-270 b,K2-270,Transit,2018,1.543069,1.38,2.48,1203.0,4877.0,0.77,0.85,280.518
TIC 160113658 b,TIC 160113658,Transit,2026,6.72952262077,3.49015778,12.0,,4817.31,0.789834,0.76,200.156
Kepler-533 b,Kepler-533,Transit,2016,28.51120525,3.38,11.4,423.0,4758.0,0.72,0.78,302.955
VHS J125601.92-125723.9 b,VHS J125601.92-125723.9,Imaging,2015,5800000.0,13.67495645,5085.254512,1194.0,2620.0,,0.07,12.7
HD 23079 c,HD 23079,Radial Velocity,2025,5.748913,2.8,8.26,,5994.0,1.08,1.16,33.4591
Kepler-55 e,Kepler-55,Transit,2014,4.617534,1.55,3.02,728.0,4503.0,0.619,0.631,578.796
GJ 887 b,GJ 887,Radial Velocity,2020,9.2619,1.8,3.9,426.0,3688.0,0.468,0.495,3.28679
Kepler-1467 b,Kepler-1467,Transit,2016,47.0569043,3.3,10.9,411.0,5332.0,0.82,0.86,852.888
Kepler-199 c,Kepler-199,Transit,2014,67.093408,3.25,10.6,420.0,5644.0,0.967,0.96,521.054
HD 222076 b,HD 222076,Radial Velocity,2016,871.0,13.5,495.8148,346.88,4806.0,4.1,1.07,91.1538
Kepler-282 b,Kepler-282,Transit,2014,9.220524,1.01,1.01,817.0,5602.0,0.904,0.86,1337.61
K2-388 b,K2-388,Transit,2022,6.33932,3.9,14.5,874.0,5310.0,0.91,0.93,290.495
TOI-1224 b,TOI-1224,Transit,2024,4.1782745,2.104,5.08,541.0,3326.0,0.404,0.4,37.3312
Kepler-623 b,Kepler-623,Transit,2016,9.07097734,3.01,9.32,825.0,5443.0,0.86,0.9,737.702
WASP-176 b,WASP-176,Transit,2020,3.899052,16.869545,271.74465,1721.0,5941.0,1.925,1.345,568.42
Kepler-363 d,Kepler-363,Transit,2014,11.932125,2.05,4.86,905.0,5593.0,1.485,1.226,762.596
HD 4917 b,HD 4917,Radial Velocity,2018,400.5,13.5,513.29545,479.78,4802.0,5.01,1.32,204.277
KOBE-1 c,KOBE-1,Radial Velocity,2025,29.671,3.56,12.4,392.5,4135.0,0.619,0.629,23.9718
Kepler-970 b,Kepler-970,Transit,2016,16.736525,2.609,7.31,464.0,4290.0,0.71,0.67,331.545
HAT-P-70 b,HAT-P-70,Transit,2019,2.74432452,20.96083,2154.8874,2562.0,8450.0,1.858,1.89,330.739
Kepler-943 b,Kepler-943,Transit,2016,49.7701438,5.93,29.5,455.0,5612.0,0.91,0.93,2300.53
Kepler-10 b,Kepler-10,Transit,2011,0.8374907,1.47,3.24,2188.0,5708.0,1.065,0.91,185.506
Kepler-271 d,Kepler-271,Transit,2016,5.24972541,0.66,0.219,954.0,5555.0,0.87,0.9,404.542
TOI-1233.01,HD 108236,Transit,2021,14.175685,2.539,6.98,708.0,5660.0,0.877,0.869,64.5978
HD 221585 b,HD 221585,Radial Velocity,2016,1173.0,13.5,511.7063,242.77,5620.0,1.850575,1.19,55.8535
TIC 18942729 b,TIC 18942729,Transit,2026,0.99817838064,2.00021315,4.66,,4360.11,0.825257,0.652,115.169
HD 22496 b,HD 22496,Radial Velocity,2021,5.09071,2.22,5.57,573.0,4385.0,0.674,0.684,13.5956
Kepler-1640 b,Kepler-1640,Transit,2016,7.5844126,4.82,20.7,1228.0,6324.0,1.43,1.27,1859.78
Kepler-589 c,Kepler-589,Transit,2021,3.52466011,1.11727238,1.45,1098.0,5372.0,0.916,0.832,612.803
Kepler-647 b,Kepler-647,Transit,2016,16.2254649,1.17,1.71,788.0,6020.0,1.07,1.03,1087.87
Gaia-1 b,Gaia-1,Transit,2022,3.052524,13.77583728,533.95172376,1159.07,5470.0,0.952,0.949,363.66
Kepler-1527 b,Kepler-1527,Transit,2016,160.129918,4.77,20.4,450.0,6224.0,1.32,1.21,1842.13
Kepler-1980 b,Kepler-1980,Transit,2023,33.0257179,2.21,5.52,564.0,5819.0,0.99,1.049,1709.4
TOI-122 b,TOI-122,Transit,2020,5.07803,2.72,7.85,471.0,3403.0,0.334,0.312,62.118
HATS-52 b,HATS-52,Transit,2017,1.36665436,15.490838,711.9392,1834.0,6010.0,1.046,1.111,555.134
Kepler-250 d,Kepler-250,Transit,2014,17.648312,2.18,5.39,579.0,5160.0,0.805,0.806,760.585
Kepler-1298 b,Kepler-1298,Transit,2016,7.12811928,1.31,2.27,1373.0,6339.0,2.0,1.45,544.163
Kepler-1361 b,Kepler-1361,Transit,2016,3.57554956,0.86,0.566,1061.0,5131.0,0.79,0.83,389.143
Kepler-619 b,Kepler-619,Transit,2016,5.404272197,3.16,10.1,1073.0,5980.0,1.11,1.09,900.678
K2-99 b,K2-99,Transit,2016,18.24783,11.88151954,276.51071409,1184.0,6069.0,2.55,1.44,519.229
TOI-532 b,TOI-532,Transit,2021,2.3266508,5.82,61.5,867.0,3927.0,0.612,0.639,135.047
HD 210277 b,HD 210277,Radial Velocity,1998,442.19,13.6,410.0007,259.86,5538.0,1.07,1.01,21.2985
Kepler-178 b,Kepler-178,Transit,2014,9.576694,2.9,8.75,846.0,5676.0,1.066,0.852,716.025
Kepler-1604 b,Kepler-1604,Transit,2016,0.683684256,1.41,2.57,2023.0,4976.0,0.76,0.81,541.189
Kepler-984 b,Kepler-984,Transit,2016,43.0342272,2.12,5.14,484.0,5610.0,0.93,0.96,460.188
HD 13724 c,HD 13724,Radial Velocity,2022,142.22895,8.18,50.85254512,393.06,5835.31,1.04198,1.004,43.465
Kepler-1286 b,Kepler-1286,Transit,2016,11.25402929,2.15,5.27,888.0,5753.0,0.98,1.0,1354.46
Kepler-318 b,Kepler-318,Transit,2014,4.662715,4.71,19.9,1039.0,5746.0,1.189,1.073,489.141
Kepler-732 b,Kepler-732,Transit,2016,9.467814048,2.18,5.39,407.0,3631.0,0.46,0.49,174.826
HIP 109600 b,HIP 109600,Radial Velocity,2016,232.08,13.2,851.7844,312.88,5530.0,0.971958,0.87,66.3361
Kepler-407 b,Kepler-407,Transit,2014,0.6693124,1.19,1.93,1983.0,5487.0,1.04,0.99,338.368
GJ 1148 c,GJ 1148,Radial Velocity,2017,532.58,9.71,68.06,99.38,3287.0,0.358519,0.344045,11.0143
Kepler-897 b,Kepler-897,Transit,2016,8.0472642,2.39,6.3,855.0,5839.0,1.04,1.03,1519.25
Kepler-435 b,Kepler-435,Transit,2015,8.6001536,22.31,266.97,1729.0,6161.0,3.21,1.538,1418.77
HD 184010 d,HD 184010,Radial Velocity,2022,836.4,14.3,143.02278315,381.37,4971.0,4.86,1.35,60.7993
WASP-70 A b,WASP-70 A,Transit,2014,3.7130203,13.047,187.512,1387.0,5763.0,1.215,1.106,222.355
TOI-1798.01,TOI-1798,Transit,2024,8.021522331,2.448,6.5,734.31,5165.0,0.78,0.87,113.181
TOI-444 b,TOI-444,Transit,2023,17.9636,2.77,8.1,609.0,5225.0,0.779,0.96,57.3973
TOI-2202 b,TOI-2202,Transit,2021,11.9126075,10.95117414,287.31687993,652.07,5169.0,0.808,0.841,235.933
TrES-1 b,TrES-1,Transit,2004,3.03007,12.66617,266.9772,1140.0,5230.0,0.85,1.04,159.658
Kepler-1052 c,Kepler-1052,Transit,2023,180.921729,2.3,5.9,302.0,5818.0,0.848,0.937,943.444
Kepler-206 b,Kepler-206,Transit,2014,7.781987,1.2,1.87,983.0,5764.0,1.185,0.957,594.447
Kepler-763 b,Kepler-763,Transit,2016,1.19655156,1.22,1.98,1414.0,5166.0,0.8,0.84,962.459
Kepler-155 b,Kepler-155,Transit,2014,5.931194,2.09,5.02,614.0,4508.0,0.62,0.635,293.499
ups And c,ups And,Radial Velocity,1999,241.258,12.3,4443.24112986,407.56,6156.77,1.56,1.3,13.4054
NGTS-34 b,NGTS-34,Transit,2025,43.12655,3.65,19.1,624.0,6134.0,1.367,1.266,120.475
K2-274 b,K2-274,Transit,2018,14.1330314,2.08,4.98,655.0,5044.0,0.7,0.79,228.327
DH Tau b,DH Tau,Imaging,2004,,30.2643,3496.0,2200.0,4371.0,0.27,0.33,134.846
HD 200964 c,HD 200964,Radial Velocity,2010,852.5,13.7,385.84562,380.62,4982.0,4.92,1.39,72.5922
TOI-1011 b,TOI-1011,Transit,2025,2.470498,1.45,4.04,1364.0,5475.0,0.92,0.91,52.62
Kepler-1583 b,Kepler-1583,Transit,2016,9.32807355,0.6,0.156,788.0,5645.0,0.91,0.94,403.933
HATS-32 b,HATS-32,Transit,2016,2.8126548,14.000041,292.4036,1437.0,5700.0,1.097,1.099,745.116
ZTF J1828+2308 b,ZTF J1828+2308,Transit,2025,0.1120067,11.13051784,6356.56814,,15900.0,0.0131,0.61,201.827
Kepler-1876 b,Kepler-1876,Transit,2021,6.99205,0.853,2.4,1299.0,6104.0,1.477,1.187,259.935
TOI-6564 b,TOI-6564,Transit,2026,3.985413,16.39873876,222.16205649,1445.0,5943.0,1.7,1.18,191.372
K2-219 c,K2-219,Transit,2018,6.66767,1.43839723,2.66,,5753.0,1.189232,1.021545,325.4
HD 37124 b,HD 37124,Radial Velocity,2002,154.378,14.0,214.53525,366.48,5698.64,0.949168,0.85,31.6634
Kepler-881 b,Kepler-881,Transit,2016,4.44448017,1.78,3.82,1217.0,5961.0,1.09,1.06,1375.18
TOI-333 b,TOI-333,Transit,2025,3.7852503,4.26,20.1,1445.0,6241.0,1.1,1.2,352.269
Kepler-60 c,Kepler-60,Transit,2012,8.9187,1.9,3.85,1023.0,5905.0,1.257,1.041,1025.1
Kepler-665 b,Kepler-665,Transit,2016,16.01310205,2.6,7.27,593.0,4913.0,0.74,0.79,612.838
Kepler-1848 b,Kepler-1848,Transit,2021,5.604020119,1.4088539,2.57,774.0,4847.0,0.737,0.756,309.696
TOI-2096 c,TOI-2096,Transit,2023,6.38784,1.914,4.32,349.0,3300.0,0.235,0.231,48.4809
Kepler-1698 b,Kepler-1698,Transit,2020,1.2107,1.07315686,1.25,1351.0,4975.03,0.741698,0.822,222.345
HIP 14810 c,HIP 14810,Radial Velocity,2006,147.747,13.6,416.3573,373.22,5544.0,1.07,1.01,50.48
HD 25463 c,HD 25463,Transit,2023,3.04405,1.36354953,4.3,1585.57,6353.0,1.4182,1.251,45.6181
Kepler-1869 c,Kepler-1869,Transit,2023,1.716828304,0.74,0.33,1455.0,5808.0,0.902,0.987,113.025
Kepler-292 b,Kepler-292,Transit,2014,2.580827,1.32,2.3,1130.0,5299.0,0.826,0.865,1056.48
Kepler-33 b,Kepler-33,Transit,2011,5.66793,1.74,3.68,1336.0,5904.0,1.82,1.291,1209.16
Kepler-601 b,Kepler-601,Transit,2016,5.378868441,1.9,4.27,833.0,5160.0,0.79,0.85,414.825
TOI-1347 b,TOI-1347,Transit,2024,0.84742346,1.8,11.1,1400.0,5464.0,0.83,0.913,147.476
K2-417 b,K2-417,Transit,2023,6.535,3.31,699.2224954,558.0,3861.0,0.5776,0.569,94.0424
Kepler-1020 b,Kepler-1020,Transit,2016,96.9151496,2.28,5.82,325.0,5227.0,0.8,0.87,415.358
Kepler-1346 b,Kepler-1346,Transit,2016,3.40165668,1.58,3.12,1236.0,6133.0,1.21,1.14,843.701
TOI-1750 b,TOI-1750,Transit,2026,11.33727129656,2.78943837,8.19,612.92,4683.75,0.768675,0.767,162.46
HD 180314 b,HD 180314,Radial Velocity,2010,394.73,12.0,7216.92963775,597.64,4917.0,9.2,2.6,122.362
Kepler-181 c,Kepler-181,Transit,2014,4.302149,1.99,4.62,937.0,5333.0,0.749,0.81,609.283
Kepler-953 c,Kepler-953,Transit,2016,9.10967112,1.19,1.81,873.0,5416.0,0.99,0.95,258.893
TOI-1696 b,TOI-1696,Transit,2022,2.500311,3.09,48.8,489.0,3185.0,0.2775,0.255,64.9172
TIC 77552382 b,TIC 77552382,Transit,2026,3.51025904942,5.69176189,27.5,1433.88,4981.07,0.886956,0.83,373.415
HD 96167 b,HD 96167,Radial Velocity,2009,498.04,14.0,227.88411,333.63,5733.0,1.94,1.27,85.3006
Kepler-1770 b,Kepler-1770,Transit,2021,16.84189987,2.84141754,8.45,699.0,5602.0,1.009,0.941,582.942
Kepler-292 e,Kepler-292,Transit,2014,11.97901,2.67,7.61,678.0,5299.0,0.826,0.865,1056.48
Kepler-154 b,Kepler-154,Transit,2014,33.040532,2.26,5.73,561.0,5690.0,1.001,0.933,915.212
Kepler-1660 AB b,Kepler-1660 A,Eclipse Timing Variations,2023,239.5044,12.9,1586.59940774,415.08,6305.24,1.491,1.1366,1188.54
Kepler-379 b,Kepler-379,Transit,2014,20.09838,1.66,3.39,775.0,6054.0,1.306,1.125,731.274
HAT-P-33 b,HAT-P-33,Transit,2011,3.47447,20.73665,292.4036,1782.0,6446.0,1.79,1.82,396.11
Kepler-567 b,Kepler-567,Transit,2016,16.54297375,2.25,5.69,611.0,5148.0,0.79,0.84,558.81
KIC 8121913 b,KIC 8121913,Orbital Brightness Modulation,2021,3.294601,13.4,667.4396547,,5975.3,2.233,1.456,707.303
K2-198 d,K2-198,Transit,2019,7.4500177,2.438,6.52,943.2,5212.9,0.757,0.799,110.567
Kepler-176 e,Kepler-176,Transit,2016,51.16579,1.45,0.52075,398.0,5295.0,0.83,0.87,527.321
HD 109246 b,HD 109246,Radial Velocity,2010,68.27,13.9,273.3338,507.43,5844.0,1.07,1.2,67.8349
TOI-5489 c,TOI-5489,Transit,2025,4.92126,1.28,2.18,536.0,3547.0,0.42,0.41,45.0907
K2-415 b,K2-415,Transit,2023,4.0179694,1.015,7.5,412.4,3173.0,0.1965,0.1635,21.8182
Kepler-800 b,Kepler-800,Transit,2016,14.13176026,2.85,8.5,675.0,5315.0,0.82,0.85,1019.26
Kepler-327 c,Kepler-327,Transit,2014,5.212333,1.03,20.3,537.0,3799.0,0.492,0.591913,241.987
Kepler-28 c,Kepler-28,Transit,2011,8.99,1.857,2.06,509.0,4499.3,0.664,0.684,438.359
K2-271 b,K2-271,Transit,2018,8.562421,7.28,41.8,893.0,5644.0,0.99,0.83,564.454
KMT-2018-BLG-0748L b,KMT-2018-BLG-0748L,Microlensing,2020,,9.01,60.0,,,,0.087,7300.0
KMT-2024-BLG-1870L b,KMT-2024-BLG-1870L,Microlensing,2026,,13.8,336.89811142,,,,0.67,5480.0
KMT-2017-BLG-0849L b,KMT-2017-BLG-0849L,Microlensing,2024,,2.41,6.39,,,,0.19,7220.0
Kepler-1418 b,Kepler-1418,Transit,2016,22.4764425,1.66,3.39,419.0,4770.0,0.72,0.77,499.0
OGLE-2016-BLG-0613L AB b,OGLE-2016-BLG-0613L AB,Microlensing,2017,,13.0,1330.0,,,,0.72,3410.0
TOI-1694 c,TOI-1694,Radial Velocity,2023,386.25,13.8,316.55709337,222.0,5005.0,0.812,0.828,124.68
HD 9446 c,HD 9446,Radial Velocity,2009,192.9,13.4,578.426,345.42,5793.0,1.0,1.0,50.3503
MASCARA-4 b,MASCARA-4,Transit,2020,2.8240932,16.98160576,532.36258173,2250.0,7800.0,1.79,1.75,170.696
Kepler-1846 b,Kepler-1846,Transit,2021,14.82009983,1.76378826,3.76,552.0,4825.0,0.732,0.785,374.615
HD 147873 b,HD 147873,Radial Velocity,2016,116.596,12.8,1633.6462,603.16,5972.0,2.29,1.38,109.055
Kepler-224 e,Kepler-224,Transit,2014,18.643577,1.97,4.54,517.0,5018.0,0.676,0.777,782.088
Kepler-1670 b,Kepler-1670,Transit,2020,20.4998,3.3564801,11.2,731.0,5838.0,1.51889,1.05,2065.98
Kepler-92 c,Kepler-92,Transit,2013,26.723,2.6,6.1,781.0,5883.0,1.7,1.21,477.992
Kepler-1799 b,Kepler-1799,Transit,2021,11.9296999,4.12801189,15.9,770.0,5831.0,0.921,1.016,2254.69
KMT-2021-BLG-0736L b,KMT-2021-BLG-0736L,Microlensing,2025,,4.86,21.0,,,,0.6,7000.0
PSR B1620-26 b,PSR B1620-26,Pulsar Timing,2003,,13.3,794.575,,,,1.35,
TYC 8998-760-1 b,TYC 8998-760-1,Imaging,2020,,21.18497352,6928.6592726,2638.0,4573.0,1.02,1.0,94.6177
OGLE-2017-BLG-1434L b,OGLE-2017-BLG-1434L,Microlensing,2018,,1.94,4.43,,,,0.234,860.0
KMT-2019-BLG-2783L b,KMT-2019-BLG-2783L,Microlensing,2023,,13.7,368.68095212,,,,0.34,5910.0
OGLE-2016-BLG-1093L b,OGLE-2016-BLG-1093L,Microlensing,2022,,14.0,225.65816897,,,,0.46,8120.0
MOA-2010-BLG-117L b,MOA-2010-BLG-117L,Microlensing,2018,,14.2,170.0,,,,0.58,3500.0
OGLE-2006-BLG-109L b,OGLE-2006-BLG-109L,Microlensing,2008,1788.5,14.0,231.0,82.0,,,0.51,1510.0
OGLE-2012-BLG-0406L b,OGLE-2012-BLG-0406L,Microlensing,2013,,13.2,868.0,,,,0.44,4970.0
Kepler-1265 b,Kepler-1265,Transit,2016,6.49441289,1.35,2.39,732.0,4630.0,0.69,0.71,583.641
HD 332231 b,HD 332231,Transit,2020,18.712024,9.07303305,74.1,798.3,6128.0,1.266,1.1642,80.6665
HD 233604 b,HD 233604,Radial Velocity,2013,192.0,12.7,2089.644,882.5,4791.0,10.9,1.5,847.058
Kepler-1591 b,Kepler-1591,Transit,2016,8.18504949,1.27,2.15,892.0,6082.0,1.16,1.1,1419.58
HD 22532 b,HD 22532,Radial Velocity,2022,872.6,13.4,673.79622284,420.41,5038.0,5.69,1.57,161.183
TOI-7189 b,TOI-7189,Transit,2026,2.89055,10.9,159.04,738.0,3775.0,0.591,0.612,192.09
TOI-7265 B b,TOI-7265 B,Transit,2026,4.17232,10.7,224.95,571.0,3503.0,0.497,0.521,143.97
KMT-2021-BLG-0322L b,KMT-2021-BLG-0322L,Microlensing,2021,,12.7,2034.1018048,,,,0.62,6600.0
MOA-2016-BLG-526L b,MOA-2016-BLG-526L,Microlensing,2024,,3.97,14.93793513,,,,0.37,6930.0
TOI-6695 c,TOI-6695,Radial Velocity,2025,242.4,13.6,460.85119015,415.0,6400.0,1.517,1.338,282.536
Kepler-249 b,Kepler-249,Transit,2014,3.306539,1.09,1.32,554.0,3568.0,0.482,0.510238,190.401
OGLE-2018-BLG-1185L b,OGLE-2018-BLG-1185L,Microlensing,2021,,2.83,8.4,,,,0.37,7400.0
WISEP J121756.91+162640.2 A b,WISEP J121756.91+162640.2 A,Imaging,2012,,10.468,6992.0,450.0,575.0,0.091,0.029,10.1
KMT-2024-BLG-0176L b,KMT-2024-BLG-0176L,Microlensing,2026,,14.0,241.54958932,,,,0.103,8340.0
KMT-2021-BLG-1150L b,KMT-2021-BLG-1150L,Microlensing,2023,,13.9,279.68899816,,,,0.73,3800.0
KMT-2017-BLG-1146L b,KMT-2017-BLG-1146L,Microlensing,2019,,14.0,230.0,,,,0.33,6500.0
MOA-2007-BLG-400L b,MOA-2007-BLG-400L,Microlensing,2008,,13.5,540.3082919,34.0,,,0.69,6890.0
UZ For b,UZ For,Eclipse Timing Variations,2011,5840.0,,2002.2,,5286.9,,0.7,239.60387482
TWA 7 b,TWA 7,Imaging,2025,,12.7,108.06165838,316.0,3509.0,0.917173,0.46,33.9958
Kepler-1222 b,Kepler-1222,Transit,2016,1.916944254,0.79,0.418,1246.0,5239.0,0.8,0.84,415.218
Kepler-463 b,Kepler-463,Transit,2016,8.981016833,3.05,9.53,880.0,5661.0,0.9,0.87,394.804
TOI-2337 b,TOI-2337,Transit,2022,2.99432,10.08808263,508.5254512,1272.46,4780.0,3.22,1.325,536.046
HD 202206 c,HD 202206,Radial Velocity,2004,1299.22,13.1,982.08977763,183.35,5764.23,1.04,1.06,45.9665
MOA-2010-BLG-477L b,MOA-2010-BLG-477L,Microlensing,2012,,13.6,480.0,,5950.0,,0.67,2300.0
OGLE-2017-BLG-1522L b,OGLE-2017-BLG-1522L,Microlensing,2018,,14.0,240.0,,,,0.045,7490.0
Kepler-566 b,Kepler-566,Transit,2016,18.42794624,2.15,5.27,526.0,5132.0,0.79,0.83,564.277
Kepler-1224 b,Kepler-1224,Transit,2016,13.32351601,1.33,2.33,872.0,6155.0,1.22,1.18,559.598
WASP-149 b,WASP-149,Transit,2025,1.332813,15.24421375,314.96795134,1855.0,5750.0,1.08,1.05,211.73
KMT-2019-BLG-1042L b,KMT-2019-BLG-1042L,Microlensing,2022,,9.05,60.38739733,,,,0.3,6600.0
KMT-2019-BLG-0298L b,KMT-2019-BLG-0298L,Microlensing,2023,,13.4,575.26941667,,,,0.7,6710.0
WASP-60 b,WASP-60,Transit,2012,4.305,9.86392,174.8065,1479.0,5900.0,1.17,1.19,431.052
KMT-2019-BLG-0371L b,KMT-2019-BLG-0371L,Microlensing,2021,,12.6,2447.2787339,,,,0.09,7010.0
TOI-5916 b,TOI-5916,Transit,2026,2.36712341,11.8,219.0,716.0,3541.0,0.487,0.518,199.724
OGLE-2017-BLG-1237L b,OGLE-2017-BLG-1237L,Microlensing,2024,,13.0,1207.7479466,,,,0.46,6030.0
OGLE-2017-BLG-0640L b,OGLE-2017-BLG-0640L,Microlensing,2024,,13.5,514.88201934,,,,0.32,6630.0
MXB 1658-298 b,MXB 1658-298,Eclipse Timing Variations,2017,760.0,12.0,7532.571,,,,1.98,
KMT-2018-BLG-0029L b,KMT-2018-BLG-0029L,Microlensing,2020,,2.67,7.59,,,,1.14,3380.0
Kepler-619 c,Kepler-619,Transit,2016,1.208465026,1.69,3.5,1767.0,5980.0,1.11,1.09,900.678
Kepler-186 b,Kepler-186,Transit,2014,3.8867907,1.07,1.24,571.0,3788.0,0.472,0.478,177.594
K2-183 d,K2-183,Transit,2018,22.620344,2.3,5.9,615.0,5482.0,0.87,0.942219,329.041
Kepler-1677 b,Kepler-1677,Transit,2020,22.064,2.70216183,7.76,712.0,6013.72,1.24959,1.11,735.369
KMT-2018-BLG-0087L b,KMT-2018-BLG-0087L,Microlensing,2022,,10.1,73.10053361,,,,0.1,7020.0
KOI-55 c,KOI-55,Orbital Brightness Modulation,2011,0.342887,0.867,0.655,6910.74,27730.0,0.203,0.496,1231.02
KMT-2024-BLG-1044L b,KMT-2024-BLG-1044L,Microlensing,2024,,2.7,7.75,,,,0.069,7140.0
KMT-2019-BLG-0297L b,KMT-2019-BLG-0297L,Microlensing,2023,,12.1,6038.739733,,,,0.21,3090.0
OGLE-2012-BLG-0724L b,OGLE-2012-BLG-0724L,Microlensing,2016,,14.3,150.0,,,,0.29,6700.0
TOI-603 b,TOI-603,Transit,2026,16.179846,7.37,33.0,899.0,6027.0,1.477,1.24,205.924
Kepler-1620 b,Kepler-1620,Transit,2016,101.951829,1.61,3.22,428.0,6157.0,1.23,1.15,895.069
KMT-2019-BLG-0578L b,KMT-2019-BLG-0578L,Microlensing,2025,,13.7,381.3940884,,,,0.28,7300.0
Kepler-85 e,Kepler-85,Transit,2014,25.216751,1.27,0.6,559.0,5436.0,0.893,0.947,765.025
TOI-2128 b,TOI-2128,Transit,2024,16.34136,2.08874836,4.5,780.53,5968.0,1.1174,1.0251,36.578
Kepler-1693 c,Kepler-1693,Transit,2021,5.363709927,0.97698289,0.894,1059.0,5553.0,1.098,0.941,760.065
TOI-5174 b,TOI-5174,Transit,2022,12.214286,5.351,24.8,808.37,5643.77,1.09457,1.0,197.243
WASP-172 b,WASP-172,Transit,2018,5.477433,17.59813,149.3801,1740.0,6900.0,1.91,1.49,538.11
Kepler-403 b,Kepler-403,Transit,2014,7.031462,1.25,2.1,1194.0,6090.0,1.329,1.299,840.269
KMT-2022-BLG-2286L b,KMT-2022-BLG-2286L,Microlensing,2024,,12.1,6038.739733,,,,0.2,7320.0
Kepler-1493 b,Kepler-1493,Transit,2016,15.0217983,1.41,2.57,874.0,5863.0,1.29,1.06,555.051
OGLE-2019-BLG-0249L b,OGLE-2019-BLG-0249L,Microlensing,2023,,12.7,2262.93825784,,,,0.91,6370.0
Kepler-137 c,Kepler-137,Transit,2014,18.735753,1.88,4.19,568.0,5187.0,0.802,0.85,302.979
TOI-2114 b,TOI-2114,Transit,2026,6.209959,14.54925695,324.18497514,1472.0,6400.0,1.97,1.309,317.845
TOI-5806 b,TOI-5806,Transit,2026,3.1856381,15.13212395,721.47048389,1621.0,6730.0,1.387,1.333,119.199
OGLE-2018-BLG-1011L c,OGLE-2018-BLG-1011L,Microlensing,2019,,13.2,890.0,,,,0.18,7100.0
TOI-7169 b,TOI-7169,Transit,2026,3.4373125,16.53324653,130.30964687,1631.0,5714.0,1.5,0.885,467.151
OGLE-2018-BLG-0677L b,OGLE-2018-BLG-0677L,Microlensing,2020,,1.82,3.96,,,,0.12,7580.0
OGLE-2019-BLG-0679L b,OGLE-2019-BLG-0679L,Microlensing,2023,,13.1,1061.54687938,,,,0.66,5630.0
MOA-bin-1L b,MOA-bin-1L,Microlensing,2012,,13.0,1200.0,,,,0.75,5100.0
Kepler-365 b,Kepler-365,Transit,2014,10.664903,2.04,4.82,865.0,6012.0,1.048,1.02,1038.99
KMT-2020-BLG-0414L c,KMT-2020-BLG-0414L,Microlensing,2021,,11.9,8581.366989,,,,0.49,1220.0
HD 11977 b,HD 11977,Radial Velocity,2005,711.0,12.7,2080.0,547.97,4970.0,10.09,1.91,67.9331
Kepler-1038 b,Kepler-1038,Transit,2016,148.4603382,3.53,12.2,285.0,5335.0,0.83,0.87,584.136
Kepler-250 c,Kepler-250,Transit,2014,7.156804,2.28,5.82,782.0,5160.0,0.805,0.806,760.585
eps CrB b,eps CrB,Radial Velocity,2012,417.9,12.7,2129.461,853.92,4406.0,21.0,1.7,69.8683
TOI-521 b,TOI-521,Transit,2025,1.54285047,1.98,5.3,794.0,3544.0,0.421,0.42,60.9425
OGLE-2015-BLG-0954L b,OGLE-2015-BLG-0954L,Microlensing,2016,,13.1,1100.0,,,,0.3,1200.0
KOI-134 c,KOI-134,Transit Timing Variations,2025,33.95,9.86,69.92224954,798.82,6160.0,1.667,1.407,1159.21
HD 127195 c,HD 127195,Radial Velocity,2026,836.99,14.1,206.58846455,,4981.0,4.16,1.34,84.7167
HD 125136 b,HD 125136,Radial Velocity,2026,849.77,13.3,718.29219982,,4959.0,5.39,1.55,121.257
KMT-2019-BLG-0953L b,KMT-2019-BLG-0953L,Microlensing,2022,,4.06,15.5,,,,0.28,7200.0
OGLE-2017-BLG-1691L b,OGLE-2017-BLG-1691L,Microlensing,2022,,3.92,14.62010672,,,,0.45,7290.0
alf Ari b,alf Ari,Radial Velocity,2010,380.8,13.4,572.07,747.22,4553.0,13.9,1.5,20.21019
TOI-2180 b,TOI-2180,Transit,2022,260.79,11.32107051,875.61726129,348.0,5695.0,1.636,1.111,116.685
KMT-2024-BLG-0404L c,KMT-2024-BLG-0404L,Microlensing,2025,,4.33,17.3,,,,0.09,7210.0
Kepler-122 e,Kepler-122,Transit,2014,37.993273,2.6,27.7,618.0,6050.0,1.216,0.982,1027.45
Kepler-411 c,Kepler-411,Transit,2016,7.834435,4.421,26.4,838.0,4974.0,0.82,0.87,153.676
OGLE-2018-BLG-1428L b,OGLE-2018-BLG-1428L,Microlensing,2021,,14.0,240.0,,,,0.43,6220.0
KMT-2021-BLG-1689L b,KMT-2021-BLG-1689L,Microlensing,2022,,7.71,46.0,,4570.0,,0.58,7200.0
MOA-2010-BLG-073L b,MOA-2010-BLG-073L,Microlensing,2012,,12.4,3500.0,,,,0.16,2800.0
KMT-2017-BLG-2197L b,KMT-2017-BLG-2197L,Microlensing,2025,,12.5,2809.60311788,,,,0.36,7800.0
KMT-2018-BLG-1988L b,KMT-2018-BLG-1988L,Microlensing,2022,,2.22,5.56,,,,0.47,4150.0
Kepler-302 b,Kepler-302,Transit,2014,30.184104,4.06,15.5,634.0,5740.0,1.22,1.021,1402.58
GJ 3779 b,GJ 3779,Radial Velocity,2018,3.0232,2.75,8.0,526.94,3324.0,0.281,0.27,13.743
Kepler-985 b,Kepler-985,Transit,2016,116.331901,2.98,9.17,323.0,5434.0,0.85,0.91,679.361
Kepler-248 b,Kepler-248,Transit,2014,6.308205,3.02,9.38,819.0,5190.0,0.831,0.838,738.792
Kepler-836 b,Kepler-836,Transit,2016,11.36112327,2.73,7.9,869.0,5895.0,1.04,1.03,980.035
TOI-1224 c,TOI-1224,Transit,2024,17.945466,2.884,8.67,303.12,3326.0,0.404,0.4,37.3312
Kepler-142 d,Kepler-142,Transit,2014,41.809118,2.16,5.31,582.0,5790.0,1.269,0.978,548.686
OGLE-2019-BLG-0304L b,OGLE-2019-BLG-0304L,Microlensing,2021,,14.2,162.09248757,,,,0.27,6980.0
MOA-2022-BLG-563L b,MOA-2022-BLG-563L,Microlensing,2024,,14.0,127.1313628,,,,0.48,6530.0
KMT-2021-BLG-2010L b,KMT-2021-BLG-2010L,Microlensing,2023,,13.8,340.07639549,,,,0.37,7090.0
KMT-2024-BLG-1005L b,KMT-2024-BLG-1005L,Microlensing,2025,,12.1,6674.396547,,,,0.055,6950.0
KMT-2021-BLG-1077L c,KMT-2021-BLG-1077L,Microlensing,2022,,10.6,79.45710175,,,,0.14,8240.0
Kepler-1676 b,Kepler-1676,Transit,2020,29.9221,3.3769596,11.3,782.0,5878.3,1.06066,1.07,
K2-65 b,K2-65,Transit,2016,12.6475,1.58,3.12,723.51,5213.0,0.84,0.87,72.2
OGLE-2018-BLG-0799L b,OGLE-2018-BLG-0799L,Microlensing,2022,,10.9,82.63538582,,,,0.093,4050.0
KMT-2023-BLG-0466L b,KMT-2023-BLG-0466L,Microlensing,2026,,13.1,1032.94232275,,,,0.44,6800.0
BD+63 1405 b,BD+63 1405,Radial Velocity,2021,1198.48,12.4,3305.4154328,150.69,5000.0,0.804724,0.816,38.0473
WASP-73 b,WASP-73,Transit,2014,4.08722,15.91678,908.9938,1790.0,6030.0,2.55,2.52,316.678
Kepler-733 b,Kepler-733,Transit,2016,20.83424726,2.82,8.35,595.0,5418.0,0.86,0.9,916.706
Kepler-124 d,Kepler-124,Transit,2014,30.950851,1.11,1.41,428.0,4984.0,0.636,0.706,420.046
Kepler-244 c,Kepler-244,Transit,2014,9.767292,2.05,4.86,791.0,5554.0,0.803,0.933,1036.49
Kepler-2001 c,Kepler-2001,Transit,2023,14.092583189,1.82,3.97,597.0,5081.0,0.77,0.864,776.55
KMT-2021-BLG-0852L b,KMT-2021-BLG-0852L,Microlensing,2026,,14.2,155.73591943,,,,0.75,7230.0
Kepler-32 b,Kepler-32,Transit,2011,5.90124,2.2,1303.0,514.0,3900.0,0.53,0.58,323.847
TOI-5108 b,TOI-5108,Transit,2025,6.753581,6.6,32.0,1180.0,5808.0,1.29,1.1,130.919
KMT-2016-BLG-2605L b,KMT-2016-BLG-2605L,Microlensing,2021,,14.0,245.0457018,,,,0.064,6421.0
OGLE-2018-BLG-0977L b,OGLE-2018-BLG-0977L,Microlensing,2022,,2.41,6.4,,,,0.47,6500.0
OGLE-2007-BLG-368L b,OGLE-2007-BLG-368L,Microlensing,2009,,4.72,20.0,,,,0.64,5900.0
MOA-2011-BLG-262L b,MOA-2011-BLG-262L,Microlensing,2014,,4.29,17.0,,,,0.11,7200.0
Kepler-132 c,Kepler-132,Transit,2014,6.414914,1.28,2.18,1069.0,6003.0,1.178,0.929,349.549
KMT-2025-BLG-0481L b,KMT-2025-BLG-0481L,Microlensing,2026,,14.1,187.51876013,,,,0.22,7980.0
KMT-2019-BLG-1339L b,KMT-2019-BLG-1339L,Microlensing,2020,,13.7,397.0,,,,0.48,6120.0
OGLE-2017-BLG-1140L b,OGLE-2017-BLG-1140L,Microlensing,2018,,13.5,505.0,,,,0.211,
KMT-2022-BLG-1790L b,KMT-2022-BLG-1790L,Microlensing,2025,,13.5,549.84314411,,,,0.58,6480.0
KMT-2018-BLG-1996L b,KMT-2018-BLG-1996L,Microlensing,2021,,13.7,346.43296363,,,,0.69,5910.0
Kepler-47 b,Kepler-47,Transit,2012,49.4643,3.05,2.07,490.2,5636.0,0.936,0.957,1025.02
HD 190007 b,HD 190007,Radial Velocity,2020,11.724128,4.06,15.5,651.41,4610.0,0.79,0.77,12.7141
Kepler-1219 b,Kepler-1219,Transit,2016,16.10467749,2.12,5.14,1159.0,5944.0,1.94,1.25,880.895
Kepler-1808 b,Kepler-1808,Transit,2021,23.3404007,3.02511302,9.4,601.0,5530.0,0.892,0.773,1022.01
Kepler-824 b,Kepler-824,Transit,2016,4.51436633,1.87,4.16,1231.0,6035.0,1.22,1.15,1201.4
HD 95089 b,HD 95089,Radial Velocity,2009,464.4,13.7,400.4658,458.34,4918.0,5.08,1.54,136.957
Kepler-610 c,Kepler-610,Transit,2016,151.86392,3.3,10.9,318.0,5943.0,1.13,1.1,845.824
Kepler-410 A b,Kepler-410 A,Transit,2013,17.833648,2.838,8.44,866.0,6273.0,1.352,1.214,147.527
DMPP-6 b,DMPP-6,Radial Velocity,2026,7.6027,2.28,5.8,1203.65,6182.09,1.27,1.079,54.6303
Gaia22dkvL b,Gaia22dkvL,Microlensing,2024,,14.1,187.83658854,,,,1.145,1270.0
MOA-2022-BLG-249L b,MOA-2022-BLG-249L,Microlensing,2023,,2.04,4.83,,,,0.18,2000.0
Kepler-1063 b,Kepler-1063,Transit,2016,14.07971466,1.49,2.83,931.0,5945.0,1.14,1.09,343.226
KMT-2021-BLG-1303L b,KMT-2021-BLG-1303L,Microlensing,2022,,13.6,120.77479466,,,,0.57,6280.0
OGLE-2018-BLG-0596L b,OGLE-2018-BLG-0596L,Microlensing,2019,,3.81,13.93,,,,0.231,5650.0
KMT-2023-BLG-0830L b,KMT-2023-BLG-0830L,Microlensing,2025,,4.41,17.79839079,,,,0.22,7250.0
KMT-2023-BLG-0735L b,KMT-2023-BLG-0735L,Microlensing,2024,,6.97,38.77506565,,,,0.61,6390.0
KMT-2021-BLG-0320L b,KMT-2021-BLG-0320L,Microlensing,2022,,6.2,31.7828407,,,,0.32,6950.0
OGLE-2023-BLG-0766L b,OGLE-2023-BLG-0766L,Microlensing,2026,,13.7,349.6112477,,,,0.39,7400.0
Kepler-1628 b,Kepler-1628,Transit,2016,76.378033,6.43,33.8,240.0,3724.0,0.52,0.55,352.0
OGLE2-TR-L9 b,OGLE2-TR-L9,Transit,2008,2.4855335,18.046,1430.175,2034.0,6933.0,1.53,1.52,1627.63
TOI-5736 b,TOI-5736,Transit,2025,0.64899,1.56,3.05,1311.0,3949.0,0.58,0.57,92.3604
Kepler-1577 b,Kepler-1577,Transit,2016,6.30560247,1.13,1.51,1125.0,4862.0,0.74,0.78,510.029
K2-13 b,K2-13,Transit,2015,39.91488,1.89,4.23,511.0,5698.0,0.78,0.8,342.394
Kepler-122 f,Kepler-122,Transit,2014,56.268,1.75,36.0,543.0,5917.0,0.949,1.03,1027.45
Kepler-414 c,Kepler-414,Transit,2014,7.171,3.01,29.9,890.0,5536.0,0.946,0.89,413.46
TOI-1533 b,TOI-1533,Transit,2026,3.6457974,2.89,28.1,1011.0,5146.0,0.849,0.88,100.051
Kepler-675 b,Kepler-675,Transit,2016,2.33743801,2.44,6.53,1070.0,4945.0,0.75,0.79,665.68
Kepler-1489 c,Kepler-1489,Transit,2024,0.680741,0.51,0.087,,5565.53,0.957,0.977,1283.05
K2-190 c,K2-190,Transit,2018,21.574023,1.09308317,1.34,,5631.0,0.912206,0.904597,160.679
Kepler-276 c,Kepler-276,Transit,2013,31.884,2.9,16.6,563.0,5693.0,1.03,1.1,1144.86
HD 148164 b,HD 148164,Radial Velocity,2018,328.55,13.7,390.9309,337.89,6032.0,1.34,1.21,77.1971
Kepler-1996 b,Kepler-1996,Transit,2023,32.376183,2.26,5.73,392.0,4580.0,0.675,0.748,440.561
HIP 107772 b,HIP 107772,Radial Velocity,2020,55.199,3.64,12.9,280.92,4006.0,0.513922,0.63,23.6434
Kepler-446 c,Kepler-446,Transit,2015,3.036179,1.11,1.41,520.0,3359.0,0.24,0.22,96.339
KIC 3526061 b,KIC 3526061,Radial Velocity,2022,3552.0,12.1,5768.58558705,248.63,4829.0,5.86,1.42,401.229
HD 11964 c,HD 11964,Radial Velocity,2008,37.91,5.38,25.0,757.54,5303.0,2.00971,0.91,33.5369
Kepler-1482 b,Kepler-1482,Transit,2016,12.25383217,1.01,1.01,678.0,5381.0,0.84,0.88,567.556
TOI-5515 b,TOI-5515,Transit,2026,8.59225810839,2.65362762,7.53,778.1,5483.65,0.835682,0.963,135.459
TOI-2184 b,TOI-2184,Transit,2022,6.90683,11.39953337,206.58846455,1676.05,5966.0,2.9,1.53,788.317
HD 102329 c,HD 102329,Radial Velocity,2016,1123.0,13.5,483.1016,,4830.0,6.3,1.3,217.107
HD 39194 b,HD 39194,Radial Velocity,2021,5.63692,1.99,4.62,915.16,5205.0,0.783742,0.86,26.4131
HD 199509 b,HD 199509,Radial Velocity,2022,99.62167,7.43,43.22466335,410.73,5796.02,0.92,1.04,24.3056
Kepler-325 d,Kepler-325,Transit,2014,38.715185,2.79,8.2,498.0,5752.0,1.003,0.914,823.242
Kepler-1940 b,Kepler-1940,Transit,2021,4.950610161,1.54732469,3.01,885.0,5431.0,0.717,0.802,798.595
TOI-2545 b,TOI-2545,Transit,2022,7.994037,2.75,8.0,1022.99,5846.29,1.25324,1.055,107.118
Kepler-1612 b,Kepler-1612,Transit,2016,3.91795101,1.03,1.08,1030.0,5643.0,0.94,0.96,764.726
HD 136352 c,HD 136352,Radial Velocity,2019,27.59221,2.916,11.24,677.0,5664.0,1.058,0.87,14.682
EPIC 201615463 c,K2-166,Transit,2019,3.80464,1.22,1.98,,5960.0,1.61,1.073,476.882
Kepler-225 b,Kepler-225,Transit,2014,6.738975,1.2,1.87,579.0,3682.0,0.48,0.593,561.101
HD 20868 b,HD 20868,Radial Velocity,2008,380.85001,13.7,397.2875,207.11,4802.0,0.76,0.39,47.7223
Kepler-1930 b,Kepler-1930,Transit,2021,13.02680016,1.52955541,2.95,643.0,5083.0,0.844,0.844,275.694
Kepler-1439 b,Kepler-1439,Transit,2016,8.07392849,1.46,2.73,420.0,3578.0,0.43,0.46,225.393
HD 155193 b,HD 155193,Radial Velocity,2021,352.65,14.0,238.37130525,391.86,6239.0,1.76439,1.221,57.7995
TOI-1266 c,TOI-1266,Transit,2020,18.8027,1.98,3.17,346.0,3563.0,0.4232,0.437,36.0118
Kepler-1536 b,Kepler-1536,Transit,2016,364.758031,3.14,10.0,166.0,4434.0,0.67,0.71,387.248
HD 134987 b,HD 134987,Radial Velocity,1999,258.17999,13.5,511.7063,339.45,5736.0,1.22,1.1,26.1804
Kepler-961 b,Kepler-961,Transit,2016,16.87727414,2.55,7.04,642.0,5582.0,0.9,0.96,574.314
Kepler-539 b,Kepler-539,Transit,2016,125.63243,8.373123,308.2951,387.6,5820.0,0.952,1.048,307.318
HD 5278 c,HD 5278,Radial Velocity,2021,40.87,4.49,18.4,664.95,6203.0,1.194,1.126,57.5846
Kepler-319 c,Kepler-319,Transit,2014,6.941357,2.63,7.41,876.0,5526.0,0.903,0.933,503.436
HD 179079 b,HD 179079,Radial Velocity,2008,14.479,,4195.3349724,997.61,5646.0,1.63,1.14,69.7116
Kepler-1099 b,Kepler-1099,Transit,2016,2.168452593,2.83,8.4,1558.0,5837.0,1.0,1.01,1022.8
Kepler-244 d,Kepler-244,Transit,2014,20.050401,2.31,15.2,622.0,5554.0,0.803,0.933,1036.49
NY Vir c,NY Vir,Eclipse Timing Variations,2019,8799.0,12.8,1760.7782,,32780.0,0.151,0.459,544.024
Kepler-377 b,Kepler-377,Transit,2014,12.509529,1.39,2.51,875.0,5949.0,1.224,1.043,823.804
Kepler-879 b,Kepler-879,Transit,2016,33.3855938,2.57,7.13,580.0,5792.0,1.02,1.02,802.672
Kepler-705 b,Kepler-705,Transit,2016,56.0560538,2.11,5.1,265.0,3722.0,0.51,0.53,276.881
Kepler-163 c,Kepler-163,Transit,2014,21.347262,2.26,5.73,648.0,5776.0,0.917,0.882,689.814
TOI-778 b,TOI-778,Transit,2023,4.633611,15.4,878.0,1561.0,6643.0,1.71,1.4,161.743
Kepler-1355 b,Kepler-1355,Transit,2016,1.289588112,1.46,2.73,1448.0,5352.0,0.83,0.88,911.269
KOI-134 b,KOI-134,Transit,2025,67.1277,12.03844527,346.43296363,659.0,6160.0,1.667,1.407,1159.21
Kepler-138 b,Kepler-138,Transit,2014,10.3134,0.64,0.07,452.0,3841.0,0.535,0.535,66.8624
Kepler-1542 e,Kepler-1542,Transit,2016,5.10115756,0.76,0.363,1065.0,5564.0,0.99,0.94,399.114
Kepler-1579 b,Kepler-1579,Transit,2016,0.849907889,0.84,0.52,1139.0,4584.0,0.7,0.75,466.0
K2-264 c,K2-264,Transit,2018,19.660302,2.668,7.6,331.0,3660.0,0.473,0.496,185.605
Kepler-1073 d,Kepler-1073,Transit,2021,2.504760027,1.48770949,2.82,1369.0,5509.0,1.116,0.924,809.897
Kepler-510 b,Kepler-510,Transit,2016,19.55659418,2.47,6.66,797.0,5746.0,1.41,0.91,386.177
HD 164509 b,HD 164509,Radial Velocity,2012,280.17,14.3,140.79869,319.12,5859.0,1.11,1.12,53.1119
TIC 34085383 b,TIC 34085383,Transit,2026,3.47793368523,3.91982296,14.6,,4694.84,0.809951,0.733,149.12
TYC 3667-1280-1 b,TYC 3667-1280-1,Radial Velocity,2016,26.468,12.8,1716.282,1350.0,5130.0,6.26,1.87,477.516
HATS-59 c,HATS-59,Radial Velocity,2018,1422.0,12.3,4036.441,175.9,5670.0,1.036,1.038,642.884
Kepler-1605 b,Kepler-1605,Transit,2016,85.7565495,1.08,1.28,528.0,5280.0,0.82,0.86,546.23
Ross 458 c,Ross 458,Imaging,2010,,14.01125,1906.98,4.32,3965.42,0.562566,0.556419,11.5094
SR 12 AB c,SR 12 AB,Imaging,2010,,12.3,4131.62,,3828.93,1.103075,,112.31721584
HD 187123 b,HD 187123,Radial Velocity,1998,3.0965828,14.2,166.218,1450.9,5790.0,1.15043,1.04,45.9548
OGLE-TR-132 b,OGLE-TR-132,Transit,2004,1.689868,13.45,375.02,2013.0,6210.0,1.32,1.305,2012.62
OGLE-TR-56 b,OGLE-TR-56,Transit,2002,1.2119189,15.278,441.77,2212.0,6050.0,1.363,1.228,282.83913869
WASP-156 b,WASP-156,Transit,2017,3.8361629,6.15,42.0,934.5,5036.0,0.8268,0.8712,122.066
HD 22781 b,HD 22781,Radial Velocity,2011,528.07,12.3,4338.2,193.48,5027.0,0.743475,0.75,32.6034
Kepler-16 b,Kepler-16,Transit,2011,228.776,8.4493,105.833,205.9,4450.0,0.6489,0.6897,75.0852
Kepler-27 c,Kepler-27,Transit,2011,31.3309,4.9,4385.87,481.0,5400.0,0.59,0.65,1044.36
WASP-23 b,WASP-23,Transit,2010,2.9444256,10.783,280.95,1076.55,5150.0,0.765,0.78,207.49
Kepler-27 b,Kepler-27,Transit,2011,15.3348,4.0,2895.31,610.0,5400.0,0.59,0.65,1044.36
HD 114783 b,HD 114783,Radial Velocity,2001,493.7,13.7,349.6,210.79,5135.0,0.840622,0.853,21.0628
HD 19994 b,HD 19994,Radial Velocity,2003,466.2,13.6,435.41,350.1,6188.0,1.79647,1.365,22.5242
47 UMa b,47 UMa,Radial Velocity,1996,1078.0,13.2,804.08,215.23,5872.0,1.21334,1.06,13.7967
Kepler-18 c,Kepler-18,Transit,2011,7.64159,5.49,17.3,899.0,5345.0,1.108,0.972,433.047
Kepler-18 b,Kepler-18,Transit,2011,3.504725,2.0,6.9,1165.0,5345.0,1.108,0.972,433.047
Kepler-31 c,Kepler-31,Transit,2011,42.6318,5.3,1493.7,615.0,6340.0,1.22,1.21,1664.64
Kepler-32 e,Kepler-32,Transit,2012,2.896,1.5,4.08181,652.0,3900.0,0.53,0.58,323.847
61 Vir b,61 Vir,Radial Velocity,2009,4.215,2.11,5.1,1177.85,5577.0,0.963,0.942,8.50332
61 Vir c,61 Vir,Radial Velocity,2009,38.021,4.46,18.2,565.87,5577.0,0.963,0.942,8.50332
47 UMa d,47 UMa,Radial Velocity,2009,14002.0,13.5,521.22,91.58,5872.0,1.21334,1.06,13.7967
47 UMa c,47 UMa,Radial Velocity,2001,2391.0,14.2,171.621,164.38,5872.0,1.21334,1.06,13.7967
BD-08 2823 c,BD-08 2823,Radial Velocity,2009,237.6,12.5,104.0,233.85,4746.0,0.71,0.74,41.3342
CoRoT-23 b,CoRoT-23,Transit,2011,3.6313,11.77,889.9,1660.0,5900.0,1.61,1.14,1060.97
Kepler-18 d,Kepler-18,Transit,2011,14.85888,6.98,16.4,720.0,5345.0,1.108,0.972,433.047
HATS-1 b,HATS-1,Transit,2012,3.446459,14.594,589.55,1359.0,5870.0,1.038,0.986,283.971
HD 47186 c,HD 47186,Radial Velocity,2008,1353.6,13.0,111.42,183.18,5657.0,1.08,0.96,37.4574
HD 196885 A b,HD 196885 A,Radial Velocity,2007,1333.0,13.2,819.97,224.21,6254.0,1.31,1.28,34.1692
CoRoT-6 b,CoRoT-6,Transit,2009,8.886593,13.068,940.74,1017.0,6090.0,1.025,1.05,645.294
HR 8799 b,HR 8799,Imaging,2008,170000.0,13.0,2000.0,1200.0,7204.58,1.49338,1.5,41.2441
HAT-P-37 b,HAT-P-37,Transit,2011,2.797436,13.204,371.528,1271.0,5500.0,0.877,0.929,390.594
Kepler-42 b,Kepler-42,Transit,2011,1.2137672,0.78,0.705944,519.0,3068.0,0.17,0.13,40.0595
Kepler-32 d,Kepler-32,Transit,2012,22.7802,2.7,39.9089,328.0,3900.0,0.53,0.58,323.847
Kepler-32 f,Kepler-32,Transit,2012,0.74296,0.82,1862.11,1026.0,3900.0,0.53,0.58,323.847
BD+20 2457 b,BD+20 2457,Radial Velocity,2009,379.63,12.1,6807.63,1159.67,4137.0,49.0,2.8,1539.71
HR 8799 d,HR 8799,Imaging,2008,37000.0,13.0,3000.0,1300.0,7204.58,1.49338,1.5,41.2441
GJ 179 b,GJ 179,Radial Velocity,2009,2288.0,13.8,301.93698665,64.53,3370.0,0.38,0.357,12.356
SWEEPS-4 b,SWEEPS-4,Transit,2006,4.2,9.079,1207.7,,,1.18,1.24,8500.0
Kepler-42 c,Kepler-42,Transit,2011,0.45328509,0.73,60.337,720.0,3068.0,0.17,0.13,40.0595
Kepler-33 c,Kepler-33,Transit,2011,13.17562,3.2,0.39,1009.0,5904.0,1.82,1.291,1209.16
Kepler-35 b,Kepler-35,Transit,2011,131.458,8.16,40.363,352.89,5606.0,1.0284,0.8877,1819.17
CoRoT-16 b,CoRoT-16,Transit,2011,5.35227,13.11,170.032,1195.53,5650.0,1.19,1.098,732.409
HD 240210 b,HD 240210,Radial Velocity,2009,501.75,12.8,1655.82,970.67,4297.0,25.456816,0.82,372.405
BD+20 2457 c,BD+20 2457,Radial Velocity,2009,621.99,12.4,3963.17,984.96,4137.0,49.0,2.8,1539.71
HD 110014 b,HD 110014,Radial Velocity,2009,835.477,12.4,3524.59,669.84,4445.0,20.9,2.17,100.758
HIP 5158 b,HIP 5158,Radial Velocity,2009,345.72,13.6,451.0,219.65,4962.0,0.75,0.78,51.6026
Kepler-33 e,Kepler-33,Transit,2011,31.7844,4.02,5.57,752.0,5904.0,1.82,1.291,1209.16
Kepler-33 d,Kepler-33,Transit,2011,21.77596,5.35,3.91,853.0,5904.0,1.82,1.291,1209.16
BD+20 274 b,BD+20 274,Radial Velocity,2012,578.2,13.0,1334.886,755.7,4296.0,17.3,0.8,1322.51
KELT-1 b,KELT-1,Transit,2012,1.217514,12.442,8654.15,2361.0,6516.0,1.471,1.335,268.43
CoRoT-5 b,CoRoT-5,Transit,2009,4.0378962,15.558,148.42,1438.0,6100.0,1.186,1.0,882.472
HD 134987 c,HD 134987,Radial Velocity,2009,5000.0,13.9,260.0,125.03,5585.0,1.25,1.1,26.1804
HD 147018 b,HD 147018,Radial Velocity,2009,44.236,13.4,674.0,519.98,5441.0,0.937948,0.927,40.4256
Kepler-33 f,Kepler-33,Transit,2011,41.02902,4.46,9.6,691.0,5904.0,1.82,1.291,1209.16
Kepler-31 b,Kepler-31,Transit,2011,20.8613,5.5,36.7418,781.0,6340.0,1.22,1.21,1664.64
Kepler-34 b,Kepler-34,Transit,2011,288.822,8.564,69.92,294.42,5913.0,1.1618,1.0479,1800.82
HD 45350 b,HD 45350,Radial Velocity,2004,963.6,13.5,568.89,217.81,5566.0,1.26442,0.98,46.8733
HD 147018 c,HD 147018,Radial Velocity,2009,1008.0,12.7,2080.0,183.28,5441.0,0.937948,0.927,40.4256
CFBDSIR J145829+101343 b,CFBDSIR J145829+101343,Imaging,2011,10037.5,12.4,3337.1,370.0,580.5,,0.021,23.1
HD 220773 b,HD 220773,Radial Velocity,2011,3724.7,13.6,460.8,167.02,5940.0,1.679696,1.16,50.5103
HD 147513 b,HD 147513,Radial Velocity,2003,528.4,13.7,385.0,244.43,5883.0,0.98,1.11,12.9032
HD 129445 b,HD 129445,Radial Velocity,2009,1840.0,13.3,797.74930157,173.36,5646.0,1.175816,0.99,67.4386
WASP-5 b,WASP-5,Transit,2008,1.6284279,12.184,502.15,1706.0,5700.0,1.029,0.96,309.137
OGLE-TR-111 b,OGLE-TR-111,Transit,2004,4.0144463,11.421971,174.799,1019.0,5040.0,0.83,0.82,1068.33
HD 8535 b,HD 8535,Radial Velocity,2010,1313.0,14.0,216.1244,206.21,6136.0,1.19,1.13,55.4401
MOA-2009-BLG-266L b,MOA-2009-BLG-266L,Microlensing,2011,2800.0,3.21,10.4,,,,0.56,3040.0
GJ 667 C b,GJ 667 C,Radial Velocity,2012,7.203,2.25,5.68,,3350.0,,0.33,7.24396
HIP 5158 c,HIP 5158,Radial Velocity,2011,9017.76,12.2,4780.1632,72.63,4813.0,0.754089,0.78,51.6026
HAT-P-23 b,HAT-P-23,Transit,2010,1.212884,15.334,664.237,2056.0,5905.0,1.203,1.13,364.813
HAT-P-20 b,HAT-P-20,Transit,2010,2.875317,9.718,2302.899,970.0,4595.0,0.694,0.756,71.0374
CoRoT-17 b,CoRoT-17,Transit,2011,3.7681,11.43,772.29,1626.0,5740.0,1.59,1.04,1176.12
HD 132563 b,HD 132563,Radial Velocity,2011,1544.0,13.6,473.547,213.27,6289.0,1.29577,1.231,105.155
Kepler-45 b,Kepler-45,Transit,2011,2.455239,10.76,160.497,1000.0,3820.0,0.55,0.59,381.949
HU Aqr AB b,HU Aqr,Eclipse Timing Variations,2011,2390.0,12.8,1875.197,,5952.0,,0.88,192.19807871
Kepler-417 b,Kepler-417,Transit,2014,12.331,2.31,11.0,671.0,5177.0,0.806,0.9,973.989
Kepler-37 d,Kepler-37,Transit,2013,39.7922622,2.03,2.0,499.0,5357.0,0.789,0.79,63.9207
GJ 3634 b,GJ 3634,Radial Velocity,2010,2.64561,2.83,8.4,656.45,3517.0,0.43,0.45,20.3779
Kepler-14 b,Kepler-14,Transit,2011,6.790123,12.733,2669.66,1605.0,6395.0,2.048,1.512,798.0
CoRoT-18 b,CoRoT-18,Transit,2011,1.9000693,14.68,1102.82,1550.0,5440.0,1.0,0.95,764.889
Kepler-15 b,Kepler-15,Transit,2011,4.942782,10.76,209.76,1251.0,5515.0,0.992,1.018,739.412
KOI-55 b,KOI-55,Orbital Brightness Modulation,2011,0.240104,0.759,0.44,7777.78,27730.0,0.203,0.496,1231.02
PSR J1719-1438 b,PSR J1719-1438,Pulsar Timing,2011,0.090706293,,382.8,,4500.0,,1.4,1200.0
CoRoT-14 b,CoRoT-14,Transit,2010,1.51214,12.22,2415.4,1952.0,6035.0,1.21,1.13,1744.6
HD 11964 b,HD 11964,Radial Velocity,2005,1945.0,14.1,198.0,203.93,5303.0,2.00971,0.91,33.5369
HAT-P-4 b,HAT-P-4,Transit,2007,3.056536,14.28,213.255,1686.0,5860.0,1.596,1.248,320.451
OGLE-TR-10 b,OGLE-TR-10,Transit,2004,3.101278,14.011,197.046,1702.0,5950.0,1.17,1.14,1344.97
OGLE-TR-113 b,OGLE-TR-113,Transit,2004,1.4324752,12.251,400.449,1342.0,4790.0,0.774,0.779,566.459
HD 192310 b,HD 192310,Radial Velocity,2011,74.72,4.27,16.9,355.0,5166.0,0.857922,0.8,8.79687
OGLE-2014-BLG-1760L b,OGLE-2014-BLG-1760L,Microlensing,2016,,13.8,295.89824692,,,,0.803,7056.0
OGLE-2013-BLG-0132L b,OGLE-2013-BLG-0132L,Microlensing,2017,,11.6,92.0,,,,0.54,3900.0
Kepler-277 b,Kepler-277,Transit,2013,17.324,2.92,87.3,964.0,5946.0,1.69,1.12,976.643
KMT-2017-BLG-1194L b,KMT-2017-BLG-1194L,Microlensing,2023,,1.7,3.54,,,,0.41,4240.0
KMT-2017-BLG-2331L b,KMT-2017-BLG-2331L,Microlensing,2024,,14.2,171.0,,,,0.4,8030.0
HD 41004 A b,HD 41004 A,Radial Velocity,2004,963.0,13.2,807.25,,5310.0,0.85,0.95,36.69117
OGLE-2019-BLG-0299L b,OGLE-2019-BLG-0299L,Microlensing,2021,,12.7,1976.89269154,,,,0.59,5830.0
Kepler-476 b,Kepler-476,Transit,2016,14.00640607,3.08,9.69,807.0,5837.0,1.09,1.03,813.535
KMT-2021-BLG-2294L b,KMT-2021-BLG-2294L,Microlensing,2022,,5.02,22.24798849,,,,0.14,6800.0
KMT-2022-BLG-1013L b,KMT-2022-BLG-1013L,Microlensing,2023,,12.1,98.52680617,,,,0.18,7710.0
Kepler-247 d,Kepler-247,Transit,2014,20.4737,4.5,50.0,530.0,5094.0,0.791,0.884,663.711
Kepler-1976 b,Kepler-1976,Transit,2023,4.959319244,12.21,,1103.0,5712.0,1.082,0.976,1314.51
WASP-155 b,WASP-155,Transit,2025,3.110413,13.45077684,276.8285425,1468.0,5660.0,1.24,1.09,399.63
KMT-2019-BLG-0414L b,KMT-2019-BLG-0414L,Microlensing,2022,,12.9,1452.47581999,,,,0.74,4410.0
HD 62509 b,HD 62509,Radial Velocity,2006,589.64,13.3,731.0,549.6,4892.63,8.9,2.0,10.34
Kepler-65 b,Kepler-65,Transit,2012,2.15491,1.42,2.4,1740.0,6211.0,1.41,1.25,303.728
RR Cae b,RR Cae,Eclipse Timing Variations,2012,4343.5,13.0,1334.886,35.94,3904.0,0.193119,0.44,21.1916
WASP-65 b,WASP-65,Transit,2013,2.3114243,12.464,492.62,1480.0,5600.0,1.01,0.93,273.703
Kepler-30 c,Kepler-30,Transit,2012,60.323105,12.3,640.0,411.0,5498.0,0.95,0.99,914.221
Kepler-38 b,Kepler-38,Transit,2012,105.599,4.3,122.0,475.0,5623.0,1.752,0.941,1174.59
WASP-8 c,WASP-8,Radial Velocity,2013,4323.0,12.5,3003.37,116.99,5690.0,0.96,1.04,89.9606
ROXs 42 B b,ROXs 42 B,Imaging,2013,,12.5,2860.0,1975.0,3433.0,1.33658,1.0,143.59
WASP-1 b,WASP-1,Transit,2007,2.5199454,16.623,271.415,1812.0,6110.0,1.47,1.24,393.072
Kepler-50 c,Kepler-50,Transit,2012,9.37647,2.17,8.2,1125.0,6225.0,1.58,1.24,250.11
BD+15 2940 b,BD+15 2940,Radial Velocity,2013,137.48,13.7,352.78,1207.75,4796.0,14.7,1.1,426.42
Kepler-87 b,Kepler-87,Transit,2013,114.73635,13.49,324.2,478.0,5600.0,1.82,1.1,1232.9
WASP-75 b,WASP-75,Transit,2013,2.484193,14.235,340.06,1710.0,6100.0,1.26,1.14,294.001
Kepler-87 c,Kepler-87,Transit,2013,191.2318,6.14,6.4,403.0,5600.0,1.82,1.1,1232.9
HD 40307 b,HD 40307,Radial Velocity,2009,4.3123,,1188.99607059,910.0,4956.0,0.716684,0.77,12.9363
WTS-1 b,WTS-1,Transit,2012,3.352057,16.7,1274.44,1500.0,6250.0,1.15,1.2,2346.01
HD 40307 c,HD 40307,Radial Velocity,2009,9.6184,,1868.51320475,696.0,4956.0,0.716684,0.77,12.9363
CoRoT-26 b,CoRoT-26,Transit,2013,4.20474,14.12,165.26,1600.0,5590.0,1.79,1.09,1045.18
91 Aqr b,91 Aqr,Radial Velocity,2013,181.4,13.1,1017.0,891.73,4665.0,11.0,1.4,44.0304
tau Gem b,tau Gem,Radial Velocity,2013,305.5,12.1,6547.0,1012.69,4388.0,26.8,2.3,112.537
HAT-P-42 b,HAT-P-42,Transit,2012,4.641878,14.348,331.801,1428.0,5743.0,1.53,1.178,405.238
Kepler-56 c,Kepler-56,Transit,2012,21.40239,9.8,181.0,1087.0,4840.0,4.23,1.32,912.994
HD 40307 d,HD 40307,Radial Velocity,2009,20.432,,1775.3894815,541.0,4956.0,0.716684,0.77,12.9363
HD 40307 f,HD 40307,Radial Velocity,2013,51.76,2.13,5.2,398.0,4956.0,0.716684,0.77,12.9363
Kepler-186 e,Kepler-186,Transit,2014,22.407704,1.27,2.15,319.0,3788.0,0.472,0.478,177.594
Kepler-186 c,Kepler-186,Transit,2014,7.267302,1.25,2.1,464.0,3788.0,0.472,0.478,177.594
GJ 163 c,GJ 163,Radial Velocity,2013,25.63058,2.5,6.8,305.07,3500.0,0.409738,0.4,15.1285
GJ 163 d,GJ 163,Radial Velocity,2013,603.95116,5.92,29.4,106.43,3500.0,0.409738,0.4,15.1285
Kepler-56 b,Kepler-56,Transit,2012,10.5016,6.51,22.1,1378.0,4840.0,4.23,1.32,912.994
HD 208527 b,HD 208527,Radial Velocity,2012,875.5,12.5,3146.4,959.79,4035.0,51.1,1.6,312.202
HD 40307 g,HD 40307,Radial Velocity,2013,197.8,2.56,7.1,255.0,4956.0,0.716684,0.77,12.9363
Kepler-186 d,Kepler-186,Transit,2014,13.342996,1.4,2.54,379.0,3788.0,0.472,0.478,177.594
GU Psc b,GU Psc,Imaging,2014,,14.179,3591.3,1050.0,4031.81,0.450458,0.325,47.5501
HIP 63242 b,HIP 63242,Radial Velocity,2013,124.6,12.5,2917.56,993.26,4830.0,10.275655,1.54,156.456
Kepler-11 b,Kepler-11,Transit,2010,10.3039,1.8,1.9,849.0,5663.0,1.065,0.961,646.346
KOI-351 f,KOI-351,Transit,2013,124.9144,2.88,8.65,407.0,6080.0,1.2,1.2,848.254
CoRoT-1 b,CoRoT-1,Transit,2008,1.5089557,16.7,327.35,1898.0,5950.0,1.11,0.95,787.909
HAT-P-45 b,HAT-P-45,Transit,2014,3.128992,15.984,283.492,1652.0,6330.0,1.319,1.259,298.64
HAT-P-44 b,HAT-P-44,Transit,2014,4.301219,13.922,111.871,1108.0,5295.0,0.949,0.942,347.85
Kepler-11 e,Kepler-11,Transit,2010,31.9996,4.19,8.0,582.0,5663.0,1.065,0.961,646.346
HD 95086 b,HD 95086,Imaging,2013,,12.9,1589.0,1000.0,7595.0,1.48667,1.6,86.2279
BD-06 1339 b,BD-06 1339,Radial Velocity,2013,3.8728,,1523.03372634,834.97,4324.0,0.686355,0.7,20.2695
HD 103774 b,HD 103774,Radial Velocity,2013,5.8881,13.3,116.0,1487.08,6489.0,1.581047,1.335,56.4089
HAT-P-44 c,HAT-P-44,Radial Velocity,2014,872.2,13.0,1271.3,187.92,5295.0,0.949,0.942,347.85
HATS-5 b,HATS-5,Transit,2014,4.763387,10.223,75.323,1025.0,5304.0,0.871,0.936,246.384
Kepler-11 g,Kepler-11,Transit,2010,118.3807,3.33,25.0,376.0,5663.0,1.065,0.961,646.346
KOI-351 e,KOI-351,Transit,2013,91.93913,2.66,7.56,450.0,6080.0,1.2,1.2,848.254
KOI-351 c,KOI-351,Transit,2013,8.719375,1.19,1.81,987.0,6080.0,1.2,1.2,848.254
HD 109271 b,HD 109271,Radial Velocity,2013,7.8543,4.31,17.162,1128.86,5783.0,1.294595,1.047,55.8716
HD 109271 c,HD 109271,Radial Velocity,2013,30.93,5.27,24.154,716.68,5783.0,1.294595,1.047,55.8716
bet Cnc b,bet Cnc,Radial Velocity,2014,605.2,12.6,2479.0,1039.74,4092.1,47.2,1.7,89.0472
mu Leo b,mu Leo,Radial Velocity,2014,357.8,13.3,762.8,704.49,4538.2,11.4,1.5,32.6081
Kepler-11 c,Kepler-11,Transit,2010,13.0241,2.87,2.9,786.0,5663.0,1.065,0.961,646.346
OGLE-2012-BLG-0358L b,OGLE-2012-BLG-0358L,Microlensing,2013,,13.4,588.0,,,,0.022,1760.0
HD 166724 b,HD 166724,Radial Velocity,2012,5144.0,13.0,1207.7479466,94.83,5127.0,0.797485,0.81,45.1342
WASP-64 b,WASP-64,Transit,2012,1.5732918,14.247,403.945,1689.0,5400.0,1.058,1.004,369.926
Kepler-67 b,Kepler-67,Transit,2013,15.7259,2.94,8.96,602.0,5331.0,0.778,0.865,1131.19
GJ 667 C c,GJ 667 C,Radial Velocity,2013,28.14,1.77,3.8,,3350.0,,0.33,7.24396
HAT-P-38 b,HAT-P-38,Transit,2012,4.640382,9.247,84.857,1082.0,5330.0,0.923,0.886,255.206
OGLE-2011-BLG-0251L b,OGLE-2011-BLG-0251L,Microlensing,2012,,14.2,170.0,,,,0.26,2570.0
PH1 b,PH1,Transit,2012,138.317,6.18,169.0,481.0,6407.0,1.734,1.528,1033.16
Kepler-415 b,Kepler-415,Transit,2014,4.176,1.21,119.9,694.0,4362.0,0.643,0.67,530.487
Kepler-338 c,Kepler-338,Transit,2014,24.310856,2.34,6.08,831.0,5923.0,1.735,1.105,552.798
WASP-126 b,WASP-126,Transit,2016,3.28883,10.51358773,90.3,1480.0,5800.0,1.27,1.12,216.526
Kepler-1544 b,Kepler-1544,Transit,2016,168.811174,1.78,3.82,269.0,4886.0,0.74,0.81,335.09
GJ 667 C e,GJ 667 C,Radial Velocity,2013,62.24,1.45,2.7,,3350.0,,0.33,7.24396
HD 207832 c,HD 207832,Radial Velocity,2012,1155.7,14.0,232.0159,179.84,5710.0,0.901,0.94,58.9291
HAT-P-39 b,HAT-P-39,Transit,2012,3.54387,17.609,190.372,1752.0,6430.0,1.625,1.404,697.004
HD 150706 b,HD 150706,Radial Velocity,2012,5894.0,13.3,772.32302901,108.81,5961.0,0.96,1.17,28.2697
HIP 57274 d,HIP 57274,Radial Velocity,2011,431.7,14.2,167.4,183.59,4640.0,0.68,0.73,25.8618
Kepler-82 e,Kepler-82,Transit,2014,5.902206,2.47,254.02,926.0,5428.0,0.945,0.946,904.326
Kepler-417 c,Kepler-417,Transit,2014,15.943,2.69,7.7,616.0,5177.0,0.806,0.9,973.989
CoRoT-2 b,CoRoT-2,Transit,2008,1.7429935,16.432,1102.82,1521.0,5625.0,0.906,0.96,213.283
TOI-1272 b,TOI-1272,Transit,2022,3.3159765,4.26,24.1,1051.0,4985.0,0.8,0.828,137.572
Kepler-82 f,Kepler-82,Transit Timing Variations,2019,75.732,4.84,20.9,423.57,5401.0,0.898,0.91,904.326
TOI-1883 b,TOI-1883,Transit,2024,4.508,5.65,13.7,544.0,3554.0,0.506,0.495,115.369
Oph 11 b,Oph 11,Imaging,2006,7300000.0,12.3,4449.62,2175.0,2375.0,0.232692,0.016,136.16559197
Kepler-338 d,Kepler-338,Transit,2014,44.431014,3.0,9.27,680.0,5923.0,1.735,1.105,552.798
Kepler-418 b,Kepler-418,Transit,2014,86.67856,13.45,349.6112477,434.0,5820.0,1.09,0.98,1002.53
DP Leo b,DP Leo,Eclipse Timing Variations,2009,10220.0,12.7,1995.88832,24.39,13500.0,0.0115,0.69,305.684
Kepler-58 b,Kepler-58,Transit,2012,10.2184954,2.78,35.5,920.0,5843.0,1.03,0.95,969.252
Kepler-59 c,Kepler-59,Transit,2012,17.9801235,1.98,3.81,752.0,6074.0,0.94,1.04,1163.22
Kepler-130 c,Kepler-130,Transit,2014,27.50868,2.9,8.75,683.0,5879.0,1.17,1.0,316.663
CoRoT-27 b,CoRoT-27,Transit,2014,3.57532,11.287,3302.11,1500.0,5900.0,1.08,1.05,1010.28
HIP 105854 b,HIP 105854,Radial Velocity,2014,184.2,12.6,2606.1,822.14,4780.0,10.305119,2.1,78.6381
Kapteyn c,Kapteyn,Radial Velocity,2014,121.54,2.54,7.0,165.59,3550.0,0.291,0.281,3.93305
2MASS J01225093-2439505 b,2MASS J01225093-2439505,Imaging,2013,,11.209,7786.5,1600.0,3530.0,0.36645,0.4,33.8281
Kepler-63 b,Kepler-63,Transit,2013,9.4341505,6.11,120.0,791.0,5576.0,0.901,0.984,194.033
Kepler-53 c,Kepler-53,Transit,2012,38.5583038,3.17,36.0,550.0,5858.0,0.89,0.98,1366.07
Kepler-54 c,Kepler-54,Transit,2012,12.0717249,1.23,0.7,395.0,3705.0,0.5,0.51,271.701
Kepler-83 c,Kepler-83,Transit,2012,20.09,2.36,2.03,362.0,4082.0,0.61,0.66,400.409
Kepler-81 b,Kepler-81,Transit,2012,5.955,2.42,17.2,635.0,4385.0,0.59,0.64,348.291
Kepler-55 c,Kepler-55,Transit,2012,42.1516418,2.21,69.8,349.0,4362.0,0.58,0.62,578.796
Kepler-59 b,Kepler-59,Transit,2012,11.8681707,1.1,4.1,864.0,6074.0,0.94,1.04,1163.22
HD 82943 b,HD 82943,Radial Velocity,2003,441.47,13.5,534.25,286.13,5935.0,1.1826,1.08,27.5902
HD 154857 c,HD 154857,Radial Velocity,2014,3452.0,13.2,819.97,154.88,5605.0,1.76,1.718,63.4482
Kepler-62 d,Kepler-62,Transit,2013,18.16406,1.95,14.0,510.0,4925.0,0.64,0.69,300.874
Kepler-62 b,Kepler-62,Transit,2013,5.714932,1.31,9.0,750.0,4925.0,0.64,0.69,300.874
Kepler-83 b,Kepler-83,Transit,2012,9.77,2.83,2.94,460.0,4082.0,0.61,0.66,400.409
POTS-1 b,POTS-1,Transit,2013,3.1606296,10.548,734.16,841.95,4400.0,0.588,0.695,747.959
Kepler-54 b,Kepler-54,Transit,2012,8.0109434,2.1,0.98,453.0,3705.0,0.5,0.51,271.701
Kepler-55 b,Kepler-55,Transit,2012,27.9481449,2.43,43.0,400.0,4362.0,0.58,0.62,578.796
HD 82943 c,HD 82943,Radial Velocity,2003,220.078,13.4,622.603,360.95,5935.0,1.1826,1.08,27.5902
Kepler-413 b,Kepler-413,Transit,2014,66.262,4.347,67.0,334.96,4700.0,0.7761,0.82,847.536
Kepler-61 b,Kepler-61,Transit,2013,59.87756,2.15,5.27,273.0,4017.0,0.62,0.635,335.079
HAT-P-27 b,HAT-P-27,Transit,2011,3.039577,11.43,197.05,1091.99,5316.0,0.864673,0.916,199.173
Qatar-4 b,Qatar-4,Transit,2017,1.8053564,12.722215,1938.763,1385.0,5215.0,0.849,0.896,329.036
WTS-2 b,WTS-2,Transit,2014,1.0187068,15.277867,355.9696,2000.0,5000.0,0.752,0.82,1030.76834437
HD 4203 c,HD 4203,Radial Velocity,2014,6700.0,13.3,689.66,124.96,5582.0,1.49795,0.99,81.3795
Kepler-193 c,Kepler-193,Transit,2014,50.697494,2.75,8.0,595.0,6335.0,1.147,1.051,1009.1
Kepler-207 b,Kepler-207,Transit,2014,1.611865,1.57,3.09,1930.0,5920.0,1.588,1.313,875.519
Kepler-313 b,Kepler-313,Transit,2014,14.970418,2.53,6.94,883.0,5727.0,1.536,1.114,1079.39524871
Kepler-120 c,Kepler-120,Transit,2014,12.794585,1.53,2.96,455.0,4096.0,0.534,0.654,388.63
Kepler-238 e,Kepler-238,Transit,2013,23.654,5.6,169.7,731.0,5800.0,0.96,1.06,1798.75
Kepler-328 b,Kepler-328,Transit,2013,34.921,2.3,28.5,602.0,6064.0,1.06,1.15,2213.19
Kepler-280 b,Kepler-280,Transit,2014,2.139542,1.45,2.7,1425.0,5744.0,0.886,0.962,780.361
Kepler-275 c,Kepler-275,Transit,2014,16.088134,3.38,11.4,875.0,6165.0,1.383,1.189,2034.25
Kepler-214 b,Kepler-214,Transit,2014,15.660544,2.61,7.32,758.0,6169.0,1.352,1.11,1208.44
Kepler-219 c,Kepler-219,Transit,2014,22.714613,3.58,12.5,766.0,5786.0,1.491,1.164,787.07
Kepler-331 b,Kepler-331,Transit,2014,8.457496,1.82,3.97,540.0,4347.0,0.492,0.653,580.119
Kepler-340 c,Kepler-340,Transit,2014,22.824669,3.37,11.3,946.0,6620.0,1.85,1.65,808.762
TOI-4438 b,TOI-4438,Transit,2024,7.446295,2.4,4.11,446.0,3501.0,0.365,0.345,30.0346
Kepler-293 b,Kepler-293,Transit,2014,19.254196,3.07,9.64,657.0,5804.0,0.957,0.934,974.633
Kepler-291 b,Kepler-291,Transit,2014,3.546511,2.16,5.31,1212.0,6002.0,1.016,1.023,1786.48
Kepler-224 d,Kepler-224,Transit,2014,11.349393,2.3,5.9,610.0,5018.0,0.676,0.777,782.088
Kepler-124 c,Kepler-124,Transit,2014,13.821375,1.75,3.71,560.0,4984.0,0.636,0.706,420.046
DMPP-7 b,DMPP-7,Radial Velocity,2026,4.92666,9.78,68.958,1456.0,6096.0,1.49,1.23,101.386
HD 127195 b,HD 127195,Radial Velocity,2026,534.5,14.0,212.94503269,,4981.0,4.16,1.34,84.7167
Kepler-111 b,Kepler-111,Transit,2014,3.341815,1.58,3.12,1356.0,5952.0,1.157,1.171,657.223
Kepler-148 c,Kepler-148,Transit,2014,4.180043,3.6,12.6,957.0,5272.0,0.851,0.86,791.163
Kepler-179 b,Kepler-179,Transit,2014,2.735926,1.64,3.33,1075.0,5302.0,0.759,0.893,605.68
Kepler-290 c,Kepler-290,Transit,2014,36.77031,2.7,7.75,437.0,5147.0,0.743,0.756,694.627
Kepler-302 c,Kepler-302,Transit,2014,127.282184,12.45,,392.0,5740.0,1.22,1.021,1402.58
Kepler-226 b,Kepler-226,Transit,2014,3.940997,1.55,24.0,1018.0,5571.0,0.802,0.904,980.138
Kepler-333 b,Kepler-333,Transit,2014,12.551158,1.32,28.2,480.0,4259.0,0.534,0.601,324.413
Kepler-343 b,Kepler-343,Transit,2014,8.96855,2.41,6.39,1024.0,5807.0,1.433,1.055,927.193
Kepler-197 d,Kepler-197,Transit,2014,15.677563,1.22,1.98,810.0,6004.0,1.12,0.857,330.575
TOI-762 A b,TOI-762 A,Transit,2024,3.4716826,8.33948164,79.77493016,555.4,3266.0,0.425,0.442,98.4458
Kepler-125 b,Kepler-125,Transit,2014,4.164389,2.37,6.21,590.0,3810.0,0.512,0.542101,183.365
Kepler-306 c,Kepler-306,Transit,2014,7.240193,2.35,6.12,716.0,4954.0,0.719,0.75,775.679
Kepler-53 d,Kepler-53,Transit,2014,9.751962,2.12,166.503,870.0,6085.0,0.958,0.966,1366.07
Kepler-238 d,Kepler-238,Transit,2014,13.233549,3.07,23.1,888.0,5751.0,1.43,1.229,1798.75
Kepler-127 d,Kepler-127,Transit,2014,48.630408,2.64,7.46,590.0,6106.0,1.359,1.248,352.794
Kepler-222 c,Kepler-222,Transit,2014,10.08881,4.64,19.4,734.0,5433.0,0.869,0.933,758.854
Kepler-257 d,Kepler-257,Transit,2014,24.664551,4.95,21.7,567.0,5180.0,1.037,0.916,780.256
Kepler-308 b,Kepler-308,Transit,2014,9.694928,2.12,5.14,833.0,5895.0,0.941,0.92,1335.92
Kepler-310 c,Kepler-310,Transit,2014,56.47542,3.38,11.4,417.0,5797.0,0.876,0.854,602.268
Kepler-242 c,Kepler-242,Transit,2014,14.496481,2.0,4.66,613.0,5020.0,0.85,0.748,600.241
Kepler-241 c,Kepler-241,Transit,2014,36.065978,2.57,7.13,397.0,4699.0,0.668,0.671,512.0
Kepler-351 c,Kepler-351,Transit,2014,57.24809,3.19,11.1,431.0,5643.0,0.854,0.81,1083.91
Kepler-341 c,Kepler-341,Transit,2014,8.01041,1.7,3.53,940.0,6012.0,1.024,0.976,1047.03
Kepler-166 c,Kepler-166,Transit,2014,34.260281,2.38,6.26,468.0,5413.0,0.742,0.811,603.53
Kepler-108 c,Kepler-108,Transit,2014,190.323494,8.18,50.9,426.0,5854.0,2.192,1.247,338.732
Kepler-311 b,Kepler-311,Transit,2014,9.176092,1.7,3.53,960.0,5905.0,1.188,0.994,778.654
Kepler-276 b,Kepler-276,Transit,2014,14.12841,2.87,731.209,739.0,6105.0,1.046,0.845,1144.86
Kepler-254 c,Kepler-254,Transit,2014,12.412183,2.15,3.2,787.0,5957.0,0.91,0.849,1389.48
Kepler-268 c,Kepler-268,Transit,2014,83.446393,3.38,11.4,471.0,6081.0,1.274,1.109,851.87
Kepler-321 c,Kepler-321,Transit,2014,13.093921,2.32,5.99,752.0,5740.0,1.194,1.024,384.542
Kepler-349 b,Kepler-349,Transit,2014,5.929778,1.9,94.5,972.0,5956.0,0.927,1.083,940.724
Kepler-108 b,Kepler-108,Transit,2014,49.183921,8.65,56.0,669.0,5854.0,2.192,1.247,338.732
Kepler-264 b,Kepler-264,Transit,2014,40.806231,3.33,11.1,772.0,6158.0,1.55,1.426,942.173
Kepler-279 b,Kepler-279,Transit,2014,12.309681,3.62,4180.93,1104.0,6363.0,1.746,1.2,1037.4
Kepler-286 c,Kepler-286,Transit,2014,3.468095,1.37,2.45,1098.0,5580.0,0.863,0.83,1226.85
Kepler-171 c,Kepler-171,Transit,2014,11.463462,2.56,7.08,752.0,5642.0,0.839,0.978,863.855
Kepler-238 b,Kepler-238,Transit,2014,2.090876,1.73,3305.02,1642.0,5751.0,1.43,1.229,1798.75
Kepler-329 c,Kepler-329,Transit,2014,18.684737,1.93,4.38,402.0,4257.0,0.523,0.602,439.719
Kepler-345 c,Kepler-345,Transit,2014,9.387427,1.2,2.2,575.0,4504.0,0.623,0.61,260.0
Kepler-263 b,Kepler-263,Transit,2014,16.568087,2.67,7.61,548.0,5265.0,0.785,0.793,754.747
Kepler-268 b,Kepler-268,Transit,2014,25.934138,2.55,7.04,695.0,6081.0,1.274,1.109,851.87
Kepler-287 b,Kepler-287,Transit,2014,20.342199,2.33,83.0,667.0,5806.0,1.032,0.963,835.86
Kepler-290 b,Kepler-290,Transit,2014,14.589347,2.25,5.69,594.0,5147.0,0.743,0.756,694.627
TOI-4409 b,TOI-4409,Transit,2026,92.491789,7.44,14.93793513,305.05,4928.0,0.72,0.763,179.419
Kepler-148 b,Kepler-148,Transit,2014,1.729366,1.8,3.89,1284.0,5272.0,0.851,0.86,791.163
HD 13908 c,HD 13908,Radial Velocity,2013,931.0,12.8,1630.4,273.57,6255.0,1.67,1.29,79.5515
HD 159243 b,HD 159243,Radial Velocity,2013,12.62,13.7,359.13,942.13,6123.0,1.12,1.125,73.3055
Kepler-292 d,Kepler-292,Transit,2014,7.055679,2.23,5.6,808.0,5299.0,0.826,0.865,1056.48
Kepler-297 c,Kepler-297,Transit,2014,74.920137,6.54,42.1,409.0,5619.0,0.915,0.927,692.14
Kepler-150 e,Kepler-150,Transit,2014,30.826557,3.12,9.91,544.0,5560.0,0.939,0.956,891.092
Kepler-178 c,Kepler-178,Transit,2014,20.552802,2.88,8.65,656.0,5676.0,1.066,0.852,716.025
HD 73526 c,HD 73526,Radial Velocity,2005,379.1,13.3,715.09,329.17,5601.0,1.53,1.014,97.2396
HD 106906 b,HD 106906,Imaging,2013,,12.4,3496.0,1800.0,6516.0,2.12351,1.5,103.029
Kepler-267 b,Kepler-267,Transit,2014,3.353728,1.98,37.9,615.0,4258.0,0.555,0.541571,264.993
Kepler-273 b,Kepler-273,Transit,2014,2.936532,1.5,2.86,1209.0,5626.0,0.815,0.756,713.964
Kepler-306 b,Kepler-306,Transit,2014,4.646186,1.52,2.92,830.0,4954.0,0.719,0.75,775.679
Kepler-309 c,Kepler-309,Transit,2014,105.356383,2.51,6.85,204.0,4713.0,0.721,0.816,544.568
Kepler-207 c,Kepler-207,Transit,2014,3.071571,1.5,2.86,1556.0,5920.0,1.588,1.313,875.519
Kepler-224 b,Kepler-224,Transit,2014,3.132924,1.39,2.51,937.0,5018.0,0.676,0.777,782.088
Kepler-265 c,Kepler-265,Transit,2014,17.028937,2.63,7.41,755.0,5835.0,1.103,0.97,1280.25
Kepler-269 b,Kepler-269,Transit,2014,5.326718,2.47,6.66,1007.0,5847.0,0.959,0.92,2257.32
Kepler-119 c,Kepler-119,Transit,2014,4.125103,0.92,0.721,1016.0,5595.0,0.839,0.918,701.996
Kepler-130 b,Kepler-130,Transit,2014,8.457458,1.02,1.04,982.0,5884.0,1.127,0.927,316.663
Kepler-235 e,Kepler-235,Transit,2014,46.183669,2.22,5.56,306.0,4255.0,0.554,0.581,428.018
Kepler-228 b,Kepler-228,Transit,2014,2.566546,1.53,2.96,1360.0,6043.0,1.014,1.006,1644.61
Kepler-305 b,Kepler-305,Transit,2013,5.487,3.6,10.5,836.0,5080.0,0.8,0.76,868.477
Kepler-277 c,Kepler-277,Transit,2013,33.006,3.36,64.2,778.0,5946.0,1.69,1.12,976.643
Kepler-301 b,Kepler-301,Transit,2014,2.508553,1.35,2.39,1278.0,5815.0,0.9,1.022,719.166
Kepler-300 c,Kepler-300,Transit,2014,40.714955,2.25,5.69,516.0,5986.0,0.9,1.07,1098.45
Kepler-133 b,Kepler-133,Transit,2014,8.129976,1.76,3.75,1041.0,5736.0,1.425,1.02,653.6
Kepler-152 c,Kepler-152,Transit,2014,88.255055,2.39,6.3,326.0,5088.0,0.724,0.779,441.09
TIC 46432937 b,TIC 46432937,Transit,2024,1.44044527,13.31626907,1017.0509024,872.0,3572.0,0.5299,0.563,90.5369
Kepler-138 e,Kepler-138,Transit Timing Variations,2022,38.23,0.797,0.43,292.0,3841.0,0.535,0.535,66.8624
Kepler-299 c,Kepler-299,Transit,2014,6.885875,2.65,7.51,946.0,5617.0,1.032,1.004,1052.24
Kepler-298 b,Kepler-298,Transit,2014,10.475464,1.96,4.5,540.0,4465.0,0.582,0.66,518.204
Kepler-157 b,Kepler-157,Transit,2014,1.732342,1.32,2.3,1546.0,5774.0,1.044,0.95,773.713
Kepler-162 b,Kepler-162,Transit,2014,6.919798,1.26,2.13,961.0,5816.0,0.958,1.053,855.641
Kepler-249 d,Kepler-249,Transit,2014,15.368459,1.57,3.09,332.0,3568.0,0.482,0.510238,190.401
Kepler-254 d,Kepler-254,Transit,2014,18.746477,2.5,6.8,686.0,5957.0,0.91,0.849,1389.48
Kepler-114 c,Kepler-114,Transit,2013,8.041,1.6,2.8,507.0,4660.0,0.54,0.56,259.533
Kepler-145 b,Kepler-145,Transit,2013,22.951,2.65,37.1,873.0,6022.0,1.85,1.32,566.85
Kepler-295 b,Kepler-295,Transit,2014,12.645164,1.22,1.98,741.0,5603.0,0.898,0.89,1699.19
Kepler-288 c,Kepler-288,Transit,2014,19.305772,2.85,8.5,815.0,5918.0,1.091,0.842,1194.15
Kepler-286 d,Kepler-286,Transit,2014,5.914323,1.33,2.33,919.0,5580.0,0.863,0.83,1226.85
Kepler-312 c,Kepler-312,Transit,2014,19.747412,3.15,10.1,754.0,6115.0,1.467,1.314,797.72
Kepler-287 c,Kepler-287,Transit,2014,44.851896,3.26,66.0,513.0,5806.0,1.032,0.963,835.86
Kepler-285 b,Kepler-285,Transit,2014,2.633867,1.34,2.36,1131.0,5411.0,0.808,0.915,824.31
Kepler-178 d,Kepler-178,Transit,2014,96.678988,3.95,14.8,392.0,5676.0,1.066,0.852,716.025
Kepler-183 b,Kepler-183,Transit,2014,5.687945,2.06,4.9,1088.0,5888.0,0.958,0.99,1050.64
Kepler-315 b,Kepler-315,Transit,2014,96.101141,3.77,13.7,409.0,5796.0,1.037,0.831,1160.63
Kepler-316 c,Kepler-316,Transit,2014,6.827766,1.16,1.65,577.0,4204.0,0.52,0.587,384.938
Kepler-284 b,Kepler-284,Transit,2014,12.699149,2.24,5.65,686.0,5615.0,0.814,0.766,1031.95
Kepler-281 c,Kepler-281,Transit,2014,36.337373,5.31,161.124,513.0,5723.0,0.899,0.95,1745.45
Kepler-85 d,Kepler-85,Transit,2014,17.91323,1.2,8.69679,626.0,5436.0,0.893,0.947,765.025
Kepler-353 b,Kepler-353,Transit,2014,5.795278,0.89,0.64,534.0,3903.0,0.504,0.553,384.694
Kepler-372 c,Kepler-372,Transit,2014,20.053763,2.09,5.02,755.0,6509.0,1.137,1.202,1493.95
Kepler-374 c,Kepler-374,Transit,2014,3.282807,1.1,1.37,1467.0,5977.0,0.911,1.033,1265.61
Kepler-151 c,Kepler-151,Transit,2014,24.674612,2.09,5.02,544.0,5460.0,0.83,0.87,649.919
Kepler-386 c,Kepler-386,Transit,2014,25.193458,1.58,3.12,513.0,5178.0,0.767,0.825,882.462
Kepler-213 c,Kepler-213,Transit,2014,4.822962,2.34,6.08,1060.0,5696.0,1.195,1.07,634.939
Kepler-211 b,Kepler-211,Transit,2014,4.138575,1.26,2.13,954.0,5123.0,0.816,0.867,309.353
Kepler-355 b,Kepler-355,Transit,2014,11.03189,1.46,2.73,840.0,6184.0,1.066,0.933,1432.17
Kepler-356 b,Kepler-356,Transit,2014,4.612696,1.57,3.09,1294.0,6133.0,1.335,1.163,707.559
Kepler-355 c,Kepler-355,Transit,2014,25.762294,2.71,7.8,633.0,6184.0,1.066,0.933,1432.17
Kepler-356 c,Kepler-356,Transit,2014,13.121632,1.81,3.93,913.0,6133.0,1.335,1.163,707.559
Kepler-387 b,Kepler-387,Transit,2014,6.791636,1.03,1.08,994.0,5774.0,1.046,0.85,801.052
Kepler-388 b,Kepler-388,Transit,2014,3.173315,0.81,0.457,830.0,4498.0,0.586,0.635,425.0
Kepler-404 b,Kepler-404,Transit,2014,11.829851,1.27,2.15,730.0,5654.0,0.884,0.86,812.524
Kepler-221 d,Kepler-221,Transit,2014,10.04156,2.73,3.61,712.0,5243.0,0.821,0.854,385.231
Kepler-357 b,Kepler-357,Transit,2014,6.475434,1.84,4.04,793.0,5036.0,0.834,0.794,688.573
Kepler-358 b,Kepler-358,Transit,2014,34.060467,2.72,7.85,554.0,5908.0,0.954,0.94,1101.1
Kepler-376 c,Kepler-376,Transit,2014,14.172327,1.79,3.86,873.0,5900.0,1.175,0.968,923.067
Kepler-378 b,Kepler-378,Transit,2014,16.092361,0.75,0.347,503.0,4661.0,0.671,0.78,152.094
Kepler-389 b,Kepler-389,Transit,2014,3.244107,1.51,2.89,1047.0,5376.0,0.792,0.765,816.559
Kepler-118 b,Kepler-118,Transit,2014,7.518496,1.96,4.5,784.0,5274.0,1.094,0.811,574.228
Kepler-359 b,Kepler-359,Transit,2014,25.563222,3.53,12.2,671.0,6248.0,1.086,0.827,1443.21
Kepler-363 c,Kepler-363,Transit,2014,7.542427,1.69,66.4,1054.0,5593.0,1.485,1.226,762.596
Kepler-379 c,Kepler-379,Transit,2014,62.784697,2.29,5.86,530.0,6054.0,1.306,1.125,731.274
Kepler-112 c,Kepler-112,Transit,2014,28.574263,2.4,6.35,538.0,5544.0,0.841,0.782,513.206
Kepler-163 b,Kepler-163,Transit,2014,7.810937,1.05,1.16,906.0,5776.0,0.917,0.882,689.814
Kepler-390 b,Kepler-390,Transit,2014,6.738088,0.82,0.477,786.0,5166.0,0.776,0.787,435.277
Kepler-52 d,Kepler-52,Transit,2014,36.445171,1.95,88.8775,332.0,4263.0,0.556,0.577,321.542
Kepler-231 b,Kepler-231,Transit,2014,10.065275,1.73,35.4,488.0,3767.0,0.49,0.58,316.618
Kepler-357 d,Kepler-357,Transit,2014,49.499875,3.43,11.6,402.0,5036.0,0.834,0.794,688.573
Kepler-358 c,Kepler-358,Transit,2014,83.488369,2.85,8.5,411.0,5908.0,0.954,0.94,1101.1
Kepler-139 b,Kepler-139,Transit,2014,15.771044,2.94,7.0,752.0,5594.0,1.3,1.078,391.038
Kepler-172 d,Kepler-172,Transit,2014,14.627119,2.25,5.69,736.0,5526.0,1.085,1.081,828.592
Kepler-237 b,Kepler-237,Transit,2014,4.715106,1.41,2.57,823.0,4861.0,0.725,0.696,657.822
Kepler-235 c,Kepler-235,Transit,2014,7.824904,1.28,2.18,555.0,4255.0,0.554,0.581,428.018
Kepler-363 b,Kepler-363,Transit,2014,3.614568,1.16,1.65,1347.0,5593.0,1.485,1.226,762.596
Kepler-272 b,Kepler-272,Transit,2014,2.971353,1.43,78.0,1200.0,5297.0,0.929,0.91,889.608
Kepler-353 c,Kepler-353,Transit,2014,8.410894,1.38,2.48,472.0,3903.0,0.504,0.553,384.694
Kepler-359 c,Kepler-359,Transit,2014,57.68802,4.3,2.9,512.0,6248.0,1.086,0.827,1443.21
Kepler-173 b,Kepler-173,Transit,2014,4.263742,1.29,2.21,1179.0,6031.0,0.949,1.067,833.165
Kepler-175 c,Kepler-175,Transit,2014,34.035257,3.1,9.8,583.0,6064.0,1.01,0.969,1312.34
Kepler-141 c,Kepler-141,Transit,2014,7.010606,1.41,2.57,738.0,4910.0,0.787,0.878,301.183
Kepler-239 c,Kepler-239,Transit,2014,56.228098,2.51,6.85,366.0,4914.0,0.763,0.757,648.109
Kepler-367 c,Kepler-367,Transit,2014,53.578637,1.2,1.87,357.0,4710.0,0.695,0.768,188.027
Kepler-143 c,Kepler-143,Transit,2014,27.082511,3.37,11.3,703.0,5848.0,1.359,0.982,809.467
Kepler-360 b,Kepler-360,Transit,2014,3.289672,1.65,3.36,1116.0,6053.0,1.058,0.994,876.044
Kepler-49 e,Kepler-49,Transit,2014,18.596108,1.56,1.03815,371.0,4252.0,0.559,0.549,311.222
Kepler-140 b,Kepler-140,Transit,2014,3.25427,1.61,3.22,1301.0,6077.0,1.288,1.044,583.859
Kepler-392 b,Kepler-392,Transit,2014,5.341853,1.0,0.972,1125.0,5938.0,1.129,0.874,681.428
Kepler-122 b,Kepler-122,Transit,2014,5.766193,2.34,6.08,1159.0,6050.0,1.216,0.982,1027.45
Kepler-243 c,Kepler-243,Transit,2014,20.026218,1.99,4.62,559.0,5228.0,0.842,0.904,693.86
Kepler-374 d,Kepler-374,Transit,2014,5.028219,1.31,2.27,1272.0,5977.0,0.911,1.033,1265.61
Kepler-375 b,Kepler-375,Transit,2014,12.125934,1.45,2.7,851.0,5826.0,0.837,0.891,1238.81
Kepler-116 c,Kepler-116,Transit,2014,13.07163,2.3,5.9,964.0,6142.0,1.454,1.198,955.168
Kepler-280 c,Kepler-280,Transit,2014,4.807091,2.01,4.7,1088.0,5744.0,0.886,0.962,780.361
TOI-3053 b,TOI-3053,Transit,2026,2.9919987,13.56286665,270.15414595,1290.0,5378.0,0.97,0.96,337.627
Kepler-133 c,Kepler-133,Transit,2014,31.517586,2.84,8.45,663.0,5736.0,1.425,1.02,653.6
Kepler-246 c,Kepler-246,Transit,2014,11.187161,1.5,2.86,667.0,5206.0,0.831,0.853,626.078
Kepler-251 e,Kepler-251,Transit,2014,99.640161,2.77,8.1,360.0,5526.0,0.89,0.891,924.625
Kepler-326 c,Kepler-326,Transit,2014,4.580358,1.4,17.4,889.0,5105.0,0.801,0.91,487.675
K2-24 b,K2-24,Transit,2016,20.8895961,5.638,20.6,732.0,5726.0,1.185,1.091,170.562
Kepler-281 b,Kepler-281,Transit,2014,14.646008,2.82,324.0,694.0,5723.0,0.899,0.95,1745.45
Kepler-288 b,Kepler-288,Transit,2014,6.097326,1.67,3.43,1197.0,5918.0,1.091,0.842,1194.15
Kepler-393 b,Kepler-393,Transit,2014,9.182417,1.29,2.21,1052.0,6189.0,1.382,1.256,881.404
Kepler-394 b,Kepler-394,Transit,2014,8.005013,1.6,3.19,1035.0,6402.0,1.132,0.87,1058.72
Kepler-26 e,Kepler-26,Transit,2014,46.827915,2.41,6.39,276.0,4486.0,0.571,0.593,335.307
Kepler-255 b,Kepler-255,Transit,2014,5.714606,1.55,3.02,971.0,5573.0,0.933,0.867,1052.53
Kepler-344 b,Kepler-344,Transit,2014,21.963945,2.61,7.32,643.0,5774.0,0.976,0.931,1002.94
Kepler-342 b,Kepler-342,Transit,2014,15.170318,2.25,5.69,905.0,6175.0,1.472,1.213,781.611
Kepler-291 c,Kepler-291,Transit,2014,5.700786,1.88,4.19,1035.0,6002.0,1.016,1.023,1786.48
Kepler-293 c,Kepler-293,Transit,2014,54.155743,3.83,14.0,466.0,5804.0,0.957,0.934,974.633
Kepler-189 b,Kepler-189,Transit,2014,10.399931,1.21,1.92,678.0,5235.0,0.75,0.803,591.534
Kepler-191 c,Kepler-191,Transit,2014,17.738506,1.86,4.12,596.0,5282.0,0.789,0.857,594.464
Kepler-258 c,Kepler-258,Transit,2014,33.653079,3.61,12.7,470.0,4942.0,0.915,0.82,575.988
Kepler-337 c,Kepler-337,Transit,2014,9.693201,2.05,4.86,1017.0,5684.0,1.761,1.081,677.975
Kepler-298 c,Kepler-298,Transit,2014,22.92881,1.93,4.38,416.0,4465.0,0.582,0.66,518.204
Kepler-300 b,Kepler-300,Transit,2014,10.446347,1.67,3.43,812.0,5986.0,0.9,1.07,1098.45
Kepler-137 b,Kepler-137,Transit,2014,8.436387,1.47,2.76,742.0,5187.0,0.802,0.85,302.979
Kepler-261 c,Kepler-261,Transit,2014,24.570858,2.0,4.66,505.0,5098.0,0.794,0.834,317.499
Kepler-265 b,Kepler-265,Transit,2014,6.846262,1.86,4.12,1022.0,5835.0,1.103,0.97,1280.25
Kepler-339 b,Kepler-339,Transit,2014,4.977656,1.42,2.6,1023.0,5631.0,0.802,0.87,616.637
Kepler-325 b,Kepler-325,Transit,2014,4.544439,2.91,8.8,1017.0,5752.0,1.003,0.914,823.242
Kepler-126 b,Kepler-126,Transit,2014,10.495711,1.52,4.11726105,1009.0,6239.0,1.358,1.108,237.401
Kepler-380 b,Kepler-380,Transit,2014,3.930821,1.19,1.81,1317.0,6045.0,1.224,0.99,813.713
Kepler-397 c,Kepler-397,Transit,2014,135.498527,6.18,31.6,295.0,5307.0,0.767,0.844,969.0
Kepler-411 b,Kepler-411,Transit,2013,3.005156,2.401,25.6,1138.0,4974.0,0.82,0.87,153.676
TOI-2095 c,TOI-2095,Transit,2023,28.17232,1.33,7.4,297.0,3759.0,0.44,0.44,41.9176
Kepler-416 d,Kepler-416,Transit,2023,3.07644709,1.61,3.22,1253.0,5670.0,1.022,0.949,690.819
TOI-4504 b,TOI-4504,Transit,2024,2.4261516,2.65,140.0,1345.0,5315.0,0.93,0.875,342.605
Kepler-46 c,Kepler-46,Transit Timing Variations,2012,57.011,13.5,119.499,455.0,5155.0,0.938,0.902,777.06
Kepler-188 b,Kepler-188,Transit,2014,2.061897,1.68,3.46,1463.0,6021.0,1.141,1.021,968.544
Kepler-362 c,Kepler-362,Transit,2014,37.866281,1.45,2.7,543.0,5788.0,0.722,0.904,1090.51
Kepler-136 c,Kepler-136,Transit,2014,16.399235,1.99,4.62,847.0,6165.0,1.355,1.204,420.818
Kepler-381 c,Kepler-381,Transit,2014,13.391635,1.12,1.46,1180.0,6152.0,1.568,1.144,267.323
Kepler-398 b,Kepler-398,Transit,2014,4.081423,0.93,0.749,755.0,4493.0,0.613,0.649,177.355
Kepler-136 b,Kepler-136,Transit,2014,11.5789,2.05,19.8,951.0,6165.0,1.355,1.204,420.818
Kepler-272 d,Kepler-272,Transit,2014,10.937304,2.25,5.69,777.0,5297.0,0.929,0.91,889.608
Kepler-206 d,Kepler-206,Transit,2014,23.44281,1.19,1.81,681.0,5764.0,1.185,0.957,594.447
Kepler-141 b,Kepler-141,Transit,2014,3.107675,0.69,0.257,968.0,4910.0,0.787,0.878,301.183
Kepler-399 d,Kepler-399,Transit,2014,58.034616,1.89,4.23,486.0,5502.0,0.68,0.902,740.537
Kepler-400 b,Kepler-400,Transit,2014,9.024389,1.65,3.36,939.0,5886.0,1.145,1.08,845.97
Kepler-366 b,Kepler-366,Transit,2014,3.281959,1.46,2.73,1326.0,6209.0,1.048,1.088,1856.28
Kepler-367 b,Kepler-367,Transit,2014,37.815724,1.3,2.24,401.0,4710.0,0.695,0.768,188.027
Kepler-135 b,Kepler-135,Transit,2014,6.00253,1.81,3.93,1209.0,6090.0,1.275,1.047,621.855
Kepler-383 b,Kepler-383,Transit,2014,12.904532,1.32,2.3,545.0,4710.0,0.672,0.669,470.0
Kepler-401 b,Kepler-401,Transit,2014,14.383035,1.71,3.57,889.0,6117.0,1.333,1.173,965.56
Kepler-402 c,Kepler-402,Transit,2014,6.124821,1.56,3.05,1140.0,6090.0,1.264,1.072,625.339
Kepler-351 b,Kepler-351,Transit,2014,37.054919,3.06,4.8,498.0,5643.0,0.854,0.81,1083.91
Kepler-350 b,Kepler-350,Transit,2014,11.189562,1.85,16.9,1037.0,6186.0,1.534,1.19,956.859
Kepler-369 c,Kepler-369,Transit,2014,14.871572,1.41,2.57,391.0,3591.0,0.471,0.5,214.0
Kepler-371 b,Kepler-371,Transit,2014,34.763278,1.89,4.23,554.0,5666.0,0.992,0.876,813.192
Kepler-147 b,Kepler-147,Transit,2014,12.610584,1.53,2.96,953.0,6012.0,1.468,1.145,1042.02
Kepler-132 d,Kepler-132,Transit,2014,18.010199,1.55,3.02,758.0,6003.0,1.178,0.929,349.549
Kepler-200 c,Kepler-200,Transit,2014,10.222157,1.59,3.15,806.0,5678.0,0.944,0.972,665.912
Kepler-215 e,Kepler-215,Transit,2014,68.16101,1.75,3.71,405.0,5739.0,1.027,0.788,485.997
Kepler-347 c,Kepler-347,Transit,2014,27.320871,1.75,3.71,705.0,6088.0,1.005,0.922,1298.88
Kepler-202 b,Kepler-202,Transit,2014,4.069427,1.63,3.29,802.0,4668.0,0.667,0.683,285.111
Kepler-84 f,Kepler-84,Transit,2014,44.552169,2.2,5.48,572.0,6031.0,1.169,1.06,1023.9
Kepler-310 b,Kepler-310,Transit,2014,13.930698,1.19,1.81,665.0,5797.0,0.876,0.854,602.268
Kepler-270 c,Kepler-270,Transit,2014,25.262887,1.77,3.78,756.0,6067.0,1.461,1.17,948.781
Kepler-24 d,Kepler-24,Transit,2014,4.244384,1.67,293.959,1305.0,5897.0,1.289,1.046,1156.81
Kepler-217 c,Kepler-217,Transit,2014,8.586004,1.85,4.08,1208.0,6171.0,1.799,1.342,1104.64
Kepler-220 e,Kepler-220,Transit,2014,45.902733,1.33,2.33,341.0,4632.0,0.666,0.729,171.109
Kepler-313 c,Kepler-313,Transit,2014,32.273273,2.57,7.13,683.0,5727.0,1.536,1.114,1079.39524871
Kepler-311 c,Kepler-311,Transit,2014,19.738286,1.43,2.63,744.0,5905.0,1.188,0.994,778.654
Kepler-282 c,Kepler-282,Transit,2014,13.638723,1.2,1.87,717.0,5602.0,0.904,0.86,1337.61
Kepler-286 e,Kepler-286,Transit,2014,29.221289,1.77,3.78,539.0,5580.0,0.863,0.83,1226.85
Kepler-204 b,Kepler-204,Transit,2014,14.400974,2.53,6.94,828.0,5812.0,1.238,1.038,686.723
Kepler-359 d,Kepler-359,Transit,2014,77.095691,4.01,2.7,464.0,6248.0,1.086,0.827,1443.21
Kepler-314 b,Kepler-314,Transit,2014,2.461069,0.83,0.498,1195.0,5378.0,0.95,0.99,268.881
Kepler-316 b,Kepler-316,Transit,2014,2.240508,1.06,1.2,837.0,4204.0,0.52,0.587,384.938
Kepler-288 d,Kepler-288,Transit,2014,56.633742,2.67,7.61,570.0,5918.0,1.091,0.842,1194.15
Kepler-149 b,Kepler-149,Transit,2014,29.198943,4.21,16.5,540.0,5381.0,0.953,1.013,571.034
Kepler-372 b,Kepler-372,Transit,2014,6.849692,1.36,2.42,1081.0,6509.0,1.137,1.202,1493.95
Kepler-205 b,Kepler-205,Transit,2014,2.75564,1.51,2.89,757.0,4321.0,0.546,0.592,159.72
Kepler-361 b,Kepler-361,Transit,2014,8.486616,1.45,2.7,1060.0,6169.0,1.343,1.191,930.32
Kepler-317 c,Kepler-317,Transit,2014,8.77501,1.72,3.61,837.0,5497.0,0.941,0.865,940.584
Kepler-319 d,Kepler-319,Transit,2014,31.781925,2.29,5.86,528.0,5526.0,0.903,0.933,503.436
Kepler-295 d,Kepler-295,Transit,2014,33.884054,1.36,2.42,533.0,5603.0,0.898,0.89,1699.19
Kepler-308 c,Kepler-308,Transit,2014,15.38231,2.16,5.31,714.0,5895.0,0.941,0.92,1335.92
Kepler-234 b,Kepler-234,Transit,2014,2.711506,3.7,13.2,1420.0,6224.0,1.113,1.129,1733.1
Kepler-378 c,Kepler-378,Transit,2014,28.906009,0.7,0.271,414.0,4661.0,0.671,0.78,152.094
Kepler-321 b,Kepler-321,Transit,2014,4.915379,1.77,3.78,1042.0,5740.0,1.194,1.024,384.542
Kepler-322 b,Kepler-322,Transit,2014,1.653888,1.01,1.01,1373.0,5388.0,0.89,0.908,400.48
Kepler-397 b,Kepler-397,Transit,2014,22.250949,2.46,6.62,539.0,5307.0,0.767,0.844,969.0
Kepler-198 b,Kepler-198,Transit,2014,17.790037,2.82,8.35,655.0,5574.0,0.94,0.995,495.358
Kepler-386 b,Kepler-386,Transit,2014,12.31043,1.39,2.51,651.0,5178.0,0.767,0.825,882.462
Kepler-206 c,Kepler-206,Transit,2014,13.137471,1.77,3.78,825.0,5764.0,1.185,0.957,594.447
Kepler-173 c,Kepler-173,Transit,2014,8.005777,2.43,6.48,956.0,6031.0,0.949,1.067,833.165
Kepler-250 b,Kepler-250,Transit,2014,4.148141,1.13,1.51,938.0,5160.0,0.805,0.806,760.585
Kepler-325 c,Kepler-325,Transit,2014,12.762172,2.54,6.99,721.0,5752.0,1.003,0.914,823.242
Kepler-157 c,Kepler-157,Transit,2014,13.5405,2.24,5.65,779.0,5774.0,1.044,0.95,773.713
Kepler-392 c,Kepler-392,Transit,2014,10.423118,1.1,1.37,901.0,5938.0,1.129,0.874,681.428
Kepler-365 c,Kepler-365,Transit,2014,17.784129,1.64,3.33,729.0,6012.0,1.048,1.02,1038.99
Kepler-243 b,Kepler-243,Transit,2014,5.715442,2.45,6.57,850.0,5228.0,0.842,0.904,693.86
Kepler-402 e,Kepler-402,Transit,2014,11.242861,1.46,2.73,931.0,6090.0,1.264,1.072,625.339
Kepler-402 d,Kepler-402,Transit,2014,8.921099,1.38,2.48,1006.0,6090.0,1.264,1.072,625.339
Kepler-147 c,Kepler-147,Transit,2014,33.416423,2.43,6.48,689.0,6012.0,1.468,1.145,1042.02
Kepler-183 c,Kepler-183,Transit,2014,11.637071,2.27,35.7,857.0,5888.0,0.958,0.99,1050.64
Kepler-244 b,Kepler-244,Transit,2014,4.311792,2.76,8.05,1038.0,5554.0,0.803,0.933,1036.49
Kepler-209 b,Kepler-209,Transit,2014,16.087845,2.26,5.73,668.0,5513.0,0.935,0.971,576.946
Kepler-127 b,Kepler-127,Transit,2014,14.435889,1.4,2.54,884.0,6106.0,1.359,1.248,352.794
Kepler-403 c,Kepler-403,Transit,2014,54.280749,1.75,3.71,604.0,6090.0,1.329,1.299,840.269
Kepler-376 b,Kepler-376,Transit,2014,4.920199,1.07,1.24,1242.0,5900.0,1.175,0.968,923.067
Kepler-331 c,Kepler-331,Transit,2014,17.28111,1.84,4.04,425.0,4347.0,0.492,0.653,580.119
Kepler-256 e,Kepler-256,Transit,2014,10.681572,2.35,6.12,897.0,5551.0,1.301,1.037,1026.43
Kepler-209 c,Kepler-209,Transit,2014,41.749882,3.1,9.8,486.0,5513.0,0.935,0.971,576.946
Kepler-229 d,Kepler-229,Transit,2014,41.194912,3.85,14.2,439.0,5120.0,0.728,0.808,826.265
Kepler-237 c,Kepler-237,Transit,2014,8.103636,2.08,4.98,687.0,4861.0,0.725,0.696,657.822
Kepler-383 c,Kepler-383,Transit,2014,31.200751,1.24,2.07,406.0,4710.0,0.672,0.669,470.0
Kepler-333 c,Kepler-333,Transit,2014,24.08821,1.11,1.41,386.0,4259.0,0.534,0.601,324.413
Kepler-334 d,Kepler-334,Transit,2014,25.09849,1.41,2.57,656.0,5828.0,1.068,1.022,426.59
Kepler-156 c,Kepler-156,Transit,2014,15.906801,2.55,7.04,588.0,5094.0,0.807,0.864,443.483
Kepler-405 c,Kepler-405,Transit,2014,29.726682,4.66,19.6,557.0,5818.0,0.893,0.873,1065.08
Kepler-274 c,Kepler-274,Transit,2014,33.197861,1.84,4.04,678.0,6023.0,1.007,0.883,1333.62
Kepler-315 c,Kepler-315,Transit,2014,265.469335,4.15,16.1,291.0,5796.0,1.037,0.831,1160.63
Kepler-387 c,Kepler-387,Transit,2014,11.837549,0.89,0.64,826.0,5774.0,1.046,0.85,801.052
Kepler-388 c,Kepler-388,Transit,2014,13.297004,0.86,0.566,515.0,4498.0,0.586,0.635,425.0
Kepler-337 b,Kepler-337,Transit,2014,3.292781,1.54,2.99,1458.0,5684.0,1.761,1.081,677.975
Kepler-134 c,Kepler-134,Transit,2014,10.105785,1.26,2.13,892.0,5983.0,1.176,0.956,334.797
Kepler-140 c,Kepler-140,Transit,2014,91.353282,1.8,3.89,428.0,6077.0,1.288,1.044,583.859
Kepler-159 b,Kepler-159,Transit,2014,10.139623,2.38,6.26,447.0,4625.0,0.663,0.628,373.744
Kepler-320 c,Kepler-320,Transit,2014,17.934937,1.37,2.45,1002.0,6435.0,1.108,1.072,826.613
Kepler-292 c,Kepler-292,Transit,2014,3.715335,1.47,2.76,1001.0,5299.0,0.826,0.865,1056.48
Kepler-82 b,Kepler-82,Transit,2012,26.44,4.07,12.15,562.0,5401.0,0.898,0.91,904.326
Kepler-122 c,Kepler-122,Transit,2014,12.465988,5.87,29.0,897.0,6050.0,1.216,0.982,1027.45
Kepler-149 c,Kepler-149,Transit,2014,55.328328,1.61,3.22,436.0,5381.0,0.953,1.013,571.034
Kepler-164 b,Kepler-164,Transit,2014,5.03503,1.41,2.57,1141.0,5888.0,1.148,1.036,890.758
Kepler-320 b,Kepler-320,Transit,2014,8.371554,1.14,1.55,1292.0,6435.0,1.108,1.072,826.613
Kepler-338 e,Kepler-338,Transit,2014,9.341,1.56,8.5,1143.0,5999.0,1.735,1.14,552.798
Kepler-395 b,Kepler-395,Transit,2014,7.054346,1.03,1.08,576.0,4262.0,0.556,0.622827,421.382
Kepler-341 d,Kepler-341,Transit,2014,27.666313,1.85,4.08,622.0,6012.0,1.024,0.976,1047.03
Kepler-341 e,Kepler-341,Transit,2014,42.473269,1.99,4.62,539.0,6012.0,1.024,0.976,1047.03
Kepler-169 b,Kepler-169,Transit,2014,3.250619,1.13,1.51,962.0,4997.0,0.763,0.825,406.529
Kepler-169 f,Kepler-169,Transit,2014,87.090195,2.58,7.18,321.0,4997.0,0.763,0.825,406.529
Kepler-332 c,Kepler-332,Transit,2014,15.995622,1.09,1.32,550.0,4955.0,0.72,0.743,344.19
Kepler-143 b,Kepler-143,Transit,2014,16.007583,2.41,6.39,838.0,5848.0,1.359,0.982,809.467
Kepler-299 b,Kepler-299,Transit,2014,2.927128,1.32,2.3,1258.0,5617.0,1.032,1.004,1052.24
Kepler-301 c,Kepler-301,Transit,2014,5.419026,1.35,2.39,989.0,5815.0,0.9,1.022,719.166
Kepler-342 d,Kepler-342,Transit,2014,39.459357,2.49,6.76,658.0,6175.0,1.472,1.213,781.611
Kepler-233 c,Kepler-233,Transit,2014,60.418955,2.71,7.8,390.0,5360.0,0.758,0.855,856.417
Kepler-171 d,Kepler-171,Transit,2014,39.595519,1.89,4.23,497.0,5642.0,0.839,0.978,863.855
HD 60779 b,HD 60779,Transit,2026,29.986175,3.246,14.19,650.0,6081.0,1.129,1.05,35.4445
Kepler-335 c,Kepler-335,Transit,2014,67.844469,3.07,9.64,592.0,5877.0,1.854,1.367,1278.97
Kepler-332 d,Kepler-332,Transit,2014,34.21154,1.18,1.76,427.0,4955.0,0.72,0.743,344.19
Kepler-262 b,Kepler-262,Transit,2014,13.060855,1.36,2.42,734.0,5841.0,0.881,0.816,613.129
Kepler-263 c,Kepler-263,Transit,2014,47.332773,2.47,6.66,386.0,5265.0,0.785,0.793,754.747
Kepler-191 b,Kepler-191,Transit,2014,9.939632,1.34,2.36,722.0,5282.0,0.789,0.857,594.464
Kepler-197 e,Kepler-197,Transit,2014,25.209715,0.91,0.693,691.0,6004.0,1.12,0.857,330.575
Kepler-200 b,Kepler-200,Transit,2014,8.594805,2.13,5.18,854.0,5678.0,0.944,0.972,665.912
Kepler-201 b,Kepler-201,Transit,2014,25.672083,2.46,6.62,683.0,6065.0,1.229,1.098,636.445
Kepler-84 e,Kepler-84,Transit,2014,27.434389,2.6,7.27,672.0,6031.0,1.169,1.06,1023.9
Kepler-265 e,Kepler-265,Transit,2014,67.831024,2.59,7.22,476.0,5835.0,1.103,0.97,1280.25
Kepler-24 e,Kepler-24,Transit,2014,18.998355,2.78,26.2118,792.0,5897.0,1.289,1.046,1156.81
Kepler-441 b,Kepler-441,Transit,2015,207.2482,1.64,3.33,189.0,4340.0,0.55,0.572,268.003
Kepler-253 c,Kepler-253,Transit,2014,10.281951,2.65,7.51,680.0,5208.0,0.786,0.86,838.595
Kepler-214 c,Kepler-214,Transit,2014,28.7798,2.13,5.18,619.0,6169.0,1.352,1.11,1208.44
Kepler-170 c,Kepler-170,Transit,2014,16.665863,2.86,8.55,702.0,5679.0,1.035,1.066,738.657
Kepler-205 c,Kepler-205,Transit,2014,20.306546,1.64,3.33,389.0,4321.0,0.546,0.592,159.72
CoRoT-22 b,CoRoT-22,Transit,2014,9.75598,4.88,12.2,885.0,5939.0,1.136,1.099,627.158
Kepler-437 b,Kepler-437,Transit,2015,66.65062,2.14,5.22,308.0,4551.0,0.68,0.707,304.0
Kepler-192 b,Kepler-192,Transit,2014,9.926746,2.74,7.95,803.0,5479.0,1.007,1.028,651.674
Kepler-254 b,Kepler-254,Transit,2014,5.826662,3.87,14.3,1013.0,5957.0,0.91,0.849,1389.48
Kepler-196 c,Kepler-196,Transit,2014,47.427737,2.24,5.65,407.0,5128.0,0.782,0.839,451.312
Kepler-101 b,Kepler-101,Transit,2014,3.4876812,5.77,51.1,1513.0,5667.0,1.56,1.17,927.981
Kepler-439 b,Kepler-439,Transit,2015,178.1396,2.24,5.65,291.0,5431.0,0.866,0.884,757.048
Kepler-256 c,Kepler-256,Transit,2014,3.38802,2.15,5.27,1315.0,5551.0,1.301,1.037,1026.43
Kepler-216 c,Kepler-216,Transit,2014,17.406669,3.04,9.48,814.0,6091.0,1.26,1.126,1187.47
Kepler-184 c,Kepler-184,Transit,2014,20.303005,1.97,8.8,630.0,5788.0,0.873,0.872,610.326
KIC 10001893 d,KIC 10001893,Orbital Brightness Modulation,2014,0.81161,,,,27500.0,0.18,0.47,1672.94
KIC 10001893 b,KIC 10001893,Orbital Brightness Modulation,2014,0.2197,,,,27500.0,0.18,0.47,1672.94
HD 113538 c,HD 113538,Radial Velocity,2010,1818.0,13.8,295.57,100.28,4462.0,0.53,0.585,16.2817
HD 30669 b,HD 30669,Radial Velocity,2014,1684.0,14.3,149.37,151.45,5400.0,0.91,0.92,58.0844
Kepler-217 b,Kepler-217,Transit,2014,5.374943,2.23,5.6,1413.0,6171.0,1.799,1.342,1104.64
Kepler-83 d,Kepler-83,Transit,2014,5.169796,1.94,4.1,569.0,4648.0,0.594,0.58,400.409
Kepler-253 d,Kepler-253,Transit,2014,18.119869,3.17,10.2,563.0,5208.0,0.786,0.86,838.595
Kepler-424 c,Kepler-424,Radial Velocity,2014,223.3,12.7,2215.18,298.76,5460.0,0.94,1.01,698.646
Kepler-422 b,Kepler-422,Transit,2014,7.8914483,12.89,136.66,1028.0,5972.0,1.24,1.15,722.795
Kepler-445 c,Kepler-445,Transit,2015,4.871229,2.51,6.85,341.0,3157.0,0.21,0.18,127.201
Kepler-446 b,Kepler-446,Transit,2015,1.565409,1.5,2.86,648.0,3359.0,0.24,0.22,96.339
Kepler-259 b,Kepler-259,Transit,2014,8.115317,2.8,8.25,879.0,5938.0,0.898,0.867,1002.14
Kepler-193 b,Kepler-193,Transit,2014,11.38848,2.39,6.3,979.0,6335.0,1.147,1.051,1009.1
Kepler-215 b,Kepler-215,Transit,2014,9.360672,1.62,3.26,784.0,5739.0,1.027,0.788,485.997
Kepler-192 c,Kepler-192,Transit,2014,21.2234,2.79,8.2,623.0,5479.0,1.007,1.028,651.674
Kepler-426 b,Kepler-426,Transit,2014,3.21751883,12.22,108.06,1300.0,5725.0,0.92,0.91,843.695
Kepler-424 b,Kepler-424,Transit,2014,3.3118644,9.98,327.35,1116.0,5460.0,0.94,1.01,698.646
Kepler-427 b,Kepler-427,Transit,2014,10.290994,13.79,92.17,1100.0,5800.0,1.35,0.96,1017.8
HD 103720 b,HD 103720,Radial Velocity,2014,4.5557,14.1,197.046,926.24,5017.0,0.73,0.794,45.5352
Kepler-434 b,Kepler-434,Transit,2015,12.8747099,12.67,908.96,1000.0,5977.0,1.38,1.198,1222.54
Kepler-221 c,Kepler-221,Transit,2014,5.690586,2.93,9.3,860.0,5243.0,0.821,0.854,385.231
Kepler-222 b,Kepler-222,Transit,2014,3.936981,3.16,10.1,1004.0,5433.0,0.869,0.933,758.854
Kepler-94 c,Kepler-94,Radial Velocity,2014,820.3,12.5,3126.0,159.05,4781.0,0.76,0.81,191.904
Kepler-48 e,Kepler-48,Radial Velocity,2014,982.0,13.4,657.0,171.49,5194.0,0.89,0.88,306.738
Kepler-428 b,Kepler-428,Transit,2014,3.52563254,12.11,403.63,1070.0,5150.0,0.8,0.87,686.284
Kepler-425 b,Kepler-425,Transit,2014,3.79701816,10.962,79.45,1070.0,5170.0,0.86,0.93,646.647
Kepler-224 c,Kepler-224,Transit,2014,5.925003,3.12,9.91,758.0,5018.0,0.676,0.777,782.088
Kepler-407 c,Kepler-407,Radial Velocity,2014,3000.0,12.3,4000.0,146.73,5476.0,1.01,1.0,338.368
Kepler-106 c,Kepler-106,Transit,2014,13.5708,2.5,10.44,785.0,5858.0,1.04,1.0,444.322
TYC 1422-614-1 b,TYC 1422-614-1,Radial Velocity,2014,198.4,13.3,794.5,730.19,4806.0,6.85,1.15,672.41
TYC 1422-614-1 c,TYC 1422-614-1,Radial Velocity,2014,559.3,12.5,3178.0,518.21,4806.0,6.85,1.15,672.41
Kepler-445 b,Kepler-445,Transit,2015,2.984151,1.58,3.12,401.0,3157.0,0.21,0.18,127.201
Kepler-446 d,Kepler-446,Transit,2015,5.148921,1.35,2.39,436.0,3359.0,0.24,0.22,96.339
Kepler-164 c,Kepler-164,Transit,2014,10.945723,2.73,7.9,881.0,5888.0,1.148,1.036,890.758
Kepler-165 b,Kepler-165,Transit,2014,8.180848,2.32,5.99,716.0,5211.0,0.77,0.746,560.885
OGLE-2005-BLG-071L b,OGLE-2005-BLG-071L,Microlensing,2005,,13.0,1200.0,55.0,,,0.46,3200.0
OGLE-2008-BLG-092L b,OGLE-2008-BLG-092L,Microlensing,2014,,8.74,57.0,,,,0.71,8100.0
Kepler-246 b,Kepler-246,Transit,2014,4.60182,2.34,6.08,896.0,5206.0,0.831,0.853,626.078
Kepler-226 c,Kepler-226,Transit,2014,5.349555,2.27,45.2,919.0,5571.0,0.802,0.904,980.138
Kepler-227 b,Kepler-227,Transit,2014,9.488015,3.11,9.85,793.0,5854.0,1.091,0.954,1083.06
Kepler-113 b,Kepler-113,Transit,2014,4.754,1.82,11.7,775.0,4725.0,0.69,0.75,262.351
Kepler-48 d,Kepler-48,Transit,2014,42.8961,2.04,7.93,448.0,5194.0,0.89,0.88,306.738
Qatar-2 b,Qatar-2,Transit,2011,1.33711647,14.056,792.635,1344.0,4645.0,0.776,0.743,181.374
Kepler-117 c,Kepler-117,Transit,2014,50.790391,12.341,584.78,704.0,6150.0,1.606,1.129,1455.57
Kepler-161 b,Kepler-161,Transit,2014,4.921355,2.12,2.63,868.0,5078.0,0.806,0.853,434.632
Kepler-153 b,Kepler-153,Transit,2014,18.870227,2.92,8.85,621.0,5404.0,0.892,0.756,459.368
Kepler-229 c,Kepler-229,Transit,2014,16.068638,4.92,21.5,600.0,5120.0,0.728,0.808,826.265
Kepler-100 d,Kepler-100,Transit,2014,35.3331,1.61,3.0,670.0,5825.0,1.49,1.08,304.645
Kepler-98 b,Kepler-98,Transit,2014,1.54168,1.99,3.55,1592.0,5539.0,1.11,0.99,350.315
Kepler-117 b,Kepler-117,Transit,2014,18.7959228,8.059,29.875,984.0,6150.0,1.606,1.129,1455.57
Kepler-430 b,Kepler-430,Transit,2015,35.968,3.25,10.6,667.0,5884.0,1.485,1.166,917.477
Kepler-230 b,Kepler-230,Transit,2014,32.625555,4.26,16.8,506.0,5588.0,0.817,0.784,740.754
Kepler-166 b,Kepler-166,Transit,2014,7.650254,2.27,5.77,772.0,5413.0,0.742,0.811,603.53
Kepler-131 b,Kepler-131,Transit,2014,16.092,2.41,16.13,718.0,5685.0,1.03,1.02,228.678
Kepler-406 b,Kepler-406,Transit,2014,2.42629,1.43,6.35,1302.0,5538.0,1.07,1.07,364.03
Kepler-249 c,Kepler-249,Transit,2014,7.113702,1.51,2.89,429.0,3568.0,0.482,0.510238,190.401
Kepler-162 c,Kepler-162,Transit,2014,19.446355,3.03,9.43,681.0,5816.0,0.958,1.053,855.641
Kepler-180 c,Kepler-180,Transit,2014,41.885775,3.01,9.32,540.0,5731.0,1.063,0.95,695.65
Kepler-182 c,Kepler-182,Transit,2014,20.684342,3.43,11.6,729.0,6250.0,1.146,1.114,1549.09
HD 10180 c,HD 10180,Radial Velocity,2010,5.75969,,2741.58783878,1185.4,5911.0,1.109,1.06,38.9607
Kepler-82 c,Kepler-82,Transit,2012,51.54,5.34,13.9,450.0,5401.0,0.898,0.91,904.326
Kepler-174 b,Kepler-174,Transit,2014,13.98179,1.96,4.5,553.0,4880.0,0.622,0.602,384.757
Kepler-176 c,Kepler-176,Transit,2014,12.759712,2.6,1.33,633.0,5232.0,0.891,0.86,527.321
Kepler-96 b,Kepler-96,Transit,2014,16.2385,2.67,8.46,711.0,5690.0,1.02,1.0,122.881
Kepler-48 b,Kepler-48,Transit,2012,4.778,1.88,3.94,932.0,5194.0,0.89,0.88,306.738
HD 10180 d,HD 10180,Radial Velocity,2010,16.357,,3295.88058059,837.06,5911.0,1.109,1.06,38.9607
HD 10180 e,HD 10180,Radial Velocity,2010,49.748,5.39,25.1,577.77,5911.0,1.109,1.06,38.9607
Kepler-55 d,Kepler-55,Transit,2014,2.211099,1.59,3.15,931.0,4503.0,0.619,0.631,578.796
Kepler-187 c,Kepler-187,Transit,2014,10.640263,2.67,7.61,963.0,6105.0,1.287,1.081,1143.0
Kepler-233 b,Kepler-233,Transit,2014,8.472382,2.43,6.48,751.0,5360.0,0.758,0.855,856.417
Kepler-234 c,Kepler-234,Transit,2014,7.21205,3.51,12.1,1025.0,6224.0,1.113,1.129,1733.1
MOA-2011-BLG-322L b,MOA-2011-BLG-322L,Microlensing,2013,,12.4,3690.0,,,,0.39,7560.0
CoRoT-24 b,CoRoT-24,Transit,2014,5.1134,3.7,5.7,1070.0,4950.0,0.86,0.91,591.555
HD 10180 h,HD 10180,Radial Velocity,2010,2205.0,9.4,64.4,163.24,5911.0,1.109,1.06,38.9607
Kepler-440 b,Kepler-440,Transit,2015,101.11141,1.86,4.12,229.0,4134.0,0.559,0.575,301.03
Kepler-251 c,Kepler-251,Transit,2014,16.514043,2.77,8.1,655.0,5526.0,0.89,0.891,924.625
Kepler-146 c,Kepler-146,Transit,2014,76.732171,3.13,9.96,473.0,5948.0,1.208,1.079,716.797
Kepler-150 d,Kepler-150,Transit,2014,12.56093,2.79,8.2,734.0,5560.0,0.939,0.956,891.092
OGLE-2008-BLG-355L b,OGLE-2008-BLG-355L,Microlensing,2014,,12.9,1500.0,,,,0.37,6800.0
CoRoT-24 c,CoRoT-24,Transit,2014,11.759,5.0,28.0,850.0,4950.0,0.86,0.91,591.555
Kepler-186 f,Kepler-186,Transit,2014,129.9441,1.17,1.71,177.0,3755.0,0.523,0.544,177.594
Kepler-252 c,Kepler-252,Transit,2014,10.848463,2.15,5.27,499.0,4208.0,0.549,0.61,379.424
Kepler-213 b,Kepler-213,Transit,2014,2.46236,1.62,3.26,1326.0,5696.0,1.195,1.07,634.939
Kepler-159 c,Kepler-159,Transit,2014,43.595792,3.41,11.5,275.0,4625.0,0.663,0.628,373.744
Kepler-202 c,Kepler-202,Transit,2014,16.282493,1.85,4.08,505.0,4668.0,0.667,0.683,285.111
HD 35759 b,HD 35759,Radial Velocity,2016,82.467,13.0,1195.0408,621.56,6060.0,1.759974,1.15,71.2423
Kepler-477 b,Kepler-477,Transit,2016,11.11990653,2.07,4.94,649.0,5240.0,0.79,0.87,367.0
HD 67087 c,HD 67087,Radial Velocity,2015,2374.0,12.9,1540.0,193.42,6330.0,1.55,1.36,76.5217
Kepler-6 b,Kepler-6,Transit,2009,3.2346996,14.616536,212.31044,1460.0,5647.0,1.391,1.209,587.039
HD 220842 b,HD 220842,Radial Velocity,2016,218.47,13.1,1010.6994,397.62,5960.0,1.41647,1.13,64.6498
HIP 65407 c,HIP 65407,Radial Velocity,2016,67.3,13.9,249.17872,457.04,5460.0,0.952252,0.93,61.7804
Kepler-505 b,Kepler-505,Transit,2016,27.52197994,2.6,7.27,314.0,3931.0,0.53,0.55,283.41
CoRoT-29 b,CoRoT-29,Transit,2015,2.85057,10.0881,270.1555,1224.75,5260.0,0.9,0.97,806.507
tau Boo b,tau Boo,Radial Velocity,1996,3.3124568,12.8,1891.0,1682.02,6466.27,1.42588,1.32,15.6521
Kepler-412 b,Kepler-412,Transit,2014,1.7208604,15.031269,299.07803,1850.0,5750.0,1.287,1.167,1086.24
HD 141399 b,HD 141399,Radial Velocity,2014,94.44,14.3,143.34133,493.71,5600.0,1.387236,1.07,37.0169
HD 141399 c,HD 141399,Radial Velocity,2014,201.99,13.6,422.7139,383.17,5600.0,1.387236,1.07,37.0169
Kepler-754 b,Kepler-754,Transit,2016,14.5596237,2.01,4.7,758.0,5935.0,1.08,1.06,1770.27
Kepler-753 b,Kepler-753,Transit,2016,5.747725012,1.91,4.31,641.0,4346.0,0.65,0.68,274.767
HAT-P-54 b,HAT-P-54,Transit,2015,3.799847,10.581296,241.5508,818.0,4390.0,0.617,0.645,143.651
TrES-5 b,TrES-5,Transit,2011,1.48224686,13.383546,568.9157,1480.0,5171.0,0.868,0.901,360.313
KOI-13 b,KOI-13,Transit,2011,1.763588,16.948008,2949.4624,2550.0,7650.0,1.74,1.72,519.096
WASP-42 b,WASP-42,Transit,2012,4.9816819,12.576498,167.49641,1021.0,5315.0,0.892,0.951,177.291
Kepler-766 b,Kepler-766,Transit,2016,6.10027804,3.39,11.4,990.0,5992.0,1.15,1.1,2297.62
Kepler-771 b,Kepler-771,Transit,2016,8.73485836,1.82,3.97,890.0,5906.0,1.05,1.03,1393.85
HD 100546 b,HD 100546,Imaging,2014,,77.3421,2701.5414595,94.67,10500.0,1.85288,2.4,109.677
Kepler-432 c,Kepler-432,Radial Velocity,2015,406.2,13.3,772.3269,,4995.0,4.06,1.32,848.023
Kepler-76 b,Kepler-76,Orbital Brightness Modulation,2013,1.5449298,15.24424,638.8383,2140.0,6409.0,1.32,1.2,822.96
OGLE-2003-BLG-235L b,OGLE-2003-BLG-235L,Microlensing,2004,,13.2,830.0,,,,0.63,5800.0
Kepler-765 b,Kepler-765,Transit,2016,27.6655226,2.43,6.48,641.0,5901.0,1.06,1.05,1076.28
Kepler-432 b,Kepler-432,Transit,2015,52.501129,12.834305,1719.4603,812.0,4995.0,4.06,1.32,848.023
Kepler-5 b,Kepler-5,Transit,2009,3.5484657,15.984034,670.93913,1750.0,6297.0,1.793,1.374,899.777
Kepler-7 b,Kepler-7,Transit,2009,4.8854892,18.180998,140.16303,1630.0,5933.0,1.966,1.359,922.562
HIP 74890 b,HIP 74890,Radial Velocity,2016,822.3,13.3,762.792,387.66,4850.0,5.77,1.74,78.6562
K2-29 b,K2-29,Transit,2016,3.2588321,13.33871,232.0159,1171.0,5358.0,0.86,0.94,178.475
Kepler-767 b,Kepler-767,Transit,2016,161.5280101,6.64,35.7,366.0,5694.0,0.94,0.96,2251.03
Kepler-773 b,Kepler-773,Transit,2016,3.749100061,1.43,2.63,1160.0,5850.0,1.01,1.04,547.026
Kepler-774 b,Kepler-774,Transit,2016,11.0895723,3.17,10.2,1422.0,6403.0,2.42,1.57,917.804
2MASS J02192210-3925225 b,2MASS J02192210-3925225,Imaging,2015,,16.14096,4417.837,6.27,3064.0,0.281,0.108,40.08964117
HD 7924 d,HD 7924,Radial Velocity,2015,24.451,,1568.16536014,499.0,5075.0,0.7821,0.832,16.9922
WASP-41 c,WASP-41,Radial Velocity,2015,421.0,13.1,1010.6994,241.0,5545.0,0.87,0.93,163.371
HAT-P-50 b,HAT-P-50,Transit,2015,3.1220109,14.437192,429.0705,1862.0,6280.0,1.698,1.273,515.458
HD 133131 A b,HD 133131 A,Radial Velocity,2016,649.0,13.6,451.3186,227.72,5799.0,0.955014,0.95,51.4736
HATS-17 b,HATS-17,Transit,2016,16.254611,8.709393,425.25654,814.0,5846.0,1.091,1.131,400.331
Kepler-772 b,Kepler-772,Transit,2016,12.99207337,1.82,3.97,866.0,5714.0,1.11,0.98,1130.21
Kepler-769 b,Kepler-769,Transit,2016,7.42608998,2.92,8.85,1037.0,6186.0,1.28,1.19,1169.57
Kepler-449 c,Kepler-449,Transit,2015,33.6727,2.764,8.07,661.0,5649.18,1.467,1.02,241.949
HD 133131 A c,HD 133131 A,Radial Velocity,2016,3568.0,14.3,133.4886,128.96,5799.0,0.955014,0.95,51.4736
WASP-92 b,WASP-92,Transit,2016,2.1746742,16.376349,255.85315,1871.0,6280.0,1.341,1.19,575.889
Kepler-762 b,Kepler-762,Transit,2016,3.770552098,12.68,,1302.0,5944.0,1.08,1.06,1898.26
Kepler-781 b,Kepler-781,Transit,2016,13.2140732,2.89,8.7,629.0,5162.0,0.78,0.81,1064.47
Kepler-92 d,Kepler-92,Transit,2015,49.3568,2.067,11.8666806,637.0,5904.34,1.81719,1.07,477.992
Kepler-449 b,Kepler-449,Transit,2015,12.58242,2.056,4.88,917.0,5649.18,1.467,1.02,241.949
HD 175607 b,HD 175607,Radial Velocity,2015,29.01,,2456.1779293,,5392.0,0.7,0.71,40.3303
HD 1461 c,HD 1461,Radial Velocity,2015,13.5052,2.23,5.59,892.87,5765.0,1.152288,1.02,23.4534
WASP-93 b,WASP-93,Transit,2016,2.7325321,17.900773,467.2101,1942.0,6700.0,1.524,1.334,370.284
HD 128311 c,HD 128311,Radial Velocity,2005,921.538,13.0,1204.25787,158.23,4965.0,0.76,0.828,16.3292
alf Tau b,alf Tau,Radial Velocity,2015,628.96,12.7,2056.3601,1086.77,4055.0,45.1,1.13,20.4332
Kepler-450 d,Kepler-450,Transit,2015,7.51464,0.837,17.6,1199.0,6197.21,1.64162,1.19,455.982
OGLE-2005-BLG-169L b,OGLE-2005-BLG-169L,Microlensing,2006,,3.84,14.1,,,,0.69,4100.0
WASP-46 b,WASP-46,Transit,2011,1.43036763,13.159366,607.0553,1636.0,5600.0,0.858,0.828,375.31
HD 60532 b,HD 60532,Radial Velocity,2008,201.9,13.8,336.8998,550.16,6245.0,2.57,1.5,25.9716
HD 60532 c,HD 60532,Radial Velocity,2008,600.1,13.3,797.7533,381.66,6245.0,2.57,1.5,25.9716
OGLE-2013-BLG-0102L b,OGLE-2013-BLG-0102L,Microlensing,2014,,12.3,4100.0,,,,0.096,3040.0
Kepler-41 b,Kepler-41,Transit,2011,1.8555582,14.46,177.98,1790.0,5750.0,1.29,1.15,1093.08
HIP 107773 b,HIP 107773,Radial Velocity,2015,144.3,13.4,629.3034,957.11,4945.0,11.6,2.42,105.18
HATS-8 b,HATS-8,Transit,2015,3.583893,9.785457,43.86054,1324.0,5679.0,1.086,1.056,794.637
LkCa 15 b,LkCa 15,Imaging,2015,,,,66.87,4194.0,1.60711,,158.152
LkCa 15 c,LkCa 15,Imaging,2015,,,,59.45,4194.0,1.60711,,158.152
Qatar-1 b,Qatar-1,Transit,2010,1.4200242,12.811887,411.27202,1418.0,5013.0,0.803,0.838,185.615
HAT-P-66 b,HAT-P-66,Transit,2016,2.972086,17.82231,248.86089,1896.0,6002.0,1.881,1.255,935.456
Kepler-75 b,Kepler-75,Transit,2013,8.8849116,11.77,3209.9,767.0,5200.0,0.89,0.91,835.356
Kepler-453 b,Kepler-453,Transit,2015,240.503,6.204,16.0,273.62,5527.0,0.833,0.944,442.846
WASP-89 b,WASP-89,Transit,2015,3.3564227,11.65736,1875.197,1120.0,5130.0,0.88,0.92,290.946
KIC 3558849 b,KIC 3558849,Transit,2015,1322.3,6.9,38.1,,6175.0,1.01,0.98,1215.7
KIC 8540376 c,KOI-7892,Transit,2015,75.2,2.4,6.35,,6474.0,1.26,1.04,1072.3
OGLE-2007-BLG-349L AB c,OGLE-2007-BLG-349L A,Microlensing,2016,2557.0,10.7,80.0,,,,0.41,2760.0
Kepler-56 d,Kepler-56,Radial Velocity,2016,1002.0,12.8,1784.0,324.75,4819.44,4.21799,1.29,912.994
Kepler-444 b,Kepler-444,Transit,2015,3.6001053,0.403,0.0374,938.0,5046.0,0.752,0.758,36.4396
K2-6 b,K2-6,Transit,2015,30.94191,2.5,6.8,615.0,5850.0,0.96,0.97,316.819
HD 42618 b,HD 42618,Radial Velocity,2016,149.61,3.89,14.4,337.0,5727.0,0.999,1.015,24.3358
OGLE-2012-BLG-0950L b,OGLE-2012-BLG-0950L,Microlensing,2016,,6.56,35.0,,,,0.57,2600.0
Kepler-444 e,Kepler-444,Transit,2015,7.743493,0.546,0.1,727.0,5046.0,0.752,0.758,36.4396
K2-15 b,K2-15,Transit,2015,11.8104,2.48,6.71,676.0,5131.0,0.68,0.72,493.992
K2-14 b,K2-14,Transit,2015,8.36802,4.81,20.7,488.0,3789.0,0.45,0.47,364.048
K2-17 b,K2-17,Transit,2015,17.96753,2.23,5.6,487.0,4320.0,0.66,0.71,125.106
K2-9 b,K2-9,Transit,2015,18.4498,2.25,5.69,314.0,3390.0,0.31,0.3,82.9631
WASP-36 b,WASP-36,Transit,2011,1.53736596,14.874343,750.39663,1733.0,5959.0,0.985,1.081,386.346
Kepler-26 b,Kepler-26,Transit,2011,12.28,2.78,5.12,431.0,3914.0,0.512,0.544,335.307
HATS-13 b,HATS-13,Transit,2015,3.0440499,13.585308,172.58169,1244.0,5523.0,0.887,0.962,421.855
HATS-14 b,HATS-14,Transit,2015,2.7667641,11.646151,340.39593,1276.0,5346.0,0.933,0.967,513.011
WASP-90 b,WASP-90,Transit,2016,3.916243,18.27067,200.2329,1840.0,6430.0,1.98,1.55,466.433
HD 5583 b,HD 5583,Radial Velocity,2016,139.35,12.8,1837.0574,964.55,4830.0,9.09,1.01,219.216
Kepler-26 c,Kepler-26,Transit,2011,17.2559,2.72,6.2,385.0,3914.0,0.512,0.544,335.307
Kepler-447 b,Kepler-447,Transit,2015,7.79430132,18.49,435.41,882.0,5493.0,1.05,1.0,268.041
OGLE-2011-BLG-0265L b,OGLE-2011-BLG-0265L,Microlensing,2015,,13.9,280.0,,,,0.211,4380.0
HD 130322 b,HD 130322,Radial Velocity,1999,10.70871,13.7,365.49,720.0,5387.0,0.85,0.92,31.8766
OGLE-2012-BLG-0563L b,OGLE-2012-BLG-0563L,Microlensing,2015,,13.6,120.0,,,,0.34,1300.0
Kepler-296 d,Kepler-296,Transit,2014,19.850291,2.09,5.02,403.0,3740.0,0.48,0.498,167.0
Pr0211 c,Pr0211,Radial Velocity,2016,4850.0,12.6,2475.8957,99.1,5300.0,0.827,0.935,182.714
BD+15 2375 b,BD+15 2375,Radial Velocity,2016,153.22,13.8,337.21763,883.68,4649.0,8.95,1.08,768.045
Kepler-60 d,Kepler-60,Transit,2012,11.8981,1.99,4.16,929.0,5905.0,1.257,1.041,1025.1
HD 1666 b,HD 1666,Radial Velocity,2015,270.0,12.7,2040.0,436.47,6317.0,1.93,1.5,117.908
HD 67087 b,HD 67087,Radial Velocity,2015,352.2,13.1,973.0,365.67,6330.0,1.55,1.36,76.5217
Kepler-296 e,Kepler-296,Transit,2014,34.14211,1.53,2.96,337.0,3740.0,0.48,0.498,167.0
Kepler-872 b,Kepler-872,Transit,2016,2.578855068,1.99,4.62,1230.0,5902.0,1.08,1.05,879.683
Kepler-871 b,Kepler-871,Transit,2016,22.0459018,3.74,13.5,640.0,5993.0,1.14,1.11,1976.05
Kepler-603 c,Kepler-603,Transit,2016,127.9075774,6.5,34.5,401.0,5808.0,1.01,1.01,1539.63
Kepler-908 b,Kepler-908,Transit,2016,1.340597468,1.22,1.98,1783.0,5973.0,1.12,1.11,290.843
Kepler-499 b,Kepler-499,Transit,2016,5.632528453,2.17,5.35,844.0,5312.0,0.83,0.87,556.726
Kepler-801 b,Kepler-801,Transit,2016,11.41928253,2.0,4.66,419.0,4435.0,0.63,0.67,440.426
Kepler-799 b,Kepler-799,Transit,2016,133.4605235,6.88,37.9,433.0,5681.0,0.93,0.95,1509.084
Kepler-870 b,Kepler-870,Transit,2016,21.3587621,2.78,8.15,691.0,5857.0,1.02,1.01,1259.46
Kepler-869 b,Kepler-869,Transit,2016,40.4287755,3.61,12.7,494.0,5664.0,0.95,0.97,939.455
Kepler-907 b,Kepler-907,Transit,2016,15.86621821,1.2,1.87,879.0,6106.0,1.38,1.08,352.0
Kepler-912 b,Kepler-912,Transit,2016,2.534756273,2.8,8.25,1218.0,5998.0,1.11,1.07,2004.72
Kepler-797 b,Kepler-797,Transit,2016,27.07237711,2.17,5.35,605.0,5680.0,0.95,0.96,1315.26
Kepler-867 b,Kepler-867,Transit,2016,150.242127,4.64,19.4,327.0,5541.0,0.91,0.92,1195.54
Kepler-868 b,Kepler-868,Transit,2016,5.03251791,2.05,4.86,1047.0,5614.0,0.89,0.93,1593.13
Kepler-866 b,Kepler-866,Transit,2016,2.617032536,1.63,3.29,996.0,4751.0,0.71,0.75,646.667
Kepler-913 b,Kepler-913,Transit,2016,10.29672521,2.06,4.9,1129.0,4687.0,0.61,0.63,991.618
Kepler-910 b,Kepler-910,Transit,2016,2.364369015,0.82,0.477,1752.0,6230.0,1.5,1.26,400.289
Kepler-847 b,Kepler-847,Transit,2016,2.343231895,1.18,1.76,1054.0,4940.0,0.77,0.83,513.103
Kepler-846 b,Kepler-846,Transit,2016,19.80792185,2.48,6.71,624.0,5579.0,0.91,0.94,1127.12
Kepler-795 b,Kepler-795,Transit,2016,29.6193421,1.68,3.46,580.0,5631.0,0.96,0.94,492.122
Kepler-794 b,Kepler-794,Transit,2016,11.13125132,2.11,5.1,952.0,5839.0,1.38,1.19,931.192
Kepler-865 b,Kepler-865,Transit,2016,14.16399294,2.49,6.76,694.0,5570.0,0.92,0.93,586.137
Kepler-909 b,Kepler-909,Transit,2016,13.93290318,1.47,2.76,852.0,6154.0,1.23,1.17,309.596
Kepler-916 b,Kepler-916,Transit,2016,32.2968798,1.76,3.75,503.0,5248.0,0.81,0.85,830.712
Kepler-845 b,Kepler-845,Transit,2016,0.927859821,2.04,4.82,1361.0,4913.0,0.75,0.79,431.051
Kepler-844 b,Kepler-844,Transit,2016,2.613020856,1.68,3.46,713.0,4128.0,0.57,0.59,431.776
Kepler-792 b,Kepler-792,Transit,2016,11.30119217,1.96,4.5,852.0,5971.0,1.12,1.09,1425.47
Kepler-791 b,Kepler-791,Transit,2016,14.5539759,3.05,9.53,939.0,6383.0,1.47,1.3,1266.34
Kepler-862 b,Kepler-862,Transit,2016,3.148664534,2.21,5.52,1097.0,5333.0,0.84,0.88,1039.03
Kepler-861 b,Kepler-861,Transit,2016,3.949631375,2.28,5.82,966.0,5047.0,0.78,0.82,850.327
Kepler-930 b,Kepler-930,Transit,2016,71.4517775,2.13,5.18,561.0,6335.0,1.4,1.25,848.396
Kepler-842 b,Kepler-842,Transit,2016,1.21956827,1.6,3.19,1252.0,4848.0,0.73,0.78,532.726
Kepler-841 b,Kepler-841,Transit,2016,124.4198398,5.23,23.8,416.0,5324.0,0.81,0.85,998.961
Kepler-790 b,Kepler-790,Transit,2016,13.73469807,2.18,5.39,634.0,5208.0,0.8,0.84,703.168
Kepler-788 b,Kepler-788,Transit,2016,8.39846269,2.55,7.04,984.0,6159.0,1.23,1.16,1775.8
Kepler-860 b,Kepler-860,Transit,2016,5.101379454,3.24,10.6,1050.0,5836.0,1.06,1.04,1056.36
Kepler-924 b,Kepler-924,Transit,2016,61.0370117,3.07,9.64,610.0,6167.0,1.23,1.14,1053.04
Kepler-923 b,Kepler-923,Transit,2016,6.93366476,1.38,2.48,1104.0,5988.0,1.26,1.11,1000.28
Kepler-838 b,Kepler-838,Transit,2016,15.74957994,2.73,7.9,777.0,5770.0,0.96,0.98,1104.04
Kepler-837 b,Kepler-837,Transit,2016,16.56059504,2.56,7.08,701.0,5403.0,0.81,0.85,901.907
Kepler-787 b,Kepler-787,Transit,2016,0.928310498,1.28,2.18,1115.0,4248.0,0.62,0.65,503.568
Kepler-465 b,Kepler-465,Transit,2016,9.940672466,2.95,9.01,996.0,6310.0,1.29,1.23,553.077
Kepler-856 b,Kepler-856,Transit,2016,8.027680595,9.3,63.3,824.0,5535.0,0.93,0.96,1351.17
Kepler-890 b,Kepler-890,Transit,2016,52.75875577,8.89,58.6,540.0,5954.0,1.13,1.09,1712.12
Kepler-927 b,Kepler-927,Transit,2016,9.1149903,1.72,3.61,906.0,5743.0,0.99,0.99,831.685
Kepler-926 b,Kepler-926,Transit,2016,52.0688601,2.31,5.95,524.0,5806.0,1.01,1.01,921.361
Kepler-892 b,Kepler-892,Transit,2016,13.7521072,2.81,8.3,556.0,4747.0,0.72,0.75,570.727
Kepler-933 b,Kepler-933,Transit,2016,14.20443009,2.46,6.62,602.0,5346.0,0.84,0.87,1017.2
Kepler-826 b,Kepler-826,Transit,2016,4.48758907,1.25,2.1,1305.0,6079.0,1.15,1.05,779.596
Kepler-830 b,Kepler-830,Transit,2016,11.29695137,1.7,3.53,907.0,6037.0,1.11,1.07,1122.0
Kepler-829 b,Kepler-829,Transit,2016,6.88337562,2.11,5.1,857.0,5698.0,0.97,0.98,1073.76
Kepler-895 b,Kepler-895,Transit,2016,2.806242328,1.54,2.99,771.0,4315.0,0.61,0.65,540.134
Kepler-743 b,Kepler-743,Transit,2016,3.179262921,1.21,1.92,1101.0,5486.0,0.85,0.94,278.987
Kepler-823 b,Kepler-823,Transit,2016,4.16809082,1.57,3.09,1277.0,5643.0,0.96,0.98,1389.27
Kepler-487 c,Kepler-487,Transit,2016,38.6519976,2.68,7.65,487.0,5444.0,0.88,0.91,872.343
Kepler-898 b,Kepler-898,Transit,2016,5.8706191,1.49,2.83,616.0,4223.0,0.62,0.65,484.891
Kepler-899 b,Kepler-899,Transit,2016,19.17891293,2.68,7.65,640.0,5595.0,0.91,0.93,1246.43
Kepler-747 b,Kepler-747,Transit,2016,35.61760587,5.27,24.1,456.0,5096.0,0.78,0.82,3347.16
Kepler-821 b,Kepler-821,Transit,2016,1.92279873,1.31,2.27,1215.0,5191.0,0.8,0.84,614.571
Kepler-498 b,Kepler-498,Transit,2016,9.61375356,3.03,9.43,931.0,5744.0,0.96,0.98,938.844
Kepler-887 b,Kepler-887,Transit,2016,20.42228798,1.84,4.04,785.0,6194.0,1.29,1.19,886.588
Kepler-901 b,Kepler-901,Transit,2016,3.517494394,1.37,2.45,704.0,4184.0,0.57,0.59,253.867
Kepler-900 b,Kepler-900,Transit,2016,6.9913086,2.08,4.98,716.0,4836.0,0.73,0.78,487.525
Kepler-751 b,Kepler-751,Transit,2016,17.44490636,2.46,6.62,679.0,5387.0,0.84,0.87,760.43
Kepler-755 b,Kepler-755,Transit,2016,1.269090374,1.76,3.75,1331.0,5043.0,0.77,0.82,399.034
Kepler-820 b,Kepler-820,Transit,2016,127.8338098,6.09,30.8,554.0,6260.0,1.36,1.23,1387.2
Kepler-817 b,Kepler-817,Transit,2016,3.990106229,9.03,60.2,1124.0,5861.0,1.03,1.03,1484.46
Kepler-886 b,Kepler-886,Transit,2016,6.24146367,1.52,2.92,1111.0,6098.0,1.16,1.1,711.297
Kepler-885 b,Kepler-885,Transit,2016,18.11472949,2.5,6.8,830.0,6187.0,1.35,1.21,651.318
Kepler-904 b,Kepler-904,Transit,2016,3.021668632,1.77,3.78,1332.0,6160.0,1.25,1.16,978.125
Kepler-905 b,Kepler-905,Transit,2016,5.082746517,1.41,2.57,928.0,5461.0,0.86,0.95,529.268
Kepler-756 b,Kepler-756,Transit,2016,1.224866322,1.12,1.46,1741.0,5282.0,0.79,0.82,852.0
Kepler-757 b,Kepler-757,Transit,2016,1.022678821,1.36,2.42,1734.0,6014.0,1.13,1.08,1068.68
Kepler-815 b,Kepler-815,Transit,2016,8.57503552,4.11,15.8,1374.0,5028.0,3.42,1.25,1259.28
Kepler-852 b,Kepler-852,Transit,2016,44.9309804,2.54,6.99,565.0,6100.0,1.16,1.19,1619.03
Kepler-883 b,Kepler-883,Transit,2016,12.98495573,1.78,3.82,818.0,6116.0,1.09,1.06,627.455
Kepler-509 b,Kepler-509,Transit,2016,41.74600392,2.49,6.76,584.0,6060.0,1.2,1.1,332.443
Kepler-466 c,Kepler-466,Transit,2016,3.709213846,1.25,2.1,1206.0,5927.0,1.05,1.04,530.122
Kepler-502 b,Kepler-502,Transit,2016,4.28686431,4.77,20.4,1217.0,6125.0,1.22,1.15,1591.04
Kepler-758 b,Kepler-758,Transit,2016,12.1097104,2.48,6.71,1005.0,6228.0,1.42,1.16,1502.32
Kepler-813 b,Kepler-813,Transit,2016,19.12947337,2.14,5.22,817.0,5743.0,0.93,0.95,840.0
Kepler-811 b,Kepler-811,Transit,2016,23.58447697,2.7,7.75,730.0,5747.0,1.24,1.01,985.041
Kepler-882 b,Kepler-882,Transit,2016,3.989539666,1.23,2.04,903.0,5476.0,0.87,0.9,504.605
Kepler-880 b,Kepler-880,Transit,2016,7.71468975,2.66,7.56,1622.0,6761.0,1.74,1.46,601.324
Kepler-474 b,Kepler-474,Transit,2016,5.660672935,3.06,9.59,1115.0,5785.0,1.08,0.99,841.496
Kepler-760 b,Kepler-760,Transit,2016,8.70419416,3.06,9.59,748.0,5322.0,0.85,0.89,792.336
Kepler-810 b,Kepler-810,Transit,2016,4.59725385,1.93,4.38,1105.0,5803.0,1.04,1.03,1458.59
Kepler-809 b,Kepler-809,Transit,2016,55.63934,3.01,9.32,478.0,5734.0,0.98,0.99,961.405
Kepler-877 b,Kepler-877,Transit,2016,18.45847097,2.12,5.14,632.0,5261.0,0.81,0.85,602.176
Kepler-750 c,Kepler-750,Transit,2016,4.08899022,1.62,3.26,1537.0,6160.0,1.23,1.15,1296.02
Kepler-255 d,Kepler-255,Transit,2016,1.045622658,1.32,2.3,1710.0,5431.0,0.86,0.9,1052.53
Kepler-775 b,Kepler-775,Transit,2016,0.974868926,1.19,1.81,1612.0,5468.0,0.84,0.92,398.676
Kepler-500 b,Kepler-500,Transit,2016,8.508324398,2.58,7.18,909.0,5813.0,1.03,1.02,807.48
Kepler-808 b,Kepler-808,Transit,2016,0.631332353,1.46,2.73,1322.0,4653.0,0.71,0.76,321.0
Kepler-875 b,Kepler-875,Transit,2016,27.5073799,2.9,8.75,569.0,5958.0,1.11,1.06,1242.62
Kepler-732 c,Kepler-732,Transit,2016,0.893041236,1.27,2.15,893.0,3631.0,0.46,0.49,174.826
Kepler-777 b,Kepler-777,Transit,2016,5.72812599,1.47,2.76,569.0,4043.0,0.56,0.58,443.106
Kepler-779 b,Kepler-779,Transit,2016,7.09714223,0.92,0.721,425.0,3804.0,0.44,0.46,283.155
Kepler-804 b,Kepler-804,Transit,2016,14.37457351,1.94,4.42,779.0,5817.0,1.05,1.01,649.65
Kepler-803 b,Kepler-803,Transit,2016,50.28638192,3.79,13.8,543.0,5919.0,1.12,1.05,639.771
Kepler-1049 b,Kepler-1049,Transit,2016,3.273460736,0.95,0.809,625.0,3864.0,0.49,0.51,162.006
Kepler-969 b,Kepler-969,Transit,2016,34.1731714,2.07,4.94,465.0,5214.0,0.82,0.92,390.354
Kepler-1137 b,Kepler-1137,Transit,2016,23.9210791,2.2,5.48,1020.0,6807.0,1.84,1.5,921.778
Kepler-975 b,Kepler-975,Transit,2016,1.970342457,1.48,2.79,1599.0,4897.0,0.75,0.8,426.088
Kepler-995 b,Kepler-995,Transit,2016,28.26731672,2.7,7.75,517.0,5206.0,0.8,0.83,609.638
Kepler-1054 b,Kepler-1054,Transit,2016,4.30655689,2.63,7.41,1177.0,6209.0,1.34,1.22,1090.51
Kepler-1033 b,Kepler-1033,Transit,2016,7.56052806,2.51,6.85,914.0,5547.0,0.92,0.94,1455.5
Kepler-1040 b,Kepler-1040,Transit,2016,201.1214,2.08,4.98,300.0,5694.0,0.96,0.98,482.119
Kepler-1138 b,Kepler-1138,Transit,2016,3.17060005,1.7,3.53,1080.0,5582.0,0.92,0.95,872.328
Kepler-1139 b,Kepler-1139,Transit,2016,0.813166719,1.19,1.81,1693.0,5550.0,0.91,0.94,495.156
Kepler-1060 b,Kepler-1060,Transit,2016,46.8779367,2.38,6.26,484.0,5797.0,0.99,0.99,946.565
Kepler-1003 b,Kepler-1003,Transit,2016,3.554856915,1.78,3.82,1157.0,6109.0,1.17,1.11,941.902
Kepler-1055 b,Kepler-1055,Transit,2016,2.295036233,1.23,2.04,1304.0,5723.0,0.94,0.98,389.397
Kepler-998 b,Kepler-998,Transit,2016,5.65377733,2.32,5.99,1020.0,6058.0,1.18,1.12,986.364
Kepler-1017 b,Kepler-1017,Transit,2016,7.23400469,1.99,4.62,831.0,5473.0,0.87,0.93,552.058
Kepler-974 b,Kepler-974,Transit,2016,4.194496514,1.57,3.09,577.0,3687.0,0.5,0.52,134.311
Kepler-1045 b,Kepler-1045,Transit,2016,26.41045478,2.69,7.7,512.0,5301.0,0.82,0.86,942.485
Kepler-980 b,Kepler-980,Transit,2016,11.55102504,2.67,7.61,845.0,5935.0,1.06,1.05,961.468
Kepler-991 b,Kepler-991,Transit,2016,82.5342519,2.54,6.99,260.0,4392.0,0.61,0.64,389.561
Kepler-1072 b,Kepler-1072,Transit,2016,1.569066502,1.58,3.12,1849.0,6199.0,1.32,1.2,982.716
Kepler-490 b,Kepler-490,Transit,2016,3.268695154,11.65,,1597.0,6045.0,1.12,1.08,1523.0
Kepler-1018 b,Kepler-1018,Transit,2016,49.1013514,2.58,7.18,498.0,5518.0,0.88,0.91,1010.01
Kepler-1004 b,Kepler-1004,Transit,2016,5.28789787,6.28,32.5,1661.0,4972.0,3.39,1.11,1152.68
Kepler-997 b,Kepler-997,Transit,2016,2.707306716,1.36,2.42,1709.0,6150.0,1.56,1.22,467.568
Kepler-1151 b,Kepler-1151,Transit,2016,65.6478424,2.22,5.56,485.0,5470.0,0.85,0.88,682.436
Kepler-1064 b,Kepler-1064,Transit,2016,16.54080322,1.55,3.02,570.0,5153.0,0.79,0.85,374.0
Kepler-971 b,Kepler-971,Transit,2016,9.59070716,2.13,5.18,1087.0,5431.0,0.85,0.88,338.522
Kepler-1051 b,Kepler-1051,Transit,2016,25.96200249,3.4,11.5,850.0,6675.0,1.73,1.43,829.343
Kepler-1007 b,Kepler-1007,Transit,2016,5.185002073,1.44,2.67,652.0,4587.0,0.7,0.73,365.0
Kepler-968 b,Kepler-968,Transit,2016,3.692983728,2.0,4.66,745.0,4598.0,0.7,0.76,290.324
Kepler-1145 b,Kepler-1145,Transit,2016,3.97076766,1.4,2.54,958.0,5064.0,0.75,0.79,691.961
Kepler-1147 b,Kepler-1147,Transit,2016,10.62784997,2.61,7.32,872.0,5941.0,1.14,1.09,1657.36
Kepler-1029 b,Kepler-1029,Transit,2016,4.417696479,1.26,2.13,790.0,5030.0,0.77,0.82,366.656
Kepler-996 b,Kepler-996,Transit,2016,3.770590584,1.98,4.58,1272.0,6014.0,1.14,1.09,1216.58
Kepler-966 b,Kepler-966,Transit,2016,99.747622,4.13,16.0,391.0,5840.0,1.02,1.02,1027.8
Kepler-1047 b,Kepler-1047,Transit,2016,56.1886887,2.09,5.02,503.0,5754.0,1.13,1.08,817.647
Kepler-1149 b,Kepler-1149,Transit,2016,3.73089898,1.44,2.67,1128.0,5833.0,1.01,1.02,1217.73
Kepler-1148 b,Kepler-1148,Transit,2016,1.104463509,1.69,3.5,1397.0,5054.0,0.77,0.81,625.692
Kepler-1057 b,Kepler-1057,Transit,2016,14.08827448,3.36,11.2,724.0,5987.0,1.1,1.07,1201.82
Kepler-1059 b,Kepler-1059,Transit,2016,3.764191048,1.73,3.64,908.0,4906.0,0.72,0.75,713.167
Kepler-965 b,Kepler-965,Transit,2016,134.2527298,3.38,11.4,393.0,5886.0,1.15,1.05,582.828
Kepler-999 b,Kepler-999,Transit,2016,5.991857017,2.34,6.08,1355.0,6237.0,1.65,1.29,545.063
Kepler-1112 b,Kepler-1112,Transit,2016,14.36267939,3.02,9.38,918.0,6496.0,1.54,1.34,1671.28
Kepler-952 b,Kepler-952,Transit,2016,130.3546919,7.65,45.4,369.0,5730.0,0.99,1.0,1304.25
Kepler-479 b,Kepler-479,Transit,2016,12.49341307,2.12,5.14,649.0,5247.0,0.81,0.86,344.901
Kepler-934 b,Kepler-934,Transit,2016,55.6738309,2.09,5.02,384.0,5001.0,0.77,0.81,608.738
Kepler-977 b,Kepler-977,Transit,2016,26.85328322,2.62,7.37,544.0,5315.0,0.83,0.87,568.751
Kepler-1021 b,Kepler-1021,Transit,2016,13.47469571,2.33,6.04,634.0,5431.0,0.86,0.89,810.082
Kepler-979 b,Kepler-979,Transit,2016,8.0880135,2.72,7.85,792.0,5310.0,0.83,0.87,576.503
Kepler-982 b,Kepler-982,Transit,2016,15.7738221,2.25,5.69,955.0,6139.0,1.29,1.16,801.479
Kepler-936 b,Kepler-936,Transit,2016,10.56134221,1.45,2.7,867.0,5482.0,0.89,0.92,823.399
Kepler-938 b,Kepler-938,Transit,2016,52.6298417,2.22,5.56,544.0,5533.0,0.89,0.92,1182.05
Kepler-1006 b,Kepler-1006,Transit,2016,19.76172042,1.54,2.99,791.0,5328.0,0.74,0.78,1081.738
Kepler-1009 b,Kepler-1009,Transit,2016,11.35011917,2.17,5.35,403.0,4027.0,0.57,0.59,355.019
Kepler-976 b,Kepler-976,Transit,2016,105.9564148,3.96,14.9,324.0,5232.0,0.83,0.87,1012.41
Kepler-1052 b,Kepler-1052,Transit,2016,34.8538276,2.93,8.91,522.0,5888.0,1.03,1.03,943.444
Kepler-1120 b,Kepler-1120,Transit,2016,2.949029052,1.38,2.48,1027.0,4904.0,0.74,0.78,615.231
Kepler-1123 b,Kepler-1123,Transit,2016,4.33946454,1.67,3.43,1061.0,5500.0,0.9,0.93,704.323
Kepler-940 b,Kepler-940,Transit,2016,59.6225257,3.34,11.1,486.0,5769.0,0.96,0.97,1260.78
Kepler-1035 b,Kepler-1035,Transit,2016,2.714077555,1.17,1.71,1301.0,5763.0,0.97,0.98,562.116
Kepler-1027 b,Kepler-1027,Transit,2016,1.907805199,0.89,0.64,1268.0,5436.0,0.82,0.91,405.104
Kepler-986 b,Kepler-986,Transit,2016,56.4349938,2.36,6.17,465.0,5642.0,0.98,0.96,548.364
Kepler-1011 b,Kepler-1011,Transit,2016,5.753221974,2.87,8.6,920.0,5416.0,0.88,0.91,736.779
Kepler-1068 b,Kepler-1068,Transit,2016,16.92344113,3.63,12.8,702.0,5806.0,1.01,1.01,1473.61
Kepler-917 b,Kepler-917,Transit,2016,2.970414375,1.91,4.31,991.0,5418.0,0.76,0.8,3460.51
Kepler-918 b,Kepler-918,Transit,2016,4.85386933,1.74,3.68,1052.0,6028.0,1.14,1.11,1025.03
Kepler-978 b,Kepler-978,Transit,2016,49.6221509,2.99,9.22,546.0,6002.0,1.09,1.07,682.522
Kepler-1002 b,Kepler-1002,Transit,2016,4.336429331,1.71,3.57,1453.0,6144.0,1.57,1.22,408.303
Kepler-493 b,Kepler-493,Transit,2016,3.003876581,15.13,,1438.0,6457.0,1.54,1.36,1745.77
Kepler-1128 b,Kepler-1128,Transit,2016,61.6178167,3.65,12.9,424.0,5543.0,0.91,0.94,1083.41
Kepler-920 b,Kepler-920,Transit,2016,6.53192704,2.42,6.44,907.0,5403.0,0.85,0.89,1001.68
Kepler-919 b,Kepler-919,Transit,2016,11.04603384,2.25,5.69,869.0,6113.0,1.21,1.15,1119.87
Kepler-921 b,Kepler-921,Transit,2016,51.300634,2.87,8.6,492.0,5663.0,0.91,0.93,934.49
Kepler-1015 b,Kepler-1015,Transit,2016,16.00494214,3.55,12.3,1040.0,6769.0,1.81,1.49,739.357
Kepler-1005 b,Kepler-1005,Transit,2016,6.49801525,1.5,2.86,1026.0,5782.0,1.06,1.0,567.806
Kepler-972 b,Kepler-972,Transit,2016,7.03932553,4.65,19.5,1060.0,6146.0,1.22,1.15,1198.03
Kepler-1130 b,Kepler-1130,Transit,2016,5.45298175,0.8,0.437,904.0,5403.0,0.81,0.9,249.343
Kepler-1131 b,Kepler-1131,Transit,2016,3.53232449,1.59,3.15,1159.0,5851.0,1.04,1.03,1030.7
Kepler-1025 b,Kepler-1025,Transit,2016,37.3229493,1.98,4.58,1654.0,6089.0,1.13,1.09,803.776
Kepler-497 b,Kepler-497,Transit,2016,3.573203671,6.04,30.4,1210.0,5834.0,1.11,1.09,1291.98
Kepler-994 b,Kepler-994,Transit,2016,1.151166506,1.6,3.19,957.0,3934.0,0.54,0.56,188.158
Kepler-1132 b,Kepler-1132,Transit,2016,62.8916228,2.35,6.12,384.0,5298.0,0.83,0.87,867.931
Kepler-1069 b,Kepler-1069,Transit,2016,23.8990296,1.6,3.19,823.0,5722.0,0.98,0.99,695.967
Kepler-1034 b,Kepler-1034,Transit,2016,12.12400943,2.26,5.73,675.0,5198.0,0.8,0.83,654.549
Kepler-944 b,Kepler-944,Transit,2016,43.3167737,2.63,7.41,459.0,5409.0,0.83,0.86,1349.43
Kepler-942 b,Kepler-942,Transit,2016,44.96417488,2.13,5.18,379.0,4861.0,0.75,0.81,216.354
Kepler-946 b,Kepler-946,Transit,2016,11.79162572,1.93,4.38,857.0,5665.0,0.93,0.94,1137.29
HD 50554 c,HD 50554,Transit,2026,5.969362,1.31,5.3,1090.83,5968.0,1.146,1.04,31.1664
Kepler-992 b,Kepler-992,Transit,2016,20.16034462,1.62,3.26,510.0,4944.0,0.74,0.8,259.639
Kepler-1134 b,Kepler-1134,Transit,2016,17.13263989,2.64,7.46,611.0,5281.0,0.81,0.84,944.445
Kepler-1135 b,Kepler-1135,Transit,2016,76.957857,1.85,4.08,451.0,5656.0,0.94,0.96,1314.64
Kepler-951 b,Kepler-951,Transit,2016,71.52530845,5.59,26.7,340.0,4834.0,0.73,0.77,382.509
Kepler-967 b,Kepler-967,Transit,2016,13.22713379,2.35,6.12,638.0,5178.0,0.8,0.84,568.546
Kepler-1013 b,Kepler-1013,Transit,2016,18.93054959,2.15,5.27,766.0,4954.0,0.76,0.81,422.246
Kepler-1233 b,Kepler-1233,Transit,2016,45.1263042,2.6,7.27,604.0,6198.0,1.25,1.16,1178.7
Kepler-1234 b,Kepler-1234,Transit,2016,11.94014029,2.81,8.3,625.0,4967.0,0.76,0.8,916.749
Kepler-523 b,Kepler-523,Transit,2016,5.835983111,1.96,4.5,884.0,5515.0,0.86,0.93,253.295
Gl 725 B c,Gl 725 B,Radial Velocity,2026,37.9,1.66,3.4,215.0,3379.0,0.28,0.25,6.842357
Kepler-1180 b,Kepler-1180,Transit,2016,16.8601286,1.99,4.62,765.0,6077.0,1.14,1.09,1596.8
Kepler-1181 b,Kepler-1181,Transit,2016,4.89337519,1.57,3.09,1374.0,6176.0,1.3,1.17,938.417
Kepler-1189 b,Kepler-1189,Transit,2016,3.78858982,1.77,3.78,1158.0,6012.0,1.16,1.11,782.852
Kepler-1236 b,Kepler-1236,Transit,2016,31.0571618,2.14,5.22,480.0,5337.0,0.82,0.86,999.64
Kepler-1235 b,Kepler-1235,Transit,2016,4.16055856,0.79,0.418,985.0,5541.0,0.9,0.93,540.604
Kepler-518 b,Kepler-518,Transit,2016,8.512035877,2.11,5.1,839.0,5842.0,0.88,0.96,337.901
Kepler-1276 b,Kepler-1276,Transit,2016,12.5720095,1.19,1.81,886.0,6188.0,1.21,1.14,538.481
Kepler-1277 b,Kepler-1277,Transit,2016,40.8365012,1.6,3.19,496.0,5578.0,0.92,0.94,557.193
Kepler-1182 b,Kepler-1182,Transit,2016,11.17394617,2.41,6.39,796.0,5924.0,1.05,1.04,1545.39
Kepler-549 b,Kepler-549,Transit,2016,42.9495649,2.57,11.0,487.0,5360.0,0.84,0.88,635.145
Kepler-1237 b,Kepler-1237,Transit,2016,84.5733226,2.86,8.55,366.0,5472.0,0.9,0.94,1064.31
Kepler-1279 b,Kepler-1279,Transit,2016,23.4774101,1.75,3.71,738.0,6221.0,1.33,1.21,1494.22
Kepler-1280 b,Kepler-1280,Transit,2016,66.5579057,1.87,4.16,757.0,6227.0,1.32,1.2,1486.7
Kepler-1076 b,Kepler-1076,Transit,2016,6.14727918,0.8,0.437,770.0,4868.0,0.74,0.79,199.0
Kepler-1077 b,Kepler-1077,Transit,2016,34.3511874,2.77,8.1,576.0,5816.0,1.02,1.02,1101.42
Kepler-1193 b,Kepler-1193,Transit,2016,2.832652134,1.32,2.3,1453.0,5908.0,1.21,1.08,802.116
Kepler-1194 b,Kepler-1194,Transit,2016,16.22371307,1.51,2.89,676.0,5590.0,0.92,0.94,757.382
Kepler-1238 b,Kepler-1238,Transit,2016,4.14787559,1.93,4.38,1389.0,6386.0,1.48,1.3,1632.13
Kepler-1282 b,Kepler-1282,Transit,2016,2.131946513,1.55,3.02,1418.0,5504.0,0.89,0.92,1103.29
Kepler-1078 b,Kepler-1078,Transit,2016,3.00725242,1.9,4.27,1122.0,5612.0,0.92,0.94,2481.71
Kepler-1079 b,Kepler-1079,Transit,2016,13.24503188,1.63,3.29,887.0,5758.0,1.36,1.08,591.098
Kepler-1242 b,Kepler-1242,Transit,2016,13.62798432,2.26,5.73,639.0,4895.0,0.74,0.77,687.615
Kepler-1243 b,Kepler-1243,Transit,2016,16.8320729,1.75,3.71,690.0,5667.0,0.94,0.96,758.17
Kepler-1081 b,Kepler-1081,Transit,2016,3.856918547,1.01,1.01,972.0,5345.0,0.84,0.88,420.215
Kepler-1199 b,Kepler-1199,Transit,2016,15.0447198,1.15,1.6,931.0,5889.0,1.17,0.94,563.493
Kepler-1202 b,Kepler-1202,Transit,2016,28.6851324,2.94,8.96,547.0,5834.0,1.04,1.03,1175.38
Kepler-519 b,Kepler-519,Transit,2016,24.3078946,2.1,5.06,532.0,5260.0,0.8,0.89,246.61
Kepler-1284 b,Kepler-1284,Transit,2016,0.664073806,1.21,1.92,1703.0,5123.0,0.79,0.84,882.324
Kepler-1083 b,Kepler-1083,Transit,2016,33.4177993,3.36,11.2,448.0,5049.0,0.77,0.81,902.633
Kepler-1203 b,Kepler-1203,Transit,2016,0.588000765,1.06,1.2,1188.0,4105.0,0.61,0.64,317.022
Kepler-1204 b,Kepler-1204,Transit,2016,85.7350285,3.05,9.53,448.0,5825.0,1.03,1.03,1175.22
Kepler-1246 b,Kepler-1246,Transit,2016,11.32271513,1.36,2.42,554.0,4611.0,0.69,0.73,436.505
Kepler-1289 b,Kepler-1289,Transit,2016,7.99019627,1.52,2.92,1113.0,6080.0,1.17,1.1,1053.57
Kepler-1087 b,Kepler-1087,Transit,2016,0.693842855,0.61,0.165,2161.0,5589.0,0.94,0.96,362.623
Kepler-1086 b,Kepler-1086,Transit,2016,18.78425728,2.44,6.53,433.0,4350.0,0.66,0.7,466.084
Kepler-1088 b,Kepler-1088,Transit,2016,23.12748644,1.42,2.6,667.0,5975.0,1.08,1.08,280.629
Kepler-1206 b,Kepler-1206,Transit,2016,1.216997663,1.64,3.33,1314.0,4877.0,0.75,0.8,762.019
Kepler-1205 b,Kepler-1205,Transit,2016,1.078390352,1.41,2.57,1667.0,5226.0,0.81,0.84,698.485
Kepler-1249 b,Kepler-1249,Transit,2016,24.3347127,2.38,6.26,647.0,6202.0,1.28,1.19,1904.54
Kepler-1250 b,Kepler-1250,Transit,2016,2.607543834,1.92,4.35,1431.0,5717.0,0.98,0.99,2126.85
Kepler-1293 b,Kepler-1293,Transit,2016,5.57654784,0.97,0.871,1183.0,6241.0,1.28,1.18,1028.16
Kepler-513 b,Kepler-513,Transit,2016,28.86235584,2.2,5.48,623.0,5849.0,1.06,1.02,468.258
Kepler-1092 b,Kepler-1092,Transit,2016,58.6017925,2.07,4.94,508.0,5862.0,1.0,0.99,981.233
Kepler-1209 b,Kepler-1209,Transit,2016,25.369116,1.51,2.89,755.0,6210.0,1.38,1.23,505.531
Kepler-1252 b,Kepler-1252,Transit,2016,15.0540329,1.67,3.43,665.0,5949.0,1.09,1.06,648.979
Kepler-1253 b,Kepler-1253,Transit,2016,68.8861915,1.33,2.33,501.0,5850.0,1.1,0.97,514.524
Kepler-1156 b,Kepler-1156,Transit,2016,11.89520511,1.32,2.3,787.0,5778.0,1.0,1.0,691.331
Kepler-1155 b,Kepler-1155,Transit,2016,33.469743,2.03,4.78,609.0,5842.0,1.03,1.03,1128.72
Kepler-1093 b,Kepler-1093,Transit,2016,25.0824626,1.95,4.46,776.0,6166.0,1.2,1.13,1072.88
Kepler-1094 b,Kepler-1094,Transit,2016,78.1000231,3.18,10.2,480.0,6112.0,1.21,1.14,1291.01
Kepler-1213 b,Kepler-1213,Transit,2016,5.34982412,1.19,1.81,1156.0,6050.0,1.21,1.14,807.812
Kepler-1255 b,Kepler-1255,Transit,2016,36.2919336,2.32,5.99,694.0,6018.0,1.12,1.08,1617.07
Kepler-1256 b,Kepler-1256,Transit,2016,12.4127754,1.49,2.83,933.0,6129.0,1.36,1.17,891.192
Kepler-1160 b,Kepler-1160,Transit,2016,7.97034958,2.14,5.22,839.0,5519.0,0.89,0.92,1077.63
Kepler-1158 b,Kepler-1158,Transit,2016,13.5396293,2.34,6.08,1079.0,6203.0,1.95,1.41,1484.25
Kepler-1097 b,Kepler-1097,Transit,2016,187.747029,3.26,10.7,267.0,5211.0,0.79,0.82,719.802
Kepler-1095 b,Kepler-1095,Transit,2016,4.27103091,1.21,1.92,1108.0,5658.0,0.92,0.94,792.522
Kepler-1217 b,Kepler-1217,Transit,2016,2.032325072,1.99,4.62,1542.0,5905.0,1.08,1.06,1347.71
Kepler-1216 b,Kepler-1216,Transit,2016,4.37034536,1.39,2.51,1191.0,5743.0,0.98,0.99,1258.36
Kepler-1257 b,Kepler-1257,Transit,2016,2.668313762,1.52,2.92,1252.0,5502.0,0.87,0.9,1105.95
Kepler-1260 b,Kepler-1260,Transit,2016,19.1187753,1.77,3.78,823.0,5961.0,1.08,1.06,1734.43
Kepler-1163 b,Kepler-1163,Transit,2016,6.11786898,1.03,1.08,1211.0,6302.0,1.35,1.22,478.647
Kepler-1100 b,Kepler-1100,Transit,2016,6.42200058,1.75,3.71,1000.0,6247.0,1.34,1.21,693.618
Kepler-1098 b,Kepler-1098,Transit,2016,2.543072855,1.3,2.24,1319.0,5794.0,0.99,0.99,1049.19
Kepler-1261 b,Kepler-1261,Transit,2016,48.4308991,2.26,5.73,396.0,5006.0,0.77,0.82,744.294
Kepler-1166 b,Kepler-1166,Transit,2016,33.2406882,1.69,3.5,486.0,5446.0,0.86,0.9,634.906
Kepler-1167 b,Kepler-1167,Transit,2016,1.003933739,1.71,3.57,1419.0,4971.0,0.75,0.79,820.905
Kepler-1103 b,Kepler-1103,Transit,2016,19.79191978,2.27,5.77,736.0,6092.0,1.15,1.11,1331.92
Kepler-1221 b,Kepler-1221,Transit,2016,12.00096042,1.88,4.19,632.0,5194.0,0.82,0.87,913.65
Kepler-522 b,Kepler-522,Transit,2016,38.58422849,6.91,38.2,761.0,6392.0,1.98,1.54,639.239
Kepler-1264 b,Kepler-1264,Transit,2016,0.968526023,1.18,1.76,1677.0,5791.0,0.98,0.99,801.993
Kepler-1169 b,Kepler-1169,Transit,2016,6.11009134,0.94,0.779,1125.0,6191.0,1.23,1.24,522.823
Kepler-1168 b,Kepler-1168,Transit,2016,55.8226539,2.5,6.8,379.0,5157.0,0.82,0.87,752.666
Kepler-1106 b,Kepler-1106,Transit,2016,1.252752174,1.65,3.36,2199.0,6104.0,1.17,1.11,1090.7
Kepler-1226 b,Kepler-1226,Transit,2016,17.2923453,1.45,2.7,809.0,5923.0,1.02,1.02,1125.72
Kepler-1266 b,Kepler-1266,Transit,2016,28.474748,2.58,7.18,489.0,5044.0,0.76,0.8,849.312
Kepler-1268 b,Kepler-1268,Transit,2016,40.9903986,2.03,4.78,627.0,5904.0,1.09,1.06,1840.77
Kepler-1171 b,Kepler-1171,Transit,2016,1.44259224,2.56,7.08,2700.0,7044.0,1.95,1.58,573.0
Kepler-1172 b,Kepler-1172,Transit,2016,26.0204423,3.2,10.3,675.0,5558.0,0.89,0.92,1306.53
Kepler-1109 b,Kepler-1109,Transit,2016,37.6467384,2.19,5.43,787.0,5893.0,1.06,1.05,685.087
Kepler-1110 b,Kepler-1110,Transit,2016,9.69312032,2.66,7.56,609.0,4781.0,0.7,0.73,726.828
Kepler-1229 b,Kepler-1229,Transit,2016,86.828989,1.4,2.54,212.0,3784.0,0.51,0.54,265.482
Kepler-436 c,Kepler-436,Transit,2016,16.79713874,2.33,6.04,503.0,4685.0,0.71,0.75,588.867
Kepler-1270 b,Kepler-1270,Transit,2016,6.03356196,3.32,11.0,1598.0,5047.0,3.38,1.28,1095.05
Kepler-804 c,Kepler-804,Transit,2016,9.65185017,1.14,1.55,890.0,5817.0,1.05,1.01,649.65
Kepler-1230 b,Kepler-1230,Transit,2016,9.95661537,2.71,7.8,946.0,5961.0,1.08,1.06,1364.22
Kepler-1271 b,Kepler-1271,Transit,2016,3.0255955,1.48,2.79,1484.0,6143.0,1.23,1.13,831.991
Kepler-1273 b,Kepler-1273,Transit,2016,28.625653,2.49,6.76,573.0,5566.0,0.91,0.94,1114.24
Kepler-1177 b,Kepler-1177,Transit,2016,106.247547,1.9,4.27,377.0,5712.0,0.97,0.98,1299.97
Kepler-1179 b,Kepler-1179,Transit,2016,2.685057492,1.32,2.3,1137.0,5212.0,0.81,0.84,415.205
Kepler-1152 b,Kepler-1152,Transit,2016,1.646801908,0.87,0.59,806.0,3964.0,0.53,0.55,215.233
Kepler-1186 b,Kepler-1186,Transit,2016,16.07677615,2.23,5.6,724.0,5635.0,0.93,0.95,1337.25
Kepler-535 b,Kepler-535,Transit,2016,4.903321551,2.36,6.17,1247.0,6123.0,1.27,1.18,685.599
Kepler-1411 b,Kepler-1411,Transit,2016,86.1150888,2.82,8.35,441.0,5664.0,0.92,0.95,1660.48
Kepler-1413 b,Kepler-1413,Transit,2016,13.1829642,1.82,3.97,661.0,5196.0,0.8,0.84,1167.49
Kepler-1317 b,Kepler-1317,Transit,2016,0.568874427,1.56,3.05,1796.0,5144.0,0.79,0.83,728.303
Kepler-1318 b,Kepler-1318,Transit,2016,213.257663,3.11,9.85,202.0,4598.0,0.7,0.73,475.248
Kepler-1362 b,Kepler-1362,Transit,2016,136.205626,2.6,7.27,248.0,4857.0,0.74,0.8,731.298
Kepler-536 b,Kepler-536,Transit,2016,1.827082299,3.1,9.8,1877.0,5524.0,0.89,0.92,462.322
Kepler-1415 b,Kepler-1415,Transit,2016,0.63642408,1.29,2.21,1846.0,5267.0,0.84,0.89,1043.56
Kepler-1320 b,Kepler-1320,Transit,2016,0.868386528,1.7,3.53,1389.0,4817.0,0.74,0.8,647.424
Kepler-1321 b,Kepler-1321,Transit,2016,11.12830484,4.92,21.5,408.0,4094.0,0.53,0.54,769.146
Kepler-1366 b,Kepler-1366,Transit,2016,2.164570968,1.43,2.63,783.0,4070.0,0.6,0.62,465.826
Kepler-903 c,Kepler-903,Transit,2016,62.9228557,2.53,6.94,462.0,5682.0,0.97,0.98,1369.24
Kepler-758 e,Kepler-758,Transit,2016,8.1934719,1.53,2.96,1144.0,6228.0,1.42,1.16,1502.32
Kepler-1417 b,Kepler-1417,Transit,2016,20.3505213,1.0,0.972,695.0,5839.0,1.02,1.02,991.845
Kepler-1322 b,Kepler-1322,Transit,2016,0.962867382,1.61,3.22,1666.0,5488.0,0.87,0.9,1350.32
Kepler-525 b,Kepler-525,Transit,2016,18.68404933,2.63,7.41,832.0,5573.0,1.15,0.95,992.852
Kepler-722 c,Kepler-722,Transit,2016,105.144749,2.82,8.35,401.0,5863.0,1.05,1.03,1239.5
Kepler-1422 b,Kepler-1422,Transit,2016,18.6051942,2.02,4.74,833.0,6194.0,1.23,1.15,2465.84
Kepler-1327 b,Kepler-1327,Transit,2016,14.88801098,1.8,3.89,831.0,5885.0,1.03,1.02,678.069
Kepler-1368 b,Kepler-1368,Transit,2016,0.675649486,1.65,3.36,2085.0,5906.0,1.08,1.07,1635.82
Kepler-769 c,Kepler-769,Transit,2016,15.9870174,1.79,3.86,803.0,6186.0,1.28,1.19,1169.57
Kepler-770 c,Kepler-770,Transit,2016,1.475322314,1.2,1.87,2740.0,5598.0,0.92,0.94,930.457
Kepler-1430 b,Kepler-1430,Transit,2016,2.46050993,1.18,1.76,969.0,4796.0,0.72,0.77,875.523
Kepler-1431 b,Kepler-1431,Transit,2016,5.86601526,1.47,2.76,1064.0,5806.0,1.03,1.03,1623.24
Kepler-1328 b,Kepler-1328,Transit,2016,4.52158888,0.98,0.904,1214.0,5780.0,0.99,1.0,813.543
Kepler-1329 b,Kepler-1329,Transit,2016,9.33646594,2.17,5.35,577.0,4500.0,0.69,0.72,588.037
Kepler-527 b,Kepler-527,Transit,2016,13.28535633,2.84,8.45,1157.0,6388.0,1.45,1.28,750.04
Kepler-1371 b,Kepler-1371,Transit,2016,3.4462039,0.73,0.315,1015.0,5361.0,0.83,0.87,515.334
Kepler-770 d,Kepler-770,Transit,2016,4.15244722,1.4,2.54,1941.0,5598.0,0.92,0.94,930.457
Kepler-896 b,Kepler-896,Transit,2016,144.547396,2.53,6.94,303.0,5262.0,0.81,0.84,2334.93
Kepler-1427 b,Kepler-1427,Transit,2016,0.968972376,1.1,1.37,1844.0,5793.0,1.01,1.01,1220.0
Kepler-1332 b,Kepler-1332,Transit,2016,11.87456832,1.37,2.45,728.0,5581.0,0.9,0.95,528.685
Kepler-1330 b,Kepler-1330,Transit,2016,10.10769068,1.65,3.36,879.0,5608.0,0.94,0.97,1720.48
Kepler-1373 b,Kepler-1373,Transit,2016,1.29123275,1.16,1.65,1887.0,6299.0,1.33,1.22,1699.46
Kepler-1374 b,Kepler-1374,Transit,2016,10.65276707,2.29,5.86,737.0,5323.0,0.81,0.85,1078.46
Kepler-1311 c,Kepler-1311,Transit,2016,2.53573424,1.22,1.98,1671.0,5748.0,1.4,1.05,866.331
Kepler-1428 b,Kepler-1428,Transit,2016,10.67607169,1.64,3.33,1049.0,6184.0,1.36,1.28,1530.32
Kepler-1429 b,Kepler-1429,Transit,2016,4.48487493,1.29,2.21,1199.0,5902.0,1.07,1.05,1214.09
Kepler-1335 b,Kepler-1335,Transit,2016,6.26406846,1.45,2.7,809.0,4903.0,0.74,0.77,621.853
Kepler-528 b,Kepler-528,Transit,2016,19.78297415,2.08,4.98,708.0,5807.0,1.06,1.01,784.23
Kepler-1321 c,Kepler-1321,Transit,2016,2.226491086,2.4,6.35,697.0,4094.0,0.53,0.54,769.146
Kepler-1433 b,Kepler-1433,Transit,2016,4.13592271,1.56,3.05,1226.0,6097.0,1.19,1.14,1328.0
Kepler-1337 b,Kepler-1337,Transit,2016,24.4002549,2.41,6.39,437.0,4523.0,0.67,0.7,601.629
Kepler-1339 b,Kepler-1339,Transit,2016,1.341555127,0.71,0.285,1642.0,5586.0,0.93,0.94,371.049
Kepler-1377 b,Kepler-1377,Transit,2016,0.740928422,1.25,2.1,1873.0,5218.0,0.82,0.86,1146.1
Kepler-1378 b,Kepler-1378,Transit,2016,11.95398936,2.2,5.48,525.0,4407.0,0.67,0.7,506.434
Kepler-1370 c,Kepler-1370,Transit,2016,7.44142113,1.27,2.15,1075.0,6202.0,1.29,1.19,1004.1
Kepler-1295 b,Kepler-1295,Transit,2016,3.81371974,1.55,3.02,1029.0,5486.0,0.89,0.92,1174.46
Kepler-1296 b,Kepler-1296,Transit,2016,8.3839865,0.91,0.693,1285.0,5359.0,0.83,0.87,1551.54
Kepler-1341 b,Kepler-1341,Transit,2016,132.9968322,2.99,9.22,241.0,4662.0,0.72,0.79,476.957
Kepler-529 b,Kepler-529,Transit,2016,1.980357663,1.86,4.12,1662.0,6087.0,1.14,1.07,799.008
Kepler-1380 b,Kepler-1380,Transit,2016,10.3108245,1.43,2.63,786.0,5570.0,0.94,0.96,2462.94
Kepler-1391 b,Kepler-1391,Transit,2016,54.4092333,1.68,3.46,513.0,5840.0,1.1,1.03,1038.35
Kepler-1392 b,Kepler-1392,Transit,2016,15.1410397,1.96,4.5,714.0,5479.0,0.85,0.88,1117.0
Kepler-1297 b,Kepler-1297,Transit,2016,1.68189002,0.97,0.871,1790.0,5818.0,0.99,0.99,1439.47
Kepler-1343 b,Kepler-1343,Transit,2016,3.35183158,1.93,4.38,1294.0,5759.0,0.93,0.95,1756.71
Kepler-1344 b,Kepler-1344,Transit,2016,4.7683049,1.84,4.04,1219.0,5981.0,1.13,1.09,853.959
Kepler-1383 b,Kepler-1383,Transit,2016,13.9093583,1.41,2.57,928.0,6370.0,1.44,1.26,1027.21
Kepler-1381 b,Kepler-1381,Transit,2016,25.3842686,2.25,5.69,649.0,5747.0,0.94,0.96,1197.04
Kepler-1393 b,Kepler-1393,Transit,2016,2.44357812,0.8,0.437,1249.0,5697.0,0.92,0.95,544.456
Kepler-1300 b,Kepler-1300,Transit,2016,22.2419092,1.37,2.45,954.0,6130.0,1.79,1.29,777.025
Kepler-616 c,Kepler-616,Transit,2016,90.4113556,3.41,11.5,413.0,5753.0,0.97,0.98,945.775
Kepler-1347 b,Kepler-1347,Transit,2016,14.00947528,1.03,1.08,617.0,5193.0,0.79,0.82,321.0
Kepler-1345 b,Kepler-1345,Transit,2016,44.6169557,2.36,6.17,693.0,6449.0,1.55,1.32,1355.02
Kepler-1385 b,Kepler-1385,Transit,2016,2.88879862,0.85,0.543,1423.0,5732.0,1.29,1.15,688.795
Kepler-1384 b,Kepler-1384,Transit,2016,15.36262753,1.94,4.42,608.0,4919.0,0.74,0.78,618.0
Kepler-1397 b,Kepler-1397,Transit,2016,47.449955,1.72,3.61,551.0,6026.0,1.12,1.09,1198.25
Kepler-1398 b,Kepler-1398,Transit,2016,2.78815679,0.9,0.666,1510.0,6126.0,1.18,1.13,852.204
Kepler-1396 b,Kepler-1396,Transit,2016,18.2206421,2.07,4.94,786.0,6195.0,1.27,1.18,1066.46
Kepler-1302 b,Kepler-1302,Transit,2016,8.83922659,1.43,2.63,778.0,5236.0,0.82,0.86,634.58
Kepler-1304 b,Kepler-1304,Transit,2016,16.1288853,2.29,5.86,715.0,5259.0,0.81,0.85,2176.08
Kepler-1350 b,Kepler-1350,Transit,2016,4.4968604,2.52,6.9,535.0,3827.0,0.53,0.55,340.691
Kepler-1348 b,Kepler-1348,Transit,2016,27.5722742,1.94,4.42,636.0,5911.0,1.04,1.04,1213.82
Kepler-1387 b,Kepler-1387,Transit,2016,2.279526656,0.93,0.749,1123.0,5046.0,0.77,0.82,455.358
Kepler-1398 c,Kepler-1398,Transit,2016,4.13827595,1.03,1.08,1324.0,6126.0,1.18,1.13,852.204
Kepler-1400 b,Kepler-1400,Transit,2016,9.06689421,1.62,3.26,725.0,5044.0,0.78,0.83,752.237
Kepler-1307 b,Kepler-1307,Transit,2016,18.01621096,2.47,6.66,768.0,5884.0,1.08,1.06,1014.62
Kepler-1351 b,Kepler-1351,Transit,2016,0.916140768,0.65,0.208,1212.0,4439.0,0.67,0.7,202.782
Kepler-521 b,Kepler-521,Transit,2016,22.20813214,3.18,10.2,803.0,6406.0,1.46,1.34,830.638
Kepler-1390 b,Kepler-1390,Transit,2016,6.48021673,1.18,1.76,934.0,5753.0,0.98,0.98,723.431
Kepler-531 b,Kepler-531,Transit,2016,29.88485741,2.78,8.15,453.0,4893.0,0.75,0.78,252.762
Kepler-1389 b,Kepler-1389,Transit,2016,99.2530951,1.77,3.78,300.0,5078.0,0.74,0.81,497.093
Kepler-1401 b,Kepler-1401,Transit,2016,11.20066445,1.68,3.46,808.0,5964.0,1.1,1.07,1425.43
Kepler-1402 b,Kepler-1402,Transit,2016,2.03387914,0.76,0.363,1789.0,5416.0,0.87,0.9,1493.64
Kepler-1308 b,Kepler-1308,Transit,2016,2.104338119,0.52,0.0933,662.0,3468.0,0.34,0.35,112.705
Kepler-1309 b,Kepler-1309,Transit,2016,28.8432647,2.37,6.21,491.0,5235.0,0.8,0.85,845.0
Kepler-1352 b,Kepler-1352,Transit,2016,1.877882748,0.89,0.64,1701.0,6118.0,1.16,1.11,670.829
Kepler-1353 b,Kepler-1353,Transit,2016,24.7543966,1.8,3.89,491.0,4776.0,0.72,0.76,593.384
Kepler-532 b,Kepler-532,Transit,2016,12.92491623,2.57,7.13,620.0,5192.0,0.79,0.87,312.798
Kepler-1403 b,Kepler-1403,Transit,2016,5.19492202,2.14,5.22,1238.0,6060.0,1.15,1.11,2163.9
Kepler-1405 b,Kepler-1405,Transit,2016,28.2274184,3.96,14.9,565.0,5925.0,1.07,1.05,1530.3
Kepler-1310 b,Kepler-1310,Transit,2016,0.679336272,1.44,2.67,1883.0,5549.0,0.88,0.91,569.185
Kepler-1312 b,Kepler-1312,Transit,2016,5.448325286,2.1,5.06,978.0,5719.0,0.92,0.99,299.104
Kepler-517 b,Kepler-517,Transit,2016,60.92832271,2.67,7.61,467.0,5690.0,0.98,0.95,289.907
Kepler-1356 b,Kepler-1356,Transit,2016,0.634002937,1.53,2.96,1714.0,5106.0,0.78,0.82,845.228
Kepler-1354 b,Kepler-1354,Transit,2016,76.613377,2.97,9.11,466.0,6168.0,1.24,1.16,1119.45
Kepler-1050 c,Kepler-1050,Transit,2016,21.1284569,1.48,2.79,935.0,6010.0,1.13,1.09,490.488
Kepler-1407 b,Kepler-1407,Transit,2016,20.0711504,2.25,5.69,826.0,6010.0,1.15,1.1,1396.41
Kepler-1313 b,Kepler-1313,Transit,2016,3.833091178,1.76,3.75,1012.0,5453.0,0.85,0.92,174.234
Kepler-1359 b,Kepler-1359,Transit,2016,59.4970952,2.83,8.4,369.0,4709.0,0.72,0.78,614.859
Kepler-1360 b,Kepler-1360,Transit,2016,40.5286413,3.4,11.5,933.0,6778.0,1.83,1.51,1516.27
Kepler-1611 b,Kepler-1611,Transit,2016,5.1762429,0.81,0.457,1243.0,5605.0,0.93,0.94,908.444
Kepler-1463 b,Kepler-1463,Transit,2016,25.15864,1.86,4.12,619.0,5679.0,0.95,0.96,1687.47
Kepler-1543 b,Kepler-1543,Transit,2016,6.96710269,2.71,7.8,1774.0,6561.0,1.65,1.39,921.784
Kepler-1578 b,Kepler-1578,Transit,2016,1.450886907,1.04,1.12,1700.0,5545.0,0.86,0.9,1064.05
Kepler-626 b,Kepler-626,Transit,2016,14.48585199,2.29,5.86,784.0,5813.0,1.05,1.01,635.643
Kepler-1465 b,Kepler-1465,Transit,2016,31.8277111,1.77,3.78,668.0,4726.0,0.71,0.75,359.497
Kepler-1466 b,Kepler-1466,Transit,2016,31.1750448,1.55,3.02,585.0,5884.0,1.02,1.01,631.949
Kepler-1546 b,Kepler-1546,Transit,2016,19.5974971,3.13,9.96,671.0,5623.0,0.93,0.95,931.956
Kepler-1548 b,Kepler-1548,Transit,2016,124.828679,2.64,7.46,350.0,5706.0,0.97,0.99,872.279
Kepler-1613 b,Kepler-1613,Transit,2016,1.5184299,2.08,4.98,1926.0,6005.0,1.12,1.08,1508.33
Kepler-1468 c,Kepler-1468,Transit,2016,3.54553021,1.15,1.6,1448.0,5893.0,1.05,1.04,1899.24
Kepler-1582 b,Kepler-1582,Transit,2016,4.83817712,1.49,2.83,354.0,3208.0,0.3,0.28,78.8906
Kepler-1469 b,Kepler-1469,Transit,2016,21.8635301,2.8,8.25,551.0,5507.0,0.89,0.92,1159.3
Kepler-633 b,Kepler-633,Transit,2016,8.50340718,1.63,3.29,1021.0,5899.0,1.15,1.02,680.54
Kepler-1550 b,Kepler-1550,Transit,2016,225.582809,3.02,9.38,348.0,5991.0,1.11,1.07,1179.01
Kepler-1552 b,Kepler-1552,Transit,2016,184.771853,2.47,6.66,268.0,5202.0,0.78,0.85,769.096
Kepler-1584 b,Kepler-1584,Transit,2016,13.3997099,1.61,3.22,886.0,6069.0,1.13,1.1,1416.31
Kepler-556 b,Kepler-556,Transit,2016,11.72292176,2.24,5.65,766.0,5740.0,0.98,1.0,674.598
Kepler-629 b,Kepler-629,Transit,2016,7.2385854,1.38,2.48,816.0,5444.0,0.84,0.93,372.05
Kepler-630 b,Kepler-630,Transit,2016,161.4743937,3.18,10.2,343.0,5829.0,1.04,1.02,839.784
Kepler-1470 b,Kepler-1470,Transit,2016,16.2950903,1.07,1.24,574.0,4961.0,0.76,0.8,590.601
Kepler-1475 b,Kepler-1475,Transit,2016,82.177374,2.92,8.85,441.0,6214.0,1.28,1.18,1568.38
Kepler-1476 b,Kepler-1476,Transit,2016,10.35863224,1.67,3.43,860.0,5663.0,0.96,0.98,1002.74
Kepler-154 f,Kepler-154,Transit,2016,9.91935684,1.5,2.86,838.0,5769.0,0.98,0.98,915.212
Kepler-1165 b,Kepler-1165,Transit,2016,9.478522,1.55,3.02,946.0,6080.0,1.18,1.13,1575.2
Kepler-1587 b,Kepler-1587,Transit,2016,9.4060467,1.33,2.33,981.0,5933.0,1.22,1.08,1026.48
Kepler-579 b,Kepler-579,Transit,2016,9.66857723,2.0,4.66,730.0,5636.0,0.96,0.99,530.765
Kepler-1619 b,Kepler-1619,Transit,2016,23.6225913,0.76,0.363,797.0,5852.0,1.0,1.0,734.85
Kepler-132 e,Kepler-132,Transit,2016,110.2869374,1.18,1.76,414.0,6023.0,1.1,1.03,349.549
Kepler-1471 b,Kepler-1471,Transit,2016,3.63899398,1.41,2.57,1238.0,5660.0,0.93,0.95,978.678
Kepler-1554 b,Kepler-1554,Transit,2016,198.088774,2.9,8.75,288.0,5297.0,0.81,0.84,946.847
Kepler-541 b,Kepler-541,Transit,2016,5.08005848,3.36,11.2,1673.0,6166.0,2.06,1.41,1060.68
Kepler-1589 b,Kepler-1589,Transit,2016,0.991665274,1.09,1.32,2102.0,6166.0,1.25,1.18,1513.14
Kepler-686 b,Kepler-686,Transit,2016,1.594745463,12.15,,1539.0,5649.0,0.92,0.94,1490.94
Kepler-1473 b,Kepler-1473,Transit,2016,14.4273551,1.19,1.81,783.0,6046.0,1.09,1.09,652.253
Kepler-1472 b,Kepler-1472,Transit,2016,38.1312831,1.9,4.27,613.0,6159.0,1.25,1.16,1479.14
Kepler-1474 b,Kepler-1474,Transit,2016,36.4333452,2.16,5.31,561.0,5870.0,1.04,1.04,1180.9
Kepler-1556 b,Kepler-1556,Transit,2016,8.82713457,1.96,4.5,797.0,5608.0,0.95,0.97,944.54
Kepler-542 b,Kepler-542,Transit,2016,13.14497566,1.57,3.09,698.0,5526.0,0.9,0.93,436.016
Kepler-1592 b,Kepler-1592,Transit,2016,3.05710069,1.54,2.99,1202.0,6213.0,1.28,1.18,1639.47
Kepler-1623 b,Kepler-1623,Transit,2016,4.36128348,1.31,2.27,1000.0,5772.0,1.0,1.0,837.481
Kepler-1622 b,Kepler-1622,Transit,2016,10.8118737,1.47,2.76,922.0,6436.0,1.5,1.31,796.477
Kepler-631 b,Kepler-631,Transit,2016,17.97979059,2.9,8.75,828.0,6185.0,1.33,1.24,761.966
Kepler-1477 b,Kepler-1477,Transit,2016,11.55530021,1.18,1.76,674.0,5100.0,0.78,0.81,680.828
Kepler-1478 b,Kepler-1478,Transit,2016,26.0840594,1.73,3.64,598.0,5904.0,1.06,1.04,1845.58
Kepler-1558 b,Kepler-1558,Transit,2016,3.50470358,0.68,0.244,1019.0,5101.0,0.79,0.83,325.737
Kepler-1557 b,Kepler-1557,Transit,2016,3.74032496,1.53,2.96,1287.0,6099.0,1.17,1.11,1380.16
Kepler-544 b,Kepler-544,Transit,2016,21.41616926,2.12,5.14,748.0,6206.0,1.22,1.16,963.18
Kepler-1442 b,Kepler-1442,Transit,2016,81.4162941,3.93,14.7,522.0,6394.0,1.44,1.34,608.68
Kepler-1435 b,Kepler-1435,Transit,2016,4.45343281,0.86,0.566,1331.0,6356.0,1.32,1.21,704.211
Kepler-1559 b,Kepler-1559,Transit,2016,0.971915428,0.72,0.299,1609.0,5316.0,0.82,0.86,614.827
Kepler-1596 b,Kepler-1596,Transit,2016,66.373379,1.9,4.27,471.0,5706.0,0.92,0.95,2146.23
Kepler-403 d,Kepler-403,Transit,2016,13.61159129,1.42,2.6,958.0,6209.0,1.45,1.25,840.269
Kepler-1443 b,Kepler-1443,Transit,2016,2.41811321,0.97,0.871,1602.0,6289.0,1.27,1.19,593.646
Kepler-1438 b,Kepler-1438,Transit,2016,2.31942009,0.94,0.779,1490.0,5530.0,0.96,0.97,1154.13
Kepler-1562 b,Kepler-1562,Transit,2016,64.2737752,3.55,12.3,554.0,5760.0,1.05,1.02,2060.72
Kepler-1561 b,Kepler-1561,Transit,2016,1.005207007,1.09,1.32,1682.0,5957.0,1.11,1.07,839.076
Kepler-1598 b,Kepler-1598,Transit,2016,4.34195123,0.95,0.809,1236.0,5940.0,1.09,1.07,619.862
Kepler-1445 b,Kepler-1445,Transit,2016,10.60052251,0.96,0.84,987.0,6150.0,1.26,1.13,506.357
Kepler-511 b,Kepler-511,Transit,2016,296.637865,6.35,33.1,332.0,5770.0,1.2,1.0,651.999
Kepler-1564 b,Kepler-1564,Transit,2016,18.0540381,1.47,2.76,635.0,5528.0,0.9,0.93,908.805
Kepler-1563 b,Kepler-1563,Transit,2016,3.43276598,0.75,0.347,1134.0,5765.0,0.99,1.0,616.697
Kepler-1565 b,Kepler-1565,Transit,2016,1.538188437,1.19,1.81,1234.0,4940.0,0.73,0.76,629.93
Kepler-1602 b,Kepler-1602,Transit,2016,11.17931605,1.34,2.36,1159.0,6296.0,1.36,1.22,629.804
Kepler-1448 b,Kepler-1448,Transit,2016,12.27065865,1.61,3.22,811.0,5774.0,0.93,0.95,768.903
Kepler-1449 b,Kepler-1449,Transit,2016,13.2274528,1.68,3.46,867.0,5979.0,1.1,1.08,2006.48
Kepler-1566 b,Kepler-1566,Transit,2016,0.539915238,0.79,0.418,1871.0,5254.0,0.81,0.84,466.586
Kepler-1567 b,Kepler-1567,Transit,2016,153.979578,2.73,7.9,330.0,5655.0,0.93,0.95,1206.11
Kepler-597 b,Kepler-597,Transit,2016,13.02365861,2.37,6.21,743.0,5683.0,0.95,0.97,663.418
Kepler-1603 b,Kepler-1603,Transit,2016,2.27163926,1.29,2.21,1522.0,6241.0,1.31,1.21,2712.58
Kepler-1450 b,Kepler-1450,Transit,2016,54.5094166,1.71,3.57,308.0,4524.0,0.68,0.71,505.829
Kepler-1451 b,Kepler-1451,Transit,2016,35.622233,3.35,11.2,523.0,5782.0,0.99,1.0,1058.72
Kepler-603 d,Kepler-603,Transit,2016,6.2171292,1.32,2.3,1098.0,5808.0,1.01,1.01,1539.63
Kepler-605 c,Kepler-605,Transit,2016,2.358951515,0.86,0.566,1278.0,5462.0,0.88,0.91,556.58
Kepler-1568 b,Kepler-1568,Transit,2016,20.925392,1.3,2.24,729.0,5956.0,1.19,1.09,916.313
Kepler-1606 b,Kepler-1606,Transit,2016,196.435224,2.07,4.94,324.0,5422.0,0.86,0.9,831.287
Kepler-1452 b,Kepler-1452,Transit,2016,42.913751,2.7,7.75,810.0,6101.0,2.06,1.41,996.32
Kepler-1571 b,Kepler-1571,Transit,2016,3.38555488,1.52,2.92,1476.0,6297.0,1.39,1.23,675.303
Kepler-1570 b,Kepler-1570,Transit,2016,26.548955,1.07,1.24,836.0,5550.0,0.89,0.92,918.995
Kepler-1572 b,Kepler-1572,Transit,2016,5.49548621,0.94,0.779,1293.0,5618.0,0.95,0.97,946.602
Kepler-1607 b,Kepler-1607,Transit,2016,13.6473676,0.92,0.721,913.0,6116.0,1.21,1.14,1286.1
Kepler-1609 b,Kepler-1609,Transit,2016,114.34219,2.22,5.56,429.0,6132.0,1.27,1.18,1826.04
Kepler-1457 b,Kepler-1457,Transit,2016,51.1110243,1.99,4.62,478.0,5866.0,1.01,1.01,889.885
Kepler-1458 b,Kepler-1458,Transit,2016,47.9872764,2.76,8.05,493.0,5653.0,0.94,0.96,544.45
Kepler-217 d,Kepler-217,Transit,2016,3.88689525,1.32,2.3,1574.0,6341.0,1.76,1.37,1104.64
Kepler-625 c,Kepler-625,Transit,2016,4.1653651,1.05,1.16,1048.0,5789.0,0.96,1.04,760.708
Kepler-653 c,Kepler-653,Transit,2016,0.900376476,0.78,0.399,2078.0,5665.0,1.19,1.02,595.634
Kepler-1575 b,Kepler-1575,Transit,2016,2.55314213,1.31,2.27,1312.0,5667.0,0.92,0.95,1246.92
Kepler-578 b,Kepler-578,Transit,2016,1.616883696,2.0,4.66,1774.0,5334.0,0.83,0.87,541.432
Kepler-1461 b,Kepler-1461,Transit,2016,29.3494775,2.03,4.78,451.0,4919.0,0.74,0.79,679.106
Kepler-1541 b,Kepler-1541,Transit,2016,8.40691199,1.16,1.65,1048.0,5282.0,0.81,0.86,416.692
Kepler-1576 b,Kepler-1576,Transit,2016,6.98471973,1.04,1.12,1059.0,5876.0,1.06,1.05,460.91
Kepler-603 b,Kepler-603,Transit,2016,21.05358596,2.65,7.51,731.0,5808.0,1.01,1.01,1539.63
Kepler-640 b,Kepler-640,Transit,2016,22.24813967,2.56,7.08,609.0,5653.0,0.94,1.01,557.787
Kepler-722 b,Kepler-722,Transit,2016,4.093573252,2.63,7.41,1182.0,5863.0,1.05,1.03,1239.5
Kepler-634 b,Kepler-634,Transit,2016,5.16950177,1.89,4.23,1309.0,6075.0,1.24,1.03,888.027
Kepler-701 b,Kepler-701,Transit,2016,10.35533177,2.84,8.45,777.0,5343.0,0.84,0.88,774.152
Kepler-709 b,Kepler-709,Transit,2016,16.08524954,2.92,8.85,613.0,5071.0,0.77,0.8,664.843
Kepler-1625 b,Kepler-1625,Transit,2016,287.378949,6.06,30.6,350.0,5677.0,0.94,0.96,2310.11
Kepler-1501 b,Kepler-1501,Transit,2016,14.5564533,1.56,3.05,787.0,6229.0,1.3,1.2,749.06
Kepler-1500 b,Kepler-1500,Transit,2016,15.0330105,1.2,1.87,928.0,5845.0,1.0,1.0,1217.82
Kepler-1522 b,Kepler-1522,Transit,2016,1.847889171,1.73,3.64,1374.0,5706.0,0.93,0.96,814.125
Kepler-702 b,Kepler-702,Transit,2016,10.526294063,9.17,61.8,713.0,5419.0,0.86,0.9,992.071
Kepler-641 b,Kepler-641,Transit,2016,9.48961571,1.85,4.08,926.0,5713.0,1.13,1.02,969.918
Kepler-1626 b,Kepler-1626,Transit,2016,4.13962966,2.02,4.74,1352.0,6826.0,1.85,1.51,1368.83
Kepler-609 b,Kepler-609,Transit,2016,6.521210666,3.35,11.2,932.0,5971.0,1.14,1.09,1065.82
Kepler-724 b,Kepler-724,Transit,2016,3.314946338,3.29,10.8,1155.0,5437.0,0.86,0.9,853.119
Kepler-1504 b,Kepler-1504,Transit,2016,82.304003,2.13,5.18,485.0,5393.0,0.81,0.85,2435.94
Kepler-1505 b,Kepler-1505,Transit,2016,30.8609366,0.93,0.749,525.0,5686.0,0.86,0.93,495.148
Kepler-1524 b,Kepler-1524,Transit,2016,70.9674603,3.54,12.3,438.0,6179.0,1.25,1.17,381.773
Kepler-495 b,Kepler-495,Transit,2016,3.413036221,5.23,23.8,1200.0,5346.0,0.83,0.86,658.924
Kepler-710 b,Kepler-710,Transit,2016,4.347285527,1.88,4.19,1174.0,5611.0,0.91,0.94,1448.34
Kepler-540 b,Kepler-540,Transit,2016,172.7049784,2.71,7.8,355.0,5946.0,1.08,1.02,390.374
Kepler-1644 b,Kepler-1644,Transit,2016,21.0907758,1.88,4.19,606.0,5499.0,0.86,0.89,629.27
Kepler-1507 b,Kepler-1507,Transit,2016,16.0506213,0.84,0.52,630.0,5410.0,0.85,0.89,320.478
Kepler-1506 b,Kepler-1506,Transit,2016,14.0329154,1.32,2.3,783.0,5676.0,0.93,0.95,2366.02
Kepler-1086 c,Kepler-1086,Transit,2016,161.5163345,2.94,8.96,211.0,4350.0,0.66,0.7,466.084
Kepler-604 b,Kepler-604,Transit,2016,25.85501786,2.59,7.22,637.0,5890.0,1.03,1.02,1026.49
Kepler-1627 b,Kepler-1627,Transit,2016,7.20283653,3.69,13.2,794.0,5445.0,0.84,0.87,317.437
Kepler-1510 b,Kepler-1510,Transit,2016,84.703921,3.36,11.2,537.0,6200.0,1.28,1.19,1696.25
Kepler-1511 b,Kepler-1511,Transit,2016,23.2382792,1.68,3.46,903.0,6064.0,1.29,1.17,1475.6
Kepler-1526 b,Kepler-1526,Transit,2016,3.908632005,2.43,6.48,787.0,4601.0,0.69,0.73,555.574
Kepler-643 b,Kepler-643,Transit,2016,16.33889626,10.16,321.0083,963.0,4908.0,2.52,1.0,1063.58
Kepler-642 b,Kepler-642,Transit,2016,4.41745855,2.9,8.75,1810.0,6570.0,1.66,1.4,781.582
Kepler-711 b,Kepler-711,Transit,2016,23.58914398,3.41,11.5,487.0,5222.0,0.8,0.84,624.575
Kepler-726 b,Kepler-726,Transit,2016,21.80451088,3.26,10.7,543.0,5452.0,0.85,0.88,762.081
Kepler-401 d,Kepler-401,Transit,2016,184.256405,2.27,5.77,380.0,6184.0,1.29,1.17,965.56
Kepler-1512 b,Kepler-1512,Transit,2016,20.35972599,1.18,1.76,322.0,4372.0,0.67,0.73,162.0
Kepler-1528 b,Kepler-1528,Transit,2016,1.791110205,1.46,2.73,1549.0,5857.0,1.03,1.03,817.534
Kepler-1529 b,Kepler-1529,Transit,2016,5.33905686,2.1,5.06,817.0,5048.0,0.77,0.81,661.014
Kepler-1388 d,Kepler-1388,Transit,2016,20.9568158,2.86,8.55,363.0,4098.0,0.61,0.63,453.795
Kepler-622 b,Kepler-622,Transit,2016,14.28226676,2.13,5.18,446.0,4201.0,0.61,0.64,284.761
Kepler-1530 b,Kepler-1530,Transit,2016,2.5904434,1.64,3.33,1484.0,5477.0,0.88,0.92,489.876
Kepler-1530 c,Kepler-1530,Transit,2016,5.3227406,1.65,3.36,1167.0,5477.0,0.88,0.92,489.876
Kepler-1632 b,Kepler-1632,Transit,2016,448.303558,2.47,6.66,369.0,6137.0,1.19,1.12,716.76
Kepler-1631 b,Kepler-1631,Transit,2016,4.09513932,1.35,2.39,1122.0,5679.0,0.95,0.97,1305.99
Kepler-1534 b,Kepler-1534,Transit,2016,5.71668872,1.89,4.23,955.0,5442.0,0.86,0.9,1107.0
Kepler-1531 b,Kepler-1531,Transit,2016,1.138543376,1.11,1.41,2537.0,6260.0,1.27,1.16,666.334
Kepler-1093 c,Kepler-1093,Transit,2016,89.722292,1.96,4.5,508.0,6166.0,1.2,1.13,1072.88
Kepler-714 b,Kepler-714,Transit,2016,8.098887986,9.67,67.6,986.0,5995.0,1.12,1.09,2083.37
Kepler-1633 b,Kepler-1633,Transit,2016,186.404271,1.58,3.12,925.0,6256.0,1.32,1.2,1114.91
Kepler-713 b,Kepler-713,Transit,2016,7.411141,2.48,6.71,905.0,5785.0,0.99,0.98,1089.87
Kepler-1480 b,Kepler-1480,Transit,2016,22.12679948,1.67,3.43,721.0,5156.0,0.81,0.85,500.892
Kepler-1479 b,Kepler-1479,Transit,2016,14.53261362,1.83,4.01,746.0,5796.0,0.98,0.99,728.668
Kepler-1481 b,Kepler-1481,Transit,2016,5.94220998,1.23,2.04,797.0,4908.0,0.75,0.8,459.076
Kepler-990 c,Kepler-990,Transit,2016,0.538354308,1.53,2.96,2386.0,5948.0,1.08,1.05,802.163
Kepler-969 c,Kepler-969,Transit,2016,1.682934604,0.99,0.937,1270.0,5214.0,0.82,0.92,390.354
Kepler-489 b,Kepler-489,Transit,2016,17.276296119,7.72,46.1,538.0,5014.0,0.76,0.82,369.645
Kepler-1532 b,Kepler-1532,Transit,2016,1.093663559,1.35,2.39,1681.0,5559.0,0.88,0.91,798.246
Kepler-605 b,Kepler-605,Transit,2016,3.383538066,1.44,2.67,1133.0,5462.0,0.88,0.91,556.58
Kepler-1635 b,Kepler-1635,Transit,2016,469.63111,3.64,12.9,200.0,5347.0,0.85,0.89,1069.45
Kepler-1483 b,Kepler-1483,Transit,2016,9.5085156,1.52,2.92,1131.0,6337.0,1.4,1.25,1273.78
Kepler-545 b,Kepler-545,Transit,2016,13.24934059,2.69,7.7,806.0,5882.0,1.07,1.04,818.001
Kepler-636 b,Kepler-636,Transit,2016,16.080661147,4.45,18.1,614.0,5203.0,0.8,0.85,310.301
Kepler-1016 c,Kepler-1016,Transit,2016,105.6551369,3.68,13.1,407.0,5821.0,1.0,0.99,1402.82
Kepler-1535 b,Kepler-1535,Transit,2016,138.9442,2.55,7.04,384.0,6021.0,1.11,1.08,897.733
Kepler-600 b,Kepler-600,Transit,2016,23.67517607,2.9,8.75,528.0,5279.0,0.81,0.84,619.723
Kepler-717 b,Kepler-717,Transit,2016,4.40840023,2.42,6.44,1139.0,5485.0,0.85,0.88,2805.48
Kepler-1485 b,Kepler-1485,Transit,2016,19.9157725,1.47,2.76,728.0,6087.0,1.12,1.11,615.66
Kepler-1484 b,Kepler-1484,Transit,2016,30.4549136,2.11,5.1,624.0,5730.0,0.92,0.94,2879.83
Kepler-1486 b,Kepler-1486,Transit,2016,54.6495759,2.32,5.99,538.0,5965.0,1.12,1.08,1769.14
Kepler-342 e,Kepler-342,Transit,2016,1.644224613,0.88,0.615,1897.0,6366.0,1.34,1.26,781.611
Kepler-582 b,Kepler-582,Transit,2016,18.49235668,3.68,13.1,603.0,5564.0,0.91,0.93,613.179
Kepler-1129 c,Kepler-1129,Transit,2016,76.5369586,2.73,7.9,503.0,5831.0,1.0,1.0,1183.88
Kepler-1538 b,Kepler-1538,Transit,2016,175.138819,2.82,8.35,346.0,5837.0,1.03,1.03,1125.3
Kepler-644 b,Kepler-644,Transit,2016,3.173917103,3.15,10.1,1655.0,6747.0,1.81,1.49,1318.05
Kepler-1487 b,Kepler-1487,Transit,2016,7.31946363,2.13,5.18,1682.0,6541.0,1.63,1.38,1014.62
Kepler-581 b,Kepler-581,Transit,2016,40.6069821,2.63,7.41,521.0,5772.0,1.0,1.0,703.758
Kepler-1516 b,Kepler-1516,Transit,2016,7.25931979,1.75,3.71,967.0,5904.0,1.07,1.04,1358.95
Kepler-1047 c,Kepler-1047,Transit,2016,3.18897601,0.99,0.937,1309.0,5754.0,1.13,1.08,817.647
Kepler-1409 b,Kepler-1409,Transit,2016,0.764864926,1.04,1.12,1733.0,5160.0,0.79,0.83,694.89
Kepler-585 b,Kepler-585,Transit,2016,2.752359753,2.83,8.4,1178.0,5593.0,0.93,0.96,585.187
Kepler-1488 b,Kepler-1488,Transit,2016,39.8189932,1.86,4.12,650.0,5820.0,1.31,1.05,905.825
Kepler-697 b,Kepler-697,Transit,2016,3.709870645,4.13,16.0,1151.0,5513.0,0.88,0.92,1277.33
Kepler-1425 b,Kepler-1425,Transit,2016,14.4541302,0.94,0.779,676.0,5718.0,0.95,0.97,863.873
Kepler-1350 c,Kepler-1350,Transit,2016,1.766789062,1.73,3.64,730.0,3827.0,0.53,0.55,340.691
Kepler-719 b,Kepler-719,Transit,2016,5.007317779,8.52,54.5,998.0,5777.0,0.98,0.99,2497.51
Kepler-1491 b,Kepler-1491,Transit,2016,16.5861762,1.51,2.89,821.0,5728.0,0.99,1.0,2065.59
Kepler-1492 b,Kepler-1492,Transit,2016,16.75255007,1.49,2.83,801.0,4712.0,0.72,0.77,331.553
Kepler-698 b,Kepler-698,Transit,2016,16.32976218,3.68,13.1,727.0,5612.0,0.91,0.94,1995.57
Kepler-1454 b,Kepler-1454,Transit,2016,47.0319479,1.88,4.19,492.0,5448.0,0.86,0.9,780.566
Kepler-460 c,KIC 5437945,Transit,2016,220.1303357,5.52,26.1,389.0,6146.0,1.26,1.17,1274.01
Kepler-720 b,Kepler-720,Transit,2016,4.708326542,8.41,53.4,1162.0,5618.0,0.92,0.95,1065.37
Kepler-547 b,Kepler-547,Transit,2016,6.010384289,4.0,15.1,768.0,4828.0,0.73,0.78,378.972
Kepler-1494 b,Kepler-1494,Transit,2016,91.080482,3.07,9.64,415.0,5659.0,0.94,0.96,1285.48
Kepler-1520 b,Kepler-1520,Transit,2016,0.653553572,5.77,28.1,1437.0,4677.0,0.71,0.76,607.917
Kepler-1065 c,Kepler-1065,Transit,2016,2.37030743,1.6,3.19,1256.0,5635.0,0.93,0.94,1122.48
Kepler-707 b,Kepler-707,Transit,2016,2.237492751,1.33,2.33,1160.0,5099.0,0.76,0.8,591.776
Kepler-602 b,Kepler-602,Transit,2016,15.28469497,2.09,5.02,852.0,6062.0,1.13,1.08,1159.31
Kepler-606 b,Kepler-606,Transit,2016,24.31575992,3.31,11.0,683.0,6161.0,1.22,1.13,1215.11
Kepler-721 b,Kepler-721,Transit,2016,5.392025388,2.64,7.46,850.0,5075.0,0.78,0.82,926.598
Kepler-937 c,Kepler-937,Transit,2016,153.343364,2.67,7.61,377.0,6095.0,1.22,1.15,1571.46
Kepler-638 b,Kepler-638,Transit,2016,6.07972888,1.83,4.01,1111.0,5382.0,0.93,0.88,991.214
Kepler-1073 c,Kepler-1073,Transit,2016,4.02582254,1.64,3.33,1169.0,5792.0,1.0,1.0,809.897
MOA-2010-BLG-353L b,MOA-2010-BLG-353L,Microlensing,2015,,11.1,86.0,,,,0.18,6430.0
HATS-30 b,HATS-30,Transit,2016,3.1743516,13.170575,224.38798,1414.0,5943.0,1.061,1.093,342.14
K2-84 c,K2-84,Transit,2016,27.86,2.03,4.78,625.08,5652.0,0.93,0.95,284.876
K2-88 b,K2-88,Transit,2016,4.6122,1.23,2.04,464.6,3537.0,0.256,0.258,110.561
Kepler-615 b,Kepler-615,Transit,2016,10.35584657,1.74,3.68,620.0,4655.0,0.69,0.73,330.0
Kepler-506 b,Kepler-506,Transit,2016,6.8834055,2.73,7.9,1080.0,6236.0,1.19,1.19,228.439
Kepler-668 b,Kepler-668,Transit,2016,8.35390639,2.7,7.75,790.0,5352.0,0.82,0.87,784.618
Kepler-669 b,Kepler-669,Transit,2016,4.125546869,4.83,20.8,1243.0,6038.0,1.2,1.15,2063.41
HATS-15 b,HATS-15,Transit,2016,1.74748753,12.385945,689.6911,1505.0,5311.0,0.922,0.871,1139.55
HATS-16 b,HATS-16,Transit,2016,2.686502,14.5717,1039.3041,1592.0,5738.0,1.238,0.97,757.044
K2-89 b,K2-89,Transit,2016,1.096026,0.615,0.17,830.07,3691.0,0.318,0.347,86.0386
K2-91 b,K2-91,Transit,2016,1.419549,1.1,1.37,726.81,3622.0,0.284,0.292,62.5785
Kepler-737 b,Kepler-737,Transit,2016,28.59915399,1.96,4.5,298.0,3813.0,0.48,0.51,205.118
Kepler-670 b,Kepler-670,Transit,2016,2.816504852,13.18,,1219.0,5709.0,0.99,0.99,939.744
Kepler-671 b,Kepler-671,Transit,2016,4.280958588,2.69,7.7,1012.0,5624.0,0.95,0.97,1168.26
K2-5 c,K2-5,Transit,2015,10.93241,2.26,5.73,456.0,3930.0,0.57,0.61,202.943
K2-5 b,K2-5,Transit,2015,5.73594,1.91,4.31,565.0,3930.0,0.57,0.61,202.943
Kepler-223 c,Kepler-223,Transit,2014,9.84564,3.44,5.1,947.0,5803.0,1.72,1.125,1859.71
WASP-98 b,WASP-98,Transit,2014,2.96264036,12.823096,293.03926,1171.0,5473.0,0.741,0.809,281.742
Kepler-223 b,Kepler-223,Transit,2014,7.38449,2.99,7.4,1042.0,5803.0,1.72,1.125,1859.71
Kepler-672 b,Kepler-672,Transit,2016,38.3774623,2.5,6.8,529.0,5627.0,0.92,0.95,1033.93
Kepler-571 b,Kepler-571,Transit,2016,4.798599388,2.64,7.46,978.0,5527.0,0.9,0.93,723.875
K2-16 b,K2-16,Transit,2015,7.6188,2.02,4.74,658.0,4742.0,0.66,0.68,334.967
K2-16 c,K2-16,Transit,2015,19.07863,2.54,6.99,485.0,4742.0,0.66,0.68,334.967
K2-8 c,K2-8,Transit,2016,5.06416,2.41,6.39,801.0,4870.0,0.74,0.78,403.513
Kepler-223 d,Kepler-223,Transit,2014,14.78869,5.24,8.0,827.0,5803.0,1.72,1.125,1859.71
Kepler-653 b,Kepler-653,Transit,2016,14.70748976,1.95,4.46,819.0,5665.0,1.19,1.02,595.634
Kepler-742 b,Kepler-742,Transit,2016,8.360868238,3.24,10.6,690.0,4642.0,0.71,0.76,489.253
Kepler-673 b,Kepler-673,Transit,2016,3.728731093,6.54,34.8,1023.0,5355.0,0.84,0.88,918.21
Kepler-154 d,Kepler-154,Transit,2016,20.54981883,3.84,14.1,657.0,5769.0,0.98,0.98,915.212
HD 87646 b,HD 87646,Radial Velocity,2016,13.481,12.4,3941.092,1012.7,5770.0,1.55,1.12,73.58352
Kepler-80 e,Kepler-80,Transit,2014,4.64489,1.6,4.13,629.0,4540.0,0.678,0.73,369.451
Kepler-654 b,Kepler-654,Transit,2016,13.72465129,2.07,4.94,831.0,5865.0,1.11,1.04,974.124
Kepler-148 d,Kepler-148,Transit,2016,51.84688575,8.68,56.3,413.0,5172.0,0.81,0.86,791.163
Kepler-676 b,Kepler-676,Transit,2016,11.59822172,3.04,9.48,396.0,3701.0,0.49,0.51,295.196
OGLE-2012-BLG-0026L b,OGLE-2012-BLG-0026L,Microlensing,2012,,7.72,46.1,,,,1.06,4019.0
WASP-85 A b,WASP-85 A,Transit,2016,2.6556777,13.89916,402.05495,1452.0,6112.0,0.935,1.09,141.887
Kepler-80 f,Kepler-80,Transit,2016,0.9867873,1.21,4459.73,1054.0,4540.0,0.678,0.73,369.451
Kepler-656 b,Kepler-656,Transit,2016,1.260259094,3.12,9.91,1569.0,5281.0,0.82,0.86,890.352
Kepler-655 b,Kepler-655,Transit,2016,46.4063358,2.71,7.8,588.0,6170.0,1.24,1.15,752.562
Kepler-678 b,Kepler-678,Transit,2016,7.27503724,5.14,23.1,833.0,5520.0,0.91,0.94,1826.15
Kepler-572 b,Kepler-572,Transit,2016,17.20523483,2.58,7.18,553.0,5212.0,0.79,0.83,504.667
WASP-114 b,WASP-114,Transit,2016,1.5487743,15.008851,562.24127,2043.0,5940.0,1.43,1.289,523.337
WASP-113 b,WASP-113,Transit,2016,4.54216874538,15.793481,150.96925,1496.0,5890.0,1.608,1.318,435.156
HD 59686 A b,HD 59686 A,Radial Velocity,2016,299.36,12.7,2199.3836,783.08,4658.0,13.2,1.9,89.2721
Kepler-679 b,Kepler-679,Transit,2016,12.39358604,3.01,9.32,677.0,5403.0,0.84,0.87,922.244
Kepler-680 b,Kepler-680,Transit,2016,3.689926291,2.42,6.44,1147.0,5890.0,1.11,1.08,1492.48
K2-47 b,K2-47,Transit,2016,31.6372,1.89,4.23,503.72,5054.0,0.76,0.75,349.881
K2-48 b,K2-48,Transit,2016,20.5065,2.24,5.65,550.56,4899.0,0.73,0.77,313.764
Kepler-617 b,Kepler-617,Transit,2016,1.682696148,1.32,2.3,750.0,3712.0,0.48,0.51,173.354
Kepler-588 b,Kepler-588,Transit,2016,4.221625357,2.63,7.41,1176.0,5835.0,1.0,1.01,1209.4
Kepler-573 b,Kepler-573,Transit,2016,22.18329658,2.79,8.2,646.0,5746.0,1.02,0.99,771.471
Kepler-681 b,Kepler-681,Transit,2016,26.39435646,3.08,9.69,489.0,5021.0,0.76,0.8,686.923
K2-49 b,K2-49,Transit,2016,2.77065,1.93,4.38,768.28,4175.0,0.45,0.51,457.125
K2-58 b,K2-58,Transit,2016,7.05254,2.68,7.65,920.17,5413.0,0.86,0.89,181.746
Kepler-1600 b,Kepler-1600,Transit,2016,386.370548,3.13,9.96,209.0,5214.0,0.82,0.86,1030.81
Kepler-727 b,Kepler-727,Transit,2016,5.154484417,2.53,6.94,964.0,5441.0,0.86,0.89,831.842
Kepler-589 b,Kepler-589,Transit,2016,16.54964934,2.27,5.77,656.0,5296.0,0.83,0.88,612.803
Kepler-660 b,Kepler-660,Transit,2016,9.27358194,2.57,7.13,649.0,4779.0,0.71,0.75,568.431
K2-58 c,K2-58,Transit,2016,2.53726,1.62,3.26,1293.86,5413.0,0.86,0.89,181.746
K2-58 d,K2-58,Transit,2016,22.8827,1.71,3.57,621.48,5413.0,0.86,0.89,181.746
Kepler-560 b,Kepler-560,Transit,2016,18.47764449,1.72,3.61,298.0,3556.0,0.33,0.34,109.308
Kepler-550 b,Kepler-550,Transit,2016,8.600104109,4.42,17.9,760.0,5322.0,0.83,0.87,531.944
Kepler-496 b,Kepler-496,Transit,2016,8.30864937,2.32,5.99,747.0,5293.0,0.82,0.86,605.274
KELT-10 b,KELT-10,Transit,2016,4.1662739,15.681391,215.80657,1377.0,5948.0,1.209,1.112,188.404
Kepler-712 c,Kepler-712,Transit,2016,226.89047,4.85,21.0,236.0,5148.0,0.78,0.84,872.493
K2-59 c,K2-59,Transit,2016,11.2954,2.3,5.9,692.77,5055.0,0.731,0.774,311.313
K2-59 b,K2-59,Transit,2016,20.6921,2.41,6.39,566.37,5055.0,0.731,0.774,311.313
Kepler-650 b,Kepler-650,Transit,2016,3.032145588,2.96,9.06,1507.0,5849.0,1.35,1.08,884.378
Kepler-728 b,Kepler-728,Transit,2016,5.743477265,3.34,11.1,982.0,5660.0,0.93,0.95,1765.23
Kepler-663 b,Kepler-663,Transit,2016,4.99678284,2.6,7.27,917.0,5264.0,0.82,0.86,1063.09
Kepler-1629 b,Kepler-1629,Transit,2016,3.87595807,0.77,0.381,1081.0,5776.0,1.01,1.01,336.09
K2-64 b,K2-64,Transit,2016,6.53044,2.07,4.94,877.23,5312.0,0.726,0.741,499.891
K2-63 b,K2-63,Transit,2016,20.257,3.22,10.5,1033.44,6771.0,1.63,1.4,517.534
Kepler-729 b,Kepler-729,Transit,2016,3.166353714,3.58,12.5,1273.0,5633.0,0.91,0.94,1921.15
Kepler-487 b,Kepler-487,Transit,2016,15.358768403,11.42,,662.0,5444.0,0.88,0.91,872.343
Kepler-618 b,Kepler-618,Transit,2016,3.595769645,2.6,7.27,1296.0,5860.0,1.08,1.05,1221.96
WASP-129 b,WASP-129,Transit,2016,5.748145,10.42437,317.83,1100.0,5900.0,0.9,1.0,301.462
WASP-133 b,WASP-133,Transit,2016,2.176423,13.56289,368.6828,1790.0,5700.0,1.44,1.16,559.084
K2-69 b,K2-69,Transit,2016,7.06599,2.32,5.99,573.61,4127.0,0.491,0.551,180.697
K2-68 b,K2-68,Transit,2016,8.05428,1.58,3.12,706.64,4746.0,0.675,0.73,168.652
Kepler-590 b,Kepler-590,Transit,2016,5.85296257,4.02,15.2,1056.0,6000.0,1.15,1.1,1421.81
Kepler-664 b,Kepler-664,Transit,2016,2.525593315,2.66,7.56,1406.0,5754.0,1.02,1.01,1210.12
MOA-2013-BLG-605L b,MOA-2013-BLG-605L,Microlensing,2016,,1.62,3.24,,,,0.024,850.0
K2-75 b,K2-75,Transit,2016,7.8142,2.67,7.61,1268.65,5995.0,1.56,1.16,561.93
K2-71 b,K2-71,Transit,2016,6.98541,2.15,5.27,533.27,4006.0,0.426,0.477,153.192
Kepler-591 b,Kepler-591,Transit,2016,81.1694299,3.39,11.4,436.0,5677.0,0.94,0.97,785.137
HATS-25 b,HATS-25,Transit,2016,4.2986432,14.12334,194.82979,1277.0,5715.0,1.107,0.994,471.158
HATS-26 b,HATS-26,Transit,2016,3.3023881,19.61575,206.5895,1918.0,6071.0,2.04,1.299,861.843
K2-80 b,K2-80,Transit,2016,19.0918,2.01,4.7,666.05,5441.0,0.87,0.9,200.802
K2-75 c,K2-75,Transit,2016,18.311,2.77,8.1,955.14,5995.0,1.56,1.16,561.93
Kepler-736 b,Kepler-736,Transit,2016,3.60147201,2.93,8.91,996.0,5217.0,0.81,0.86,1005.43
Kepler-735 b,Kepler-735,Transit,2016,11.51516988,2.95,9.01,657.0,5107.0,0.8,0.85,695.059
Kepler-569 b,Kepler-569,Transit,2016,34.18890521,3.16,10.1,526.0,5616.0,0.93,0.95,638.301
Kepler-592 b,Kepler-592,Transit,2016,2.820192408,2.39,6.3,1367.0,5913.0,1.04,1.04,1153.13
HATS-27 b,HATS-27,Transit,2016,4.637038,16.8135,168.4499,1659.0,6438.0,1.74,1.415,816.988
K2-83 c,K2-83,Transit,2016,9.99767,1.483,2.8,459.75,3910.0,0.424,0.484,125.529
K2-84 b,K2-84,Transit,2016,6.4215,2.41,6.39,1019.22,5652.0,0.93,0.95,284.876
Kepler-562 b,Kepler-562,Transit,2016,18.009314436,5.21,23.7,658.0,5575.0,0.9,0.93,992.769
Kepler-651 b,Kepler-651,Transit,2016,21.38521506,2.37,6.21,574.0,5522.0,0.87,0.92,509.408
Kepler-593 b,Kepler-593,Transit,2016,21.21708973,2.87,8.6,706.0,5967.0,1.1,1.08,973.76
Kepler-570 b,Kepler-570,Transit,2016,4.301662003,2.45,6.57,1009.0,5496.0,0.9,0.93,568.148
MOA-2016-BLG-227L b,MOA-2016-BLG-227L,Microlensing,2017,,13.2,890.0,,,,0.29,6500.0
Kepler-1650 b,Kepler-1650,Transit,2017,1.53818001,0.96,0.84,602.0,3410.0,0.334,0.326,134.397
K2-178 b,K2-178,Transit,2018,8.747818,3.55790985,12.4,840.29,5525.0,0.887267,0.95109,214.753
K2-72 c,K2-72,Transit,2016,15.189034,1.16,1.65,333.81,3360.47,0.330989,0.271365,66.4321
WASP-53 b,WASP-53,Transit,2017,3.3098443,12.038466,677.61356,1053.0,4953.0,0.798,0.839,201.338
K2-60 b,K2-60,Transit,2016,3.00265,7.655747,135.39558,1400.0,5500.0,1.12,0.97,491.87
Kepler-1651 b,Kepler-1651,Transit,2017,9.87863917,1.84,4.04,393.0,3713.0,0.503,0.522,66.4074
BD+03 2562 b,BD+03 2562,Radial Velocity,2017,481.9,12.7,2034.112,985.04,4095.0,32.35,1.14,1070.63
K2-72 e,K2-72,Transit,2016,24.158868,1.29,2.21,286.34,3360.47,0.330989,0.271365,66.4321
K2-72 d,K2-72,Transit,2016,7.760178,1.01,1.01,416.92,3360.47,0.330989,0.271365,66.4321
K2-81 b,K2-81,Transit,2016,6.102325,1.97,4.54,739.23,4674.13,0.634663,0.745273,252.318
WASP-81 b,WASP-81,Transit,2017,2.7164762,16.017661,231.69807,1623.0,5870.0,1.283,1.08,398.505
HD 177565 b,HD 177565,Radial Velocity,2017,44.505,4.0,15.1,539.21,5627.0,0.971489,1.0,16.9179
MOA-2012-BLG-505L b,MOA-2012-BLG-505L,Microlensing,2017,,2.48,6.7,,,,0.1,7210.0
K2-201 c,K2-201,Transit,2018,22.779878,3.28568401,10.8,,5507.0,0.878161,0.956055,197.932
K2-201 b,K2-201,Transit,2018,1.05979,1.40006712,2.54,,5507.0,0.878161,0.956055,197.932
GJ 1148 b,GJ 1148,Radial Velocity,2010,41.38,11.9,96.7,232.94,3287.0,0.358519,0.344045,11.0143
HD 17674 b,HD 17674,Radial Velocity,2017,623.8,13.9,276.5121,259.52,5904.0,1.18,0.98,44.4264
HATS-22 b,HATS-22,Transit,2017,4.7228124,10.682177,870.8542,858.0,4803.0,0.689,0.759,229.518
TYC 4282-00605-1 b,TYC 4282-00605-1,Radial Velocity,2017,101.54,12.4,3426.2074,1285.1,4300.0,16.21,0.97,464.128
K2-206 b,K2-206,Transit,2018,18.294549,2.79522879,8.22,,5043.0,0.758046,0.789481,244.443
K2-207 b,K2-207,Transit,2018,12.48749,2.60585269,7.3,,5522.0,0.928158,0.941851,363.064
K2-132 b,K2-132,Transit,2017,9.1751,14.5717,155.7367,1586.0,4840.0,3.85,1.08,609.818
WASP-153 b,WASP-153,Transit,2017,3.332609,17.37395,123.9537,1700.0,5914.0,1.73,1.336,610.176
HATS-23 b,HATS-23,Transit,2017,2.1605156,20.84874,467.2101,1654.0,5780.0,1.199,1.121,639.004
HD 219134 b,HD 219134,Radial Velocity,2015,3.092926,1.602,4.74,1015.0,4699.0,0.778,0.81,6.53127
HD 40956 b,HD 40956,Radial Velocity,2017,578.6,13.2,858.141,580.56,4869.0,8.56,2.0,116.593
Ross 128 b,Ross 128,Radial Velocity,2017,9.8658,1.11,1.4,301.0,3192.0,0.1967,0.168,3.37454
K2-219 b,K2-219,Transit,2018,3.901287,1.34762583,2.38,,5753.0,1.189232,1.021545,325.4
OGLE-2013-BLG-1721L b,OGLE-2013-BLG-1721L,Microlensing,2017,,14.1,200.0,,,,0.46,6300.0
HD 34445 c,HD 34445,Radial Velocity,2017,214.67,8.42,53.5,390.12,5836.0,1.38,1.07,46.0907
HD 219134 d,HD 219134,Radial Velocity,2015,46.859,1.61,16.17,410.5,4699.0,0.778,0.81,6.53127
HD 219134 f,HD 219134,Radial Velocity,2015,22.717,1.31,7.3,522.6,4699.0,0.778,0.81,6.53127
OGLE-2016-BLG-1190L b,OGLE-2016-BLG-1190L,Microlensing,2017,1220.0,12.3,4253.0,,,,0.88,6770.0
HD 113996 b,HD 113996,Radial Velocity,2017,610.2,12.7,2002.329,798.69,4181.0,25.11,1.49,116.334
K2-213 b,K2-213,Transit,2018,8.13087,1.51398464,2.9,,5794.0,1.20424,1.069596,389.702
K2-215 b,K2-215,Transit,2018,8.269648,2.12381238,5.16,,5704.0,0.974398,0.999987,403.964
HD 34445 d,HD 34445,Radial Velocity,2017,117.87,6.07,30.7,476.32,5836.0,1.38,1.07,46.0907
HD 34445 g,HD 34445,Radial Velocity,2017,5700.0,13.6,120.6,131.09,5836.0,1.38,1.07,46.0907
Kepler-20 g,Kepler-20,Radial Velocity,2016,34.94,4.71,19.96,524.0,5495.0,0.9639,0.948,282.563
NGC 2682 Sand 978 b,NGC 2682 Sand 978,Radial Velocity,2017,511.21,13.3,692.8694,,4200.0,21.017414,1.37,821.918
Kepler-80 g,Kepler-80,Transit,2017,14.64558,1.13,0.065,418.0,4540.0,0.678,0.83,369.451
K2-217 b,K2-217,Transit,2018,14.074524,3.57854073,12.5,,5967.0,1.333718,1.102661,381.878
K2-218 b,K2-218,Transit,2018,8.679885,2.56948149,7.13,,5757.0,1.008231,1.047488,394.083
GJ 3293 c,GJ 3293,Radial Velocity,2015,122.6196,4.87,21.09,176.62,3466.0,0.404,0.42,20.1903
GJ 3293 b,GJ 3293,Radial Velocity,2015,30.5987,5.19,23.54,280.54,3466.0,0.404,0.42,20.1903
Wolf 1061 b,Wolf 1061,Radial Velocity,2015,4.8869,1.21,1.91,461.1,3342.0,0.307,0.294,4.30592
K2-80 d,K2-80,Transit,2018,28.867253,2.55211506,7.04,,5377.0,0.841458,0.913111,200.802
Kepler-1652 b,Kepler-1652,Transit,2017,38.09722,1.6,3.19,268.0,3638.0,0.382,0.404,252.0
Wolf 1061 c,Wolf 1061,Radial Velocity,2015,17.8719,1.66,3.41,299.3,3342.0,0.307,0.294,4.30592
PSR J2322-2650 b,PSR J2322-2650,Pulsar Timing,2017,0.322963997,13.9,252.643067,,,,1.4,230.0
HATS-50 b,HATS-50,Transit,2017,3.8297015,12.66617,123.9537,1275.39,5990.0,1.117,1.168,756.742
tau Cet f,tau Cet,Radial Velocity,2017,636.13,1.81,3.93,201.97,5310.0,0.83,0.783,3.60304
WASP-91 b,WASP-91,Transit,2017,2.798581,11.54527,425.8922,1160.0,4920.0,0.86,0.84,149.942
HD 9174 b,HD 9174,Radial Velocity,2016,1179.0,13.7,352.7913,234.3,5577.0,1.67,1.03,81.4893
HD 68402 b,HD 68402,Radial Velocity,2016,1103.0,12.6,2510.8444153,196.26,5950.0,1.02,1.12,78.4293
GJ 3138 b,GJ 3138,Radial Velocity,2017,1.22003,1.18,1.78,902.98,3717.0,0.5,0.681,28.4712
MOA-2012-BLG-006L b,MOA-2012-BLG-006L,Microlensing,2017,,12.6,2700.0,,,,0.49,5300.0
WASP-105 b,WASP-105,Transit,2017,7.87288,10.76064,572.094,900.0,5070.0,0.9,0.89,169.272
HD 147873 c,HD 147873,Radial Velocity,2016,491.54,13.3,731.009,373.68,5972.0,2.29,1.38,109.055
HD 128356 b,HD 128356,Radial Velocity,2016,298.2,13.9,282.8687,232.36,4875.0,0.85,0.65,26.1548
GJ 3138 d,GJ 3138,Radial Velocity,2017,257.8,3.23,10.5,151.7,3717.0,0.5,0.681,28.4712
TYC 3318-01333-1 b,TYC 3318-01333-1,Radial Velocity,2018,562.0,13.1,1086.9786,470.43,4776.0,5.9,1.19,490.61
GJ 625 b,GJ 625,Radial Velocity,2017,14.628,1.49,2.82,335.59,3499.0,0.31,0.3,6.47249
GJ 3323 c,GJ 3323,Radial Velocity,2017,40.54,1.32,2.31,147.8,3159.0,0.119,0.164,5.37484
BD+48 740 b,BD+48 740,Radial Velocity,2018,733.0,13.5,540.311,538.94,4534.0,10.33,1.09,666.589
K2-21 b,K2-21,Transit,2015,9.325038,1.84,4.04,500.0,4222.06,0.646783,0.676023,83.6448
K2-4 b,K2-4,Transit,2015,10.003417,2.1,5.06,563.0,4014.73,0.569359,0.635026,231.828
K2-21 c,K2-21,Transit,2015,15.50192,2.49,6.76,420.0,4222.06,0.646783,0.676023,83.6448
WASP-141 b,WASP-141,Transit,2016,3.310651,13.56289,854.9627,1540.0,5900.0,1.37,1.25,516.543
K2-31 b,K2-31,Transit,2016,1.25785,11.88154,563.83042,1688.0,5280.0,0.78,0.91,110.527
GJ 3293 e,GJ 3293,Radial Velocity,2017,13.2543,1.63,3.28,370.79,3466.0,0.404,0.42,20.1903
GJ 3293 d,GJ 3293,Radial Velocity,2017,48.1345,2.67,7.6,241.22,3466.0,0.404,0.42,20.1903
K2-149 b,K2-149,Transit,2018,11.332,1.64,3.33,472.41,3745.0,0.568,0.595,123.676
KELT-21 b,KELT-21,Transit,2018,3.6127647,17.777474,1242.7153,2051.0,7598.0,1.638,1.458,470.878
K2-125 b,K2-125,Transit,2017,21.750264,2.18,5.39,321.22,3654.47,0.402049,0.494727,124.156
V830 Tau b,V830 Tau,Radial Velocity,2016,4.927,14.0,222.481,1213.95,4250.0,2.0,1.0,130.111
HATS-31 b,HATS-31,Transit,2016,3.37796,18.38276,279.6904,1823.0,6050.0,1.87,1.275,773.974
Kepler-150 f,Kepler-150,Transit,2017,637.2093,3.64,12.9,227.77,5528.0,0.905339,0.97,891.092
Qatar-3 b,Qatar-3,Transit,2017,2.5079204,12.285064,1369.8473,1681.0,6007.0,1.272,1.145,735.601
K2-160 b,K2-160,Transit,2018,3.705871,3.17824034,10.2,,5649.0,0.913754,0.982829,315.363
K2-128 b,K2-128,Transit,2017,5.675819,1.42,2.6,803.1,4469.51,0.777569,0.711248,114.637
HATS-34 b,HATS-34,Transit,2016,2.1061607,16.02887,299.07803,1445.0,5380.0,0.98,0.955,508.842
KELT-18 b,KELT-18,Transit,2017,2.8717518,17.59813,375.0394,2085.0,6670.0,1.908,1.524,321.376
K2-163 b,K2-163,Transit,2018,6.673117,2.46610713,6.65,,4937.0,0.762201,0.826112,208.529
K2-165 b,K2-165,Transit,2018,2.354992,1.27443657,2.17,,5185.0,0.803827,0.834847,134.591
K2-35 c,K2-35,Transit,2016,5.608352,1.93,4.38,766.0,4402.71,0.619575,0.701968,252.596
HATS-35 b,HATS-35,Transit,2016,1.8209993,16.409976,388.38826,2037.0,6300.0,1.433,1.317,514.555
OGLE-2016-BLG-1195L b,OGLE-2016-BLG-1195L,Microlensing,2017,,1.11,1.43,,,,0.078,3910.0
K2-175 b,K2-175,Transit,2018,9.525988,2.03803688,4.81,,5909.0,1.420038,1.094693,247.266
K2-165 c,K2-165,Transit,2018,4.382745,1.55409035,3.03,,5185.0,0.803827,0.834847,134.591
K2-116 b,K2-116,Transit,2017,4.655411,0.69,0.257,783.03,4348.35,0.6694,0.694512,49.3855
K2-102 b,K2-102,Transit,2016,9.915615,1.3,2.24,,4695.0,0.71,0.77,188.175
XO-6 b,XO-6,Transit,2016,3.7650007,23.20263,1398.452,1577.0,6720.0,1.93,1.47,235.479
HD 6434 b,HD 6434,Radial Velocity,2003,21.998,14.2,155.7367,786.83,5769.0,1.12,1.1,42.358
HD 68988 b,HD 68988,Radial Velocity,2001,6.27711,13.4,626.1251,1179.39,5932.0,1.19,1.28,60.8447
HD 220074 b,HD 220074,Radial Velocity,2012,672.09998,12.2,5288.6912,1069.88,3787.0,54.92,2.2,324.54
WASP-58 b,WASP-58,Transit,2012,5.01718,16.02887,308.2951,1270.0,5800.0,1.22,1.06,290.404
K2-231 b,K2-231,Transit,2018,13.841901,2.5,6.8,,5695.0,0.95,1.01,321.215
HATS-39 b,HATS-39,Transit,2018,4.5776348,17.59813,200.2329,1645.0,6572.0,1.621,1.379,878.521
HD 137388 b,HD 137388,Radial Velocity,2011,330.0,9.32,63.566,248.42,5181.0,0.88,0.68,40.4841
HD 13931 b,HD 13931,Radial Velocity,2009,4218.0,13.2,889.9195396,139.38,5867.0,1.25,1.3,47.3963
HD 7199 b,HD 7199,Radial Velocity,2011,615.0,,3639.13526015,218.73,5371.0,0.97,0.77,36.1531
HD 75289 b,HD 75289,Radial Velocity,1999,3.50927,14.2,155.7367,1260.0,6117.0,1.23,1.29,29.1158
WASP-72 b,WASP-72,Transit,2012,2.21673,14.45961,731.009,2210.0,6250.0,2.18,2.78,434.754
HATS-40 b,HATS-40,Transit,2018,3.2642736,17.71022,505.3497,2101.0,6460.0,2.26,1.561,1342.29
HATS-41 b,HATS-41,Transit,2018,4.193649,14.90797,3082.951,1710.0,6424.0,1.71,1.496,737.668
HD 142022 A b,HD 142022 A,Radial Velocity,2005,1928.0,12.9,1433.40611557,155.74,5421.0,1.04,0.9,34.2802
HD 145377 b,HD 145377,Radial Velocity,2008,103.95,12.8,1913.3366,442.98,6014.0,1.05,1.2,53.4884
HD 76700 b,HD 76700,Radial Velocity,2002,3.97097,9.6,66.7443,1424.61,5644.0,1.37,0.99,60.8831
HD 82886 b,HD 82886,Radial Velocity,2011,705.0,13.3,740.5439,435.78,4953.0,5.26,2.53,127.061
HD 24040 b,HD 24040,Radial Velocity,2006,3668.0,12.9,1589.142035,143.81,5802.0,1.3,1.11,46.6224
HD 222155 b,HD 222155,Radial Velocity,2011,3999.0,13.4,581.62598481,164.93,5701.0,1.85,1.21,50.6078
HD 158996 b,HD 158996,Radial Velocity,2018,820.2,12.3,4449.62,960.27,4069.0,50.3,1.8,283.659
KPS-1 b,KPS-1,Transit,2018,1.706291,11.54527,346.4347,1459.0,5165.0,0.907,0.892,262.706
HD 154672 b,HD 154672,Radial Velocity,2008,163.94,12.8,1706.7471,410.76,5743.0,1.32,1.18,63.0484
KELT-6 b,KELT-6,Transit,2014,7.8457,14.5717,165.2716,1313.0,6102.0,1.73,1.42,240.726
HAT-P-49 b,HAT-P-49,Transit,2014,2.69155,17.82231,699.226,2131.0,6820.0,2.06,2.22,350.351
K2-155 c,K2-155,Transit,2018,13.85,2.6,7.27,583.0,4258.0,0.58,0.65,72.7998
HD 158038 b,HD 158038,Radial Velocity,2011,521.0,13.5,486.2799,405.91,4860.0,4.5,1.3,94.8625
HR 810 b,HR 810,Radial Velocity,1999,302.79999,12.7,1970.5361234,329.57,6167.0,1.13,1.34,17.3181
BD-13 2130 b,BD-13 2130,Radial Velocity,2007,714.29999,12.5,3108.3774,744.77,4545.0,19.17,2.12,925.214
HD 285507 b,HD 285507,Radial Velocity,2013,6.0881,13.8,311.4734,736.35,4503.0,0.69,0.82,45.0293
WASP-117 b,WASP-117,Transit,2014,10.02165,11.88154,95.349,1001.0,6040.0,1.22,1.29,157.963
K2-155 d,K2-155,Transit,2018,40.718,1.9,4.27,381.0,4258.0,0.58,0.65,72.7998
HD 16175 b,HD 16175,Radial Velocity,2009,990.0,12.8,1875.1876013,259.78,5981.0,1.72,1.63,59.859
HD 16141 b,HD 16141,Radial Velocity,2000,75.523,10.9,82.6358,562.87,5757.0,1.48,1.11,37.7861
WASP-11 b,WASP-11,Transit,2008,3.72247,12.44199,251.0857,992.0,4800.0,0.89,1.42,124.73
WASP-13 b,WASP-13,Transit,2009,4.35301,13.67498,114.4188,1531.0,5950.0,1.37,0.72,227.537
WASP-95 b,WASP-95,Transit,2014,2.18467,13.78707,457.6752,1570.0,5830.0,1.23,1.46,137.544
WASP-97 b,WASP-97,Transit,2014,2.07276,12.77826,432.2488,1555.0,5640.0,1.08,1.18,151.068
11 UMi b,11 UMi,Radial Velocity,2009,516.21997,12.3,4684.8142,896.43,4213.0,29.79,2.78,125.321
BD-08 2823 b,BD-08 2823,Radial Velocity,2009,5.6,,2948.49413174,798.86,4816.0,0.71,0.5,41.3342
HD 1690 b,HD 1690,Radial Velocity,2010,533.0,12.5,2793.7257,841.73,4374.0,21.66,1.86,752.615
WASP-14 b,WASP-14,Transit,2008,2.24375,15.46842,2809.6172,1872.0,6475.0,1.4,1.62,161.997
WASP-101 b,WASP-101,Transit,2014,3.58572,16.02887,162.0933,1560.0,6380.0,1.31,1.41,201.224
BD-10 3166 b,BD-10 3166,Radial Velocity,2000,3.48777,14.1,187.5197,1240.38,5393.0,0.91,1.47,84.4069
GJ 86 b,GJ 86,Radial Velocity,1999,15.76491,12.9,1404.8086,661.12,5182.0,0.77,0.93,10.7836
WASP-22 b,WASP-22,Transit,2010,3.53269,13.78707,212.9461,1502.0,6000.0,1.24,1.46,317.652
HD 95127 b,HD 95127,Radial Velocity,2015,482.0,12.4,3378.5329,1151.28,4218.0,41.01,3.7,676.579
WASP-82 b,WASP-82,Transit,2015,2.70579,18.15858,371.8611,2190.0,6480.0,2.1,1.48,275.664
HD 204941 b,HD 204941,Radial Velocity,2011,1733.0,10.1,73.1009,134.04,5026.0,0.78,0.58,28.7165
WASP-29 b,WASP-29,Transit,2010,3.92273,8.63093,73.1009,970.0,4800.0,0.79,0.77,87.5953
WASP-26 b,WASP-26,Transit,2010,2.7566,13.56289,270.1555,1650.0,6034.0,1.22,0.86,252.759
K2-164 b,K2-164,Transit,2018,17.355066,3.24925008,10.6,,5791.0,2.196069,1.180894,375.67
K2-169 b,K2-169,Transit,2018,6.380803,1.27328671,2.16,,5548.0,0.919053,0.986144,235.867
HAT-P-22 b,HAT-P-22,Transit,2010,3.21222,12.89035,785.0401,1463.0,5302.0,1.11,1.13,81.7647
HAT-P-24 b,HAT-P-24,Transit,2010,3.35524,14.5717,238.3725,1637.0,6373.0,1.38,1.37,415.344
HD 212301 b,HD 212301,Radial Velocity,2005,2.24571,14.2,162.0933,1870.75,6239.0,1.16,1.55,54.2304
WASP-38 b,WASP-38,Transit,2010,6.87188,13.78707,1093.3352,1250.0,6180.0,1.52,1.76,136.24
K2-170 b,K2-170,Transit,2018,7.576544,1.41817537,2.6,,5748.0,0.981614,0.963657,392.872
K2-171 b,K2-171,Transit,2018,5.628466,2.68657205,7.69,,5250.0,1.717458,0.891587,606.128
HAT-P-29 b,HAT-P-29,Transit,2011,5.72319,13.11453,279.6904,1281.0,6087.0,1.3,1.45,313.576
HD 213240 b,HD 213240,Radial Velocity,2001,882.70001,12.8,1655.88600047,257.7,5979.0,1.51,1.57,40.8707
HD 215497 b,HD 215497,Radial Velocity,2009,3.93404,,1588.82420659,1015.96,5110.0,0.85,0.67,40.5468
WASP-41 b,WASP-41,Transit,2011,3.0524,12.3299,270.1555,1244.0,5545.0,0.83,0.81,163.371
WASP-48 b,WASP-48,Transit,2011,2.14363,16.8135,254.264,2035.0,5920.0,1.58,0.88,454.144
K2-172 b,K2-172,Transit,2018,14.316941,1.66608079,3.42,,5569.0,0.868889,0.934356,249.742
K2-172 c,K2-172,Transit,2018,29.62682,3.20569097,10.4,,5569.0,0.868889,0.934356,249.742
K2-190 b,K2-190,Transit,2018,10.098858,1.35673729,2.41,,5631.0,0.912206,0.904597,160.679
HAT-P-5 b,HAT-P-5,Transit,2007,2.78849,13.56289,311.4734,1517.0,5960.0,1.12,1.04,303.336
HAT-P-6 b,HAT-P-6,Transit,2007,3.85298,16.58932,419.5356,1675.0,6570.0,1.62,1.79,275.358
HD 218566 b,HD 218566,Radial Velocity,2010,225.7,9.32,63.566,253.15,4730.0,0.85,0.76,28.8274
HD 240237 b,HD 240237,Radial Velocity,2011,745.70001,12.2,5050.3187,1153.09,3926.0,71.23,8.76,933.377
XO-1 b,XO-1,Transit,2006,3.94153,12.77826,263.7989,1210.0,5750.0,0.88,0.88,163.553
XO-4 b,XO-4,Transit,2010,4.12508,14.01125,451.3186,1630.0,6397.0,1.45,1.1,272.655
K2-191 b,K2-191,Transit,2018,2.858646,1.57889322,3.12,,5176.0,0.839696,0.900994,287.188
K2-200 b,K2-200,Transit,2018,2.849883,1.3643987,2.43,,5233.0,0.791736,0.860208,184.131
HD 101930 b,HD 101930,Radial Velocity,2005,70.46,10.6,79.4575,417.04,5108.0,0.86,0.57,30.0274
HD 2638 b,HD 2638,Radial Velocity,2005,3.4442,14.3,133.4886,1212.27,5186.0,0.94,0.77,54.9621
HD 30562 b,HD 30562,Radial Velocity,2009,1157.0,13.6,467.20775829,235.27,5882.0,1.61,1.12,26.1597
KELT-2 A b,KELT-2 A,Transit,2012,4.11379,15.13215,540.311,2080.0,6327.0,1.93,1.54,134.058
Pr0201 b,Pr0201,Radial Velocity,2012,4.4264,14.2,171.6282,1303.39,6174.0,1.15,1.24,180.64
K2-173 b,K2-173,Transit,2018,5.868699,1.60826194,3.22,,5580.0,0.843154,0.881538,228.641
HD 102195 b,HD 102195,Radial Velocity,2006,4.11377,14.2,130.3103,1035.17,5301.0,0.82,0.76,29.3386
HD 102117 b,HD 102117,Radial Velocity,2005,20.8133,8.47,54.0311,780.86,5655.0,1.23,1.06,39.5792
HD 330075 b,HD 330075,Radial Velocity,2004,3.38773,14.3,152.5584,990.0,5000.0,0.84,0.47,45.2989
HD 34445 b,HD 34445,Radial Velocity,2009,1049.0,13.9,260.6206,231.47,5879.0,1.38,1.14,46.0907
HD 77338 b,HD 77338,Radial Velocity,2012,5.7361,4.12,15.9,1035.54,5341.0,0.97,1.37,45.935
HAT-P-40 b,HAT-P-40,Transit,2012,4.45724,17.03768,152.5584,1770.0,6080.0,1.94,1.03,464.469
HD 215152 c,HD 215152,Radial Velocity,2018,7.28243,,468.79690033,783.2,4935.0,0.73,0.77,21.5974
HD 215152 d,HD 215152,Radial Velocity,2018,10.86499,,770.41605857,685.43,4935.0,0.73,0.77,21.5974
HD 103197 b,HD 103197,Radial Velocity,2011,47.84,5.83,28.6047,474.97,5250.0,0.88,0.8,57.1463
HD 108874 b,HD 108874,Radial Velocity,2002,394.48123,13.6,451.3186,271.33,5600.0,1.05,1.1,59.5175
HD 40979 b,HD 40979,Radial Velocity,2002,264.14999,12.9,1484.2661,354.69,6165.0,1.21,1.45,34.0883
HD 4203 b,HD 4203,Radial Velocity,2001,431.88,13.3,708.7609,297.28,5596.0,1.42,1.25,81.3795
WASP-49 b,WASP-49,Transit,2012,2.78174,12.44199,117.5971,1400.0,5600.0,0.97,0.92,194.553
UKIRT-2017-BLG-001L b,UKIRT-2017-BLG-001L,Microlensing,2018,,13.7,407.0,,,,0.81,6300.0
HD 121504 b,HD 121504,Radial Velocity,2003,63.33,13.6,479.9233,523.32,6027.0,1.07,1.62,41.6592
HD 47186 b,HD 47186,Radial Velocity,2008,4.0845,5.02,22.2481,1267.79,5657.0,1.08,0.96,37.4574
WASP-66 b,WASP-66,Transit,2012,4.08605,15.6926,746.9005,1569.7,6600.0,1.76,1.33,500.258
WASP-67 b,WASP-67,Transit,2012,4.61442,12.89035,136.6669,1003.0,5200.0,0.88,0.91,189.469
K2-197 b,K2-197,Transit,2018,8.357881,2.56,7.08,848.0,5667.0,0.93,1.0,247.637
HD 185269 b,HD 185269,Radial Velocity,2006,6.83776,13.8,321.0083,1455.61,5923.0,2.0,1.3,51.9917
HD 181342 b,HD 181342,Radial Velocity,2009,564.1,13.2,807.2882,410.15,4945.0,4.71,1.69,120.391
K2-240 b,K2-240,Transit,2018,6.034,2.0,4.66,586.0,3810.0,0.54,0.58,72.9105
CoRoT-20 c,CoRoT-20,Radial Velocity,2018,1675.0,12.2,5403.11,168.16,5880.0,1.02,1.14,844.061
HD 89345 b,HD 89345,Transit,2018,11.8143,7.39794,34.9613,1089.0,5576.0,1.747,1.157,132.345
WASP-158 b,WASP-158,Transit,2018,3.656333,11.99363,886.7457,1590.0,6350.0,1.39,1.38,524.993
HD 200964 b,HD 200964,Radial Velocity,2010,606.3,13.5,508.21017,425.95,4982.0,4.92,1.39,72.5922
K2-238 b,K2-238,Transit,2018,3.20466,14.5717,273.3338,1587.0,5630.0,1.59,1.19,537.963
WASP-162 b,WASP-162,Transit,2018,9.62468,11.209,1652.716,910.0,5300.0,1.11,0.95,310.841
WASP-168 b,WASP-168,Transit,2018,4.153658,16.8135,133.4886,1340.0,6000.0,1.12,1.08,303.941
HD 28678 b,HD 28678,Radial Velocity,2011,380.2,13.5,490.09386,561.84,4972.0,6.48,1.53,189.908
HD 30856 b,HD 30856,Radial Velocity,2011,847.0,13.5,491.68301,364.02,4895.0,4.4,1.17,131.199
OGLE-2014-BLG-1722L c,OGLE-2014-BLG-1722L,Microlensing,2018,,11.0,83.7,,,,0.4,6400.0
K2-244 b,K2-244,Transit,2018,21.06884,1.75,3.71,638.0,5677.0,0.92,0.86,212.902
K2-266 b,K2-266,Transit,2018,0.658524,3.3,11.26782377,1515.0,4285.0,0.703,0.686,77.5586
K2-266 c,K2-266,Transit,2018,7.814,0.705,0.29013072,664.5,4285.0,0.703,0.686,77.5586
WASP-173 A b,WASP-173 A,Transit,2018,1.38665318,13.4508,1172.7927,1880.0,5800.0,1.11,1.05,232.98
OGLE-2011-BLG-0173L b,OGLE-2011-BLG-0173L,Microlensing,2018,,9.01,60.0,,,,0.41,6100.0
HD 5319 b,HD 5319,Radial Velocity,2007,637.1,13.5,494.54348,377.72,4871.0,4.06,1.27,121.405
K2-159 b,K2-159,Transit,2018,12.42205,2.26,5.73,684.0,5425.0,0.83,0.9,170.998
K2-266 e,K2-266,Transit,2018,19.482,2.73,14.3,490.1,4285.0,0.703,0.686,77.5586
K2-266 d,K2-266,Transit,2018,14.697,2.93,8.9,538.3,4285.0,0.703,0.686,77.5586
WASP-147 b,WASP-147,Transit,2018,4.60273,12.498035,87.40325,1404.0,5702.0,1.429,1.044,436.098
WASP-160 B b,WASP-160 B,Transit,2018,3.7684952,12.21781,88.35674,1119.0,5298.0,0.868,0.87,288.326
HD 95089 c,HD 95089,Radial Velocity,2016,1785.0,13.1,1096.5135,292.91,4918.0,5.08,1.54,136.957
K2-166 b,K2-166,Transit,2018,8.52695,2.19,5.43,1140.0,5960.0,1.61,1.16,476.882
HATS-36 b,HATS-36,Transit,2018,4.175186,12.92,1022.14128,1203.0,5950.0,1.1,1.1,856.436
WASP-165 b,WASP-165,Transit,2018,3.465509,14.12334,209.13214,1624.0,5599.0,1.75,1.248,602.236
HD 96063 b,HD 96063,Radial Velocity,2011,362.5,13.7,403.6441,500.75,5020.0,4.75,1.37,140.065
K2-228 b,K2-228,Transit,2018,2.69828,1.21,1.92,914.0,4715.0,0.65,0.71,129.46
K2-283 b,K2-283,Transit,2018,1.921036,3.52,12.2,1186.0,5060.0,0.82,0.89,402.915
K2-151 b,K2-151,Transit,2018,3.835476,1.49,2.83,566.0,3695.0,0.45,0.47,69.4798
K2-281 b,K2-281,Transit,2018,8.687721,8.18,50.9,665.0,4812.0,0.76,0.82,458.139
K2-216 b,K2-216,Transit,2018,2.1748,1.75,8.0,1103.0,4503.0,0.72,0.7,115.461
HD 5319 c,HD 5319,Radial Velocity,2014,872.2,13.8,334.67499,340.67,4871.0,4.06,1.27,121.405
K2-230 b,K2-230,Transit,2018,2.86041,1.96,4.5,1529.0,5945.0,1.39,1.11,540.773
K2-188 b,K2-188,Transit,2018,1.742169,1.35,2.39,1692.0,5977.0,1.19,1.06,446.821
GJ 96 b,GJ 96,Radial Velocity,2018,73.94,4.67,19.66,257.81,3785.0,0.580612,0.6,11.9315
KMT-2016-BLG-1820L b,KMT-2016-BLG-1820L,Microlensing,2018,,12.9,1450.0,,,,0.039,6260.0
HD 94834 b,HD 94834,Radial Velocity,2018,1576.0,13.7,400.4658,286.45,4798.0,4.2,1.11,98.1609
K2-153 b,K2-153,Transit,2018,7.51574,2.0,4.66,497.0,3845.0,0.53,0.55,143.125
HATS-11 b,HATS-11,Transit,2016,3.619188,18.03,263.7989,1596.0,6563.0,1.54,1.33,944.603
KMT-2016-BLG-2142L b,KMT-2016-BLG-2142L,Microlensing,2018,,12.2,4923.0,,,,0.073,7010.0
MOA-2015-BLG-337L b,MOA-2015-BLG-337L,Microlensing,2018,,6.42,33.7,,,,0.0094,7100.0
K2-241 b,K2-241,Transit,2018,26.8199,2.55,7.04,507.0,5262.0,0.75,0.71,149.464
K2-117 c,K2-117,Transit,2017,5.444017,2.06,4.9,537.0,3778.0,0.51,0.54,101.632
K2-284 b,K2-284,Transit,2018,4.795069,2.78,8.15,653.0,4140.0,0.607,0.63,107.272
MOA-2016-BLG-319L b,MOA-2016-BLG-319L,Microlensing,2018,,14.1,200.0,,,,0.15,6800.0
HD 12648 b,HD 12648,Radial Velocity,2015,133.60001,13.4,622.9468,1053.23,4835.0,11.02,0.67,182.192
K2-243 b,K2-243,Transit,2018,11.54182,2.17,5.35,1035.0,6570.0,1.39,1.29,266.864
K2-117 b,K2-117,Transit,2017,1.2916,2.03,4.78,868.0,3778.0,0.51,0.54,101.632
K2-312 c,HD 80653,Radial Velocity,2023,871.32,12.8,1681.31227303,229.0,5959.0,1.199,1.15,109.86
K2-245 b,K2-245,Transit,2018,11.89307,4.34,17.4,923.0,5793.0,1.25,0.83,456.064
K2-270 c,K2-270,Transit,2018,4.400028,2.95,9.01,848.0,4877.0,0.77,0.85,280.518
HATS-59 b,HATS-59,Transit,2018,5.416081,12.621334,256.17098,1128.0,5670.0,1.036,1.038,642.884
KELT-15 b,KELT-15,Transit,2016,3.32944,19.50366,416.3573,1642.0,6003.0,1.78,2.06,324.683
K2-247 b,K2-247,Transit,2018,2.25021,2.12,5.14,979.0,4667.0,0.69,0.74,258.113
EPIC 211945201 b,EPIC 211945201,Transit,2018,19.49221,5.76,11.0,817.0,6069.0,1.39,1.17,181.69
CoRoT-21 b,CoRoT-21,Transit,2012,2.72474,14.5717,718.2958,2044.44,6200.0,1.95,1.29,1398.83419686
70 Vir b,70 Vir,Radial Velocity,1996,116.688,12.6,2380.45,525.24,5495.0,1.89,1.09,17.9011
K2-39 b,K2-39,Transit,2016,4.60543,6.27704,28.6047,1670.0,4881.0,2.97,0.66,307.47
K2-248 b,K2-248,Transit,2018,7.17256,2.57,7.13,886.0,5528.0,0.92,0.88,406.254
K2-276 b,K2-276,Transit,2018,18.718269,3.77,13.7,583.0,5139.0,0.85,0.82,488.152
HD 102956 b,HD 102956,Radial Velocity,2010,6.4947,13.8,305.1168,1804.96,4985.0,4.55,1.66,121.89
HD 108863 b,HD 108863,Radial Velocity,2011,437.7,13.3,767.24162,490.51,4878.0,5.74,1.59,164.742
HATS-46 b,HATS-46,Transit,2018,4.7423729,10.121727,54.98459,1054.0,5495.0,0.853,0.917,453.808
HATS-7 b,HATS-7,Transit,2015,3.185315,6.310667,38.1396,1084.0,4985.0,0.815,0.849,240.707
K2-252 b,K2-252,Transit,2018,13.81513,1.74,3.68,639.0,5152.0,0.82,0.79,228.839
K2-188 c,K2-188,Transit,2018,7.810253,2.83,8.4,1026.0,5977.0,1.19,1.06,446.821
HD 131496 b,HD 131496,Radial Velocity,2011,896.0,13.4,572.094,347.3,4846.0,4.44,1.34,131.849
HD 1502 b,HD 1502,Radial Velocity,2011,428.5,13.2,874.0325,458.89,4947.0,4.67,1.46,190.953
NGTS-3 A b,NGTS-3 A,Transit,2018,1.6753728,16.58932,756.4354,1434.44,5600.0,0.93,1.017,743.972
K2-254 b,K2-254,Transit,2018,4.09639,1.63,3.29,791.0,4629.0,0.67,0.71,227.775
K2-192 b,K2-192,Transit,2018,4.162817,1.52,2.92,939.0,5222.0,0.81,0.9,221.753
K2-239 c,K2-239,Transit,2018,7.775,1.0,0.972,427.0,3420.0,0.36,0.4,31.0849
K2-258 b,K2-258,Transit,2018,19.0921,3.0,9.27,831.0,6351.0,1.31,1.21,661.873
HD 70642 b,HD 70642,Radial Velocity,2003,2124.54,13.0,1239.5307873,150.52,5732.0,0.984,1.078,29.276
HATS-69 b,HATS-69,Transit,2018,2.2252577,10.592505,183.38791,1295.7,5137.0,0.8785,0.892,414.537
HD 202696 b,HD 202696,Radial Velocity,2019,517.8,,634.38868,492.46,5040.0,6.43,1.91,188.546
HD 202696 c,HD 202696,Radial Velocity,2019,946.6,,592.43512,402.69,5040.0,6.43,1.91,188.546
KMT-2017-BLG-1038L b,KMT-2017-BLG-1038L,Microlensing,2019,,13.4,640.0,,,,0.37,6000.0
HD 117618 b,HD 117618,Radial Velocity,2004,25.8,8.59,55.30242,745.79,5990.0,1.2,1.077,37.7781
NGTS-4 b,NGTS-4,Transit,2019,1.3373508,3.18,20.6,1650.0,5143.0,0.84,0.75,280.555
K2-295 b,K2-295,Transit,2018,4.024867,10.054473,106.47305,852.0,4444.0,0.7,0.74,232.801
HIP 79098 AB b,HIP 79098 AB,Imaging,2019,,12.1,6515.515,2450.0,9193.75,,3.75,145.798
Kepler-730 b,Kepler-730,Transit,2016,6.491682808,12.3299,,1219.0,5620.0,1.411,1.047,1935.04
K2-133 c,K2-133,Transit,2017,4.86784,1.603,3.2,570.6,3655.0,0.455,0.461,75.1703
K2-133 d,K2-133,Transit,2017,11.02454,2.003,4.67,734.0,3655.0,0.455,0.461,75.1703
HAT-P-25 b,HAT-P-25,Transit,2012,3.65281514,12.722215,180.84527,1182.0,5519.0,0.919,1.012,300.384
HD 89744 b,HD 89744,Radial Velocity,1999,256.78,12.6,2653.8805,462.62,6291.0,2.13257,1.86,38.6364
HD 65216 c,HD 65216,Radial Velocity,2013,5370.0,13.4,645.1949,105.87,5612.0,0.88,0.874,35.1205
K2-133 e,K2-133,Transit,2019,26.5841,1.73,3.64,296.0,3655.0,0.455,0.461,75.1703
EPIC 201497682 b,EPIC 201497682,Transit,2019,2.13174,0.692,0.26,,4991.0,0.554,0.78,253.026
OGLE-2015-BLG-1670L b,OGLE-2015-BLG-1670L,Microlensing,2019,,4.42,17.9,,,,0.55,6700.0
K2-290 c,K2-290,Transit,2019,48.36685,11.276254,246.00042,676.0,6302.0,1.511,1.194,272.909
HAT-P-34 b,HAT-P-34,Transit,2011,5.452654,13.417173,1058.3739,1520.0,6442.0,1.53,1.392,249.325
EPIC 201754305 d,K2-16,Transit,2019,2.71578,1.03,1.08,,4761.0,0.544,0.67,334.967
EPIC 201833600 c,K2-50,Transit,2019,3.96151,1.0,0.972,,4326.0,0.634,0.611,257.443
HAT-P-36 b,HAT-P-36,Transit,2011,1.32734683,14.313893,587.413406,1780.97,5620.0,1.041,1.03,294.419
K2-52 b,K2-52,Transit,2016,3.535055,18.0,,2004.0,7147.0,2.192,1.691,1038.41
K2-53 b,K2-53,Transit,2016,12.20772,2.6,7.27,665.0,5263.0,0.807,0.851,138.018
K2-293 b,K2-293,Transit,2019,13.1225,2.45,6.57,750.0,5532.0,0.947,0.958,392.251
TOI-172 b,TOI-172,Transit,2019,9.47725,10.816685,1722.6386,1198.0,5645.0,1.777,1.128,342.831
EPIC 206024342 b,EPIC 206024342,Transit,2019,4.50756,1.7,3.53,,5724.0,0.823,0.928,369.888
EPIC 206032309 b,EPIC 206032309,Transit,2019,2.87814,1.01,1.01,,3489.0,0.37344,0.221,161.365
HAT-P-9 b,HAT-P-9,Transit,2008,3.92281072,15.614137,238.05467,1540.0,6350.0,1.338,1.281,455.203
HATS-24 b,HATS-24,Transit,2017,1.3484978,15.636555,718.2958,2166.0,6125.0,1.12,1.07,494.182
K2-90 b,K2-90,Transit,2016,13.733314,2.6,7.27,502.0,4484.0,0.619,0.629,134.188
K2-294 b,K2-294,Transit,2019,2.50387,1.66,3.39,1425.0,5612.0,1.2,0.987,373.078
GJ 685 b,GJ 685,Radial Velocity,2019,24.16,2.95,9.0,368.84,3816.0,0.54,0.55,14.3155
EPIC 206317286 b,EPIC 206317286,Transit,2019,1.58252,0.96,0.84,,4752.0,0.669,0.711,314.35
K2-308 b,K2-308,Transit,2019,3.38628,9.916,70.6,1213.76,6100.0,1.24,1.09,1314.53
Kepler-9 c,Kepler-9,Transit,2010,38.9853,8.08,29.9,523.0,5774.0,0.958,1.022,628.257
K2-124 b,K2-124,Transit,2017,6.413651,2.9,8.75,442.0,3570.0,0.388,0.39,140.385
HD 92788 b,HD 92788,Radial Velocity,2000,325.803,13.0,1195.0408,300.27,5744.0,1.14,1.15,34.6538
Kepler-25 c,Kepler-25,Transit,2011,12.7207,5.217,15.2,934.0,6354.0,1.316,1.165,243.249
WASP-33 b,WASP-33,Transit,2010,1.21987,17.855937,665.21819,2781.7,7430.0,1.444,1.495,121.944
HD 134060 c,HD 134060,Radial Velocity,2019,1291.5646,5.91,29.29,200.67,5966.0,1.164285,1.095,24.0125
WASP-177 b,WASP-177,Transit,2019,3.071722,17.71022,161.45764,1142.0,5017.0,0.885,0.876,176.818
WASP-181 b,WASP-181,Transit,2019,4.5195064,13.271456,95.03117,1186.0,5839.0,0.965,1.04,437.495
Kepler-25 b,Kepler-25,Transit,2011,6.238297,2.748,8.7,1185.0,6354.0,1.316,1.165,243.249
WASP-161 b,WASP-161,Transit,2018,5.4060425,12.811887,791.3967,1557.0,6400.0,1.712,1.39,343.08
WASP-163 b,WASP-163,Transit,2018,1.6096884,13.473218,594.3421,1638.0,5500.0,1.015,0.97,261.386
HD 20781 b,HD 20781,Radial Velocity,2019,5.3135,1.21,1.93,1006.1,5256.0,0.833609,0.7,35.9715
HD 20003 b,HD 20003,Radial Velocity,2019,11.8482,3.43,11.66,814.93,5494.0,0.921637,0.875,41.8316
Kepler-47 c,Kepler-47,Transit,2012,303.227,4.65,3.17,267.82,5636.0,0.936,0.957,1025.02
Gl 49 b,Gl 49,Radial Velocity,2019,13.8508,2.24,5.63,435.99,3805.0,0.511,0.515,9.8528
HD 21693 b,HD 21693,Radial Velocity,2019,22.6786,2.8,8.23,656.39,5430.0,0.914378,0.8,33.255
HD 20781 c,HD 20781,Radial Velocity,2019,13.8905,2.17,5.33,730.3,5256.0,0.833609,0.7,35.9715
Kepler-47 d,Kepler-47,Transit,2019,187.366,7.04,19.02,314.44,5636.0,0.936,0.957,1025.02
LSPM J2116+0234 b,LSPM J2116+0234,Radial Velocity,2019,14.4399,3.71,13.3,371.68,3475.0,0.431,0.43,17.6297
K2-285 e,K2-285,Transit,2018,14.76289,1.95,10.7,500.9,4975.0,0.787,0.83,154.961
K2-285 d,K2-285,Transit,2018,10.45582,2.48,6.5,619.9,4975.0,0.787,0.83,154.961
HD 31527 b,HD 31527,Radial Velocity,2019,16.5535,3.22,10.47,832.2,5898.0,1.073694,0.96,38.4473
HD 31527 d,HD 31527,Radial Velocity,2019,271.6737,3.46,11.82,327.48,5898.0,1.073694,0.96,38.4473
HD 21749 c,GJ 143,Transit,2019,7.78993,0.892,3.7,701.0,4640.0,0.695,0.73,16.32
HD 114729 b,HD 114729,Radial Velocity,2002,1121.79,13.9,262.20975,237.89,5844.0,1.473,0.936,37.8063
K2-286 b,K2-286,Transit,2018,27.359,2.1,5.06,347.0,3926.0,0.62,0.64,76.1486
Qatar-9 b,Qatar-9,Transit,2019,1.540731,11.309881,378.2177,1134.0,4309.0,0.696,0.719,213.771
NGTS-5 b,NGTS-5,Transit,2019,3.3569866,12.733424,72.78307,952.0,4987.0,0.739,0.661,306.779
HD 126525 b,HD 126525,Radial Velocity,2018,960.41,10.3,75.32571,198.47,5638.0,0.979,0.897,37.6506
HD 117207 b,HD 117207,Radial Velocity,2004,2621.75,13.4,669.34662514,147.2,5732.0,1.074,1.053,32.3547
HD 143361 b,HD 143361,Radial Velocity,2008,1039.15,12.9,1382.55357045,180.26,5507.0,0.916,0.968,68.5146
K2-288 B b,K2-288 B,Transit,2018,31.393463,1.9,4.27,226.36,3341.0,0.32,0.33,65.6138
HATS-60 b,HATS-60,Transit,2018,3.560829,12.923977,210.40346,1528.0,5688.0,1.46,1.097,486.474
HD 20781 e,HD 20781,Radial Velocity,2019,85.5073,3.83,14.03,398.38,5256.0,0.833609,0.7,35.9715
HD 45184 c,HD 45184,Radial Velocity,2019,13.1354,2.91,8.81,884.78,5869.0,1.075139,1.03,21.9532
HD 152079 b,HD 152079,Radial Velocity,2009,2918.92,13.2,845.74563,147.84,5907.0,1.128,1.147,87.8888
HATS-62 b,HATS-62,Transit,2018,3.2768837,11.825495,56.89157,1237.0,5416.0,0.933,0.896,523.067
HATS-63 b,HATS-63,Transit,2018,3.0566527,13.529263,305.1168,1398.3,5627.0,1.07,0.931,623.232
HATS-70 b,HATS-70,Transit,2019,1.8882378,15.513256,4100.007,2730.0,7930.0,1.881,1.78,1458.83
K2-264 b,K2-264,Transit,2018,5.840002,2.231,5.61,496.0,3660.0,0.473,0.496,185.605
KMT-2016-BLG-1107L b,KMT-2016-BLG-1107L,Microlensing,2019,,13.1,1043.0,,,,0.087,6651.0
HD 103949 b,HD 103949,Radial Velocity,2019,120.878,3.35,11.2,302.65,4792.0,0.753113,0.77,26.4997
HIP 35173 b,HIP 35173,Radial Velocity,2019,41.516,3.61,12.7,444.34,4881.0,0.773404,0.79,33.1562
HD 23127 b,HD 23127,Radial Velocity,2006,1211.17,13.5,485.32641,223.4,5843.0,1.49,1.208,93.8555
HD 25171 b,HD 25171,Radial Velocity,2010,1802.29,13.9,290.81445,190.04,6125.0,1.23,1.076,55.6146
HATS-65 b,HATS-65,Transit,2018,3.105161,16.824709,260.93843,1634.0,6277.0,1.31,1.257,493.32
HATS-66 b,HATS-66,Transit,2018,3.1414391,15.815899,1694.0339,1998.0,6626.0,1.841,1.411,1477.98
HD 1397 b,HD 1397,Transit,2018,11.53533,11.500434,131.89945,1228.3,5521.0,2.336,1.324,79.5702
HD 64114 b,HD 64114,Radial Velocity,2019,45.791,4.41,17.8,518.51,5676.0,0.882858,0.95,31.5262
HD 206255 b,HD 206255,Radial Velocity,2019,96.045,6.47,34.2,596.48,5635.0,2.221489,1.42,75.2363
HD 38801 b,HD 38801,Radial Velocity,2009,685.25,12.5,3082.31534,287.8,5338.0,2.029,1.207,91.4349
HATS-67 b,HATS-67,Transit,2018,1.6091788,18.887165,460.8535,2193.0,6594.0,1.441,1.435,960.109
HATS-68 b,HATS-68,Transit,2018,3.5862202,13.809488,410.0007,1741.0,6147.0,1.748,1.351,603.955
Gl 378 b,Gl 378,Radial Velocity,2019,3.822,3.66,13.02,830.0,3879.0,0.56,0.56,14.9545
WASP-190 b,WASP-190,Transit,2019,5.367753,12.89035,317.83,1500.0,6400.0,1.6,1.35,542.251
Kepler-1610 c,Kepler-1610,Transit,2023,44.9851885,2.09,5.02,433.0,5295.0,0.8,0.825,864.331
XO-7 b,XO-7,Transit,2019,2.8641424,15.389957,225.34147,1743.0,6250.0,1.48,1.405,234.149
HATS-55 b,HATS-55,Transit,2019,4.2042001,14.022459,292.72143,1367.0,6214.0,1.126,1.1955,609.838
Kepler-1996 c,Kepler-1996,Transit,2023,92.7297248,2.81,8.3,276.0,4580.0,0.675,0.748,440.561
Kepler-1988 b,Kepler-1988,Transit,2023,11.49500229,1.53,2.96,1105.0,6033.0,1.788,1.127,513.426
TOI-813 b,TOI-813,Transit,2020,83.8911,6.71,36.4,610.0,5907.0,1.94,1.32,263.145
GJ 433 b,GJ 433,Radial Velocity,2013,7.3705,2.33,6.043,473.94,3461.0,0.5,0.48,9.06456
HATS-58 A b,HATS-58 A,Transit,2019,4.2180896,12.273855,327.3649,1721.0,7175.0,1.433,1.461,403.591
HR 5183 b,HR 5183,Radial Velocity,2019,27000.0,13.1,1052.01202717,171.0,5794.0,1.53,1.07,31.4607
Kepler-1991 b,Kepler-1991,Transit,2023,13.26079792,1.47,2.76,760.0,5478.0,1.053,0.914,855.82
Kepler-1471 c,Kepler-1471,Transit,2023,11.6044881,1.88,4.19,841.0,5533.0,1.166,0.934,978.678
GJ 180 b,GJ 180,Radial Velocity,2014,17.133,2.43,6.49,344.43,3371.0,0.413049,0.43,11.9407
WASP-169 b,WASP-169,Transit,2019,5.6114118,14.616536,178.30263,1604.0,6110.0,2.011,1.337,627.066
Kepler-1998 b,Kepler-1998,Transit,2023,3.03267135,0.6,0.156,1187.0,5640.0,0.921,0.962,340.965
Kepler-164 e,Kepler-164,Transit,2023,94.886902,4.24,16.7,429.0,5888.0,1.097,0.966,890.758
Kepler-1994 b,Kepler-1994,Transit,2023,4.61225043,0.51,0.087,1032.0,5495.0,0.961,0.932,241.991
Kepler-1984 b,Kepler-1984,Transit,2023,1.992812339,6.81,37.3,675.0,3638.0,0.42,0.45,
GJ 433 d,GJ 433,Radial Velocity,2020,36.059,2.14,5.223,279.71,3461.0,0.5,0.48,9.06456
GJ 3082 b,GJ 3082,Radial Velocity,2020,11.949,2.79,8.2,457.53,3910.0,0.465216,0.47,16.6186
WASP-175 b,WASP-175,Transit,2019,3.0652907,13.540472,314.6517,1571.0,6229.0,1.204,1.212,539.36
Kepler-619 d,Kepler-619,Transit,2023,11.67894236,4.17,16.2,830.0,6122.0,0.964,1.041,900.678
Kepler-1126 c,Kepler-1126,Transit,2023,199.66876,1.45,2.7,305.0,5678.0,0.921,0.794,635.736
EPIC 249893012 b,EPIC 249893012,Transit,2020,3.5951,1.95,8.75,1616.0,5430.0,1.71,1.05,321.296
Kepler-1661 b,Kepler-1661,Transit,2020,175.06,3.87,17.0,243.0,5100.0,0.762,0.841,410.607
OGLE-2016-BLG-1067L b,OGLE-2016-BLG-1067L,Microlensing,2019,,14.3,140.0,,,,0.3,3730.0
Kepler-1987 c,Kepler-1987,Transit,2023,3.64830183,1.33,2.33,860.0,4769.0,0.714,0.799,595.683
Kepler-1985 b,Kepler-1985,Transit,2023,3.42064689,2.27,5.77,1129.0,5370.0,0.966,0.877,
Kepler-1987 b,Kepler-1987,Transit,2023,2.345863002,1.23,2.04,997.0,4769.0,0.714,0.799,595.683
Kepler-1801 c,Kepler-1801,Transit,2023,116.583183,2.91,8.8,371.0,5738.0,0.981,0.936,839.332
EPIC 249893012 c,EPIC 249893012,Transit,2020,15.624,3.67,14.67,990.0,5430.0,1.71,1.05,321.296
EPIC 249893012 d,EPIC 249893012,Transit,2020,35.747,3.94,10.18,752.0,5430.0,1.71,1.05,321.296
WASP-180 A b,WASP-180 A,Transit,2019,3.409264,13.89916,286.047,1540.0,6600.0,1.19,1.3,253.985
WASP-2 b,WASP-2,Transit,2007,2.152175,12.116929,295.89973,1311.0,5180.0,0.866,0.895,153.242
Kepler-949 c,Kepler-949,Transit,2023,20.99757968,2.97,9.11,582.0,5211.0,0.895,0.817,486.105
Kepler-311 d,Kepler-311,Transit,2023,232.040326,2.05,4.86,327.0,5903.0,1.156,0.974,778.654
WASP-44 b,WASP-44,Transit,2011,2.423804,12.3299,276.5121,1337.0,5420.0,0.906,0.935,364.512
WASP-45 b,WASP-45,Transit,2011,3.126089,10.603714,306.38812,1153.0,5150.0,0.855,0.85,211.196
Kepler-1834 c,Kepler-1834,Transit,2023,0.766691517,1.22,1.98,1541.0,4821.0,0.788,0.765,500.395
HATS-47 b,HATS-47,Transit,2020,3.9228038,12.520453,117.27927,852.9,4512.0,0.6564,0.674,300.67
GJ 15 A c,GJ 15 A,Radial Velocity,2018,7600.0,6.67,36.0,46.14,3607.0,0.38,0.38,3.56228
Kepler-763 c,Kepler-763,Transit,2023,4.09667624,1.42,2.6,938.0,4999.0,0.843,0.8,962.459
Kepler-347 d,Kepler-347,Transit,2023,85.517344,3.04,9.48,482.0,5592.0,1.451,1.0,1298.88
EPIC 248847494 b,EPIC 248847494,Transit,2018,3650.0,12.44199,4131.79,183.0,4898.0,2.7,0.9,551.886
WASP-184 b,WASP-184,Transit,2019,5.1817,14.90797,181.1631,1480.0,6000.0,1.65,1.23,663.231
WASP-185 b,WASP-185,Transit,2019,9.38755,14.01125,311.4734,1160.0,5900.0,1.5,1.12,279.35
Kepler-290 d,Kepler-290,Transit,2023,0.764017553,0.86,0.566,1589.0,5142.0,0.755,0.84,694.627
Kepler-549 d,Kepler-549,Transit,2023,24.61480613,4.2,16.4,586.0,5312.0,0.986,0.859,635.145
KMT-2017-BLG-0165L b,KMT-2017-BLG-0165L,Microlensing,2018,,6.45,34.0,,,,0.76,4530.0
Kepler-865 c,Kepler-865,Transit,2023,6.20920207,0.89,0.64,914.0,5440.0,0.885,0.782,586.137
TOI-150.01,TOI-150,Transit,2019,5.857487,14.067295,797.7533,1404.5,6255.0,1.526,1.351,336.267
GJ 682 c,GJ 682,Radial Velocity,2014,57.32,2.89,8.7,190.08,3028.0,0.298255,0.27,5.00671
OGLE-2015-BLG-1649L b,OGLE-2015-BLG-1649L,Microlensing,2019,,13.2,807.0,,,,0.34,4230.0
Kepler-2000 c,Kepler-2000,Transit,2023,20.6180348,1.57,3.09,359.0,3757.0,0.576,0.581,320.588
Kepler-448 c,KOI-12,Transit Timing Variations,2017,2500.0,12.0,6992.26,184.72,6635.0,1.4,1.5,399.398
MOA-bin-29 b,MOA-bin-29,Microlensing,2019,,14.1,190.0,,,,0.03,7120.0
TOI-4562 c,TOI-4562,Transit Timing Variations,2024,3990.0,12.8,1833.86990839,138.11,6096.0,1.152,1.192,339.605
HD 50554 d,HD 50554,Transit,2026,28.0694,1.41,10.4,651.11,5968.0,1.146,1.04,31.1664
HD 97048 b,HD 97048,Disk Kinematics,2019,,13.3,794.575,63.44,10000.0,2.25,2.4,183.857
7 CMa b,7 CMa,Radial Velocity,2011,735.1,13.4,587.9855,387.33,4826.0,4.87,1.34,19.8101
Kepler-1983 b,Kepler-1983,Transit,2023,7.32851947,2.33,6.04,807.0,5135.0,0.874,0.812,424.428
NGTS-8 b,NGTS-8,Transit,2019,2.4997,12.21781,295.5819,1345.0,5241.0,0.98,0.89,428.976
EPIC 205950854 c,K2-168,Transit,2019,8.050722,1.31,2.27,960.6,5502.7,0.83,0.877,243.935
7 CMa c,7 CMa,Radial Velocity,2019,996.0,13.9,276.5121,350.0,4826.0,4.87,1.34,19.8101
Kepler-1990 c,Kepler-1990,Transit,2023,4.06844957,0.98,0.904,1170.0,5751.0,1.071,1.028,392.739
HD 220197 b,HD 220197,Radial Velocity,2018,1728.0,9.32,63.566,164.22,5683.0,0.98,0.91,64.411
K2-43 c,K2-43,Transit,2019,2.198884,2.42,6.44,1093.7,3840.6,0.542,0.571,182.536
Kepler-763 d,Kepler-763,Transit,2023,6.50327035,1.67,3.43,804.0,4999.0,0.843,0.8,962.459
Kepler-1162 c,Kepler-1162,Transit,2023,59.284064,1.81,3.93,401.0,5225.0,0.859,0.861,940.211
HD 213885 b,HD 213885,Transit,2019,1.008035,1.745,8.83,2128.0,5978.0,1.1011,1.068,48.0883
Kepler-896 c,Kepler-896,Transit,2023,29.5422566,3.15,10.1,515.0,5510.0,0.803,0.877,2334.93
Kepler-1982 b,Kepler-1982,Transit,2023,3.82315697,0.77,0.381,1282.0,6202.0,1.122,1.213,558.855
HD 213885 c,HD 213885,Radial Velocity,2019,4.78503,4.71,19.95,1265.4,5978.0,1.1011,1.068,48.0883
HAT-P-69 b,HAT-P-69,Transit,2019,4.7869491,18.786284,1137.8314,1930.0,7394.0,1.926,1.648,341.263
Kepler-2000 b,Kepler-2000,Transit,2023,6.383159135,2.73,7.9,530.0,3757.0,0.576,0.581,320.588
TOI-763 c,TOI-763,Transit,2020,12.2737,2.63,9.32,800.0,5450.0,0.897,0.917,95.1274
TOI-905 b,TOI-905,Transit,2020,3.739494,13.125739,211.99261,1192.0,5570.0,0.918,0.968,158.649
TOI-564 b,TOI-564,Transit,2020,1.651144,11.43318,464.98529,1714.0,5640.0,1.088,0.998,199.581
Kepler-29 b,Kepler-29,Transit,2011,10.33974,2.55,5.0,777.0,5378.0,0.732,0.761,832.532
Kepler-1674 b,Kepler-1674,Transit,2020,62.5611,3.2057749,10.4,417.0,5473.91,0.877273,0.96,1012.48
Kepler-1675 b,Kepler-1675,Transit,2020,63.0382,3.12483349,9.93,465.0,5853.19,1.12865,1.06,651.117
HD 108236 b,HD 108236,Transit,2020,3.795963,1.615,3.24,1099.0,5660.0,0.877,0.869,64.5978
HD 164922 c,HD 164922,Radial Velocity,2016,75.74,3.66,13.0,400.5,5390.0,0.946,0.926,22.0016
KMT-2019-BLG-0842L b,KMT-2019-BLG-0842L,Microlensing,2020,,3.19,10.28,,,,0.76,3320.0
HD 108236 e,HD 108236,Transit,2020,19.590025,3.083,9.71,636.0,5660.0,0.877,0.869,64.5978
WASP-150 b,WASP-150,Transit,2020,5.644207,11.99363,2688.8418,1460.0,6218.0,1.651,1.394,527.995
NGTS-13 b,NGTS-13,Transit,2021,4.119027,12.800678,1538.2972,1605.0,5819.0,1.788,1.3,647.595
MOA-2009-BLG-319L b,MOA-2009-BLG-319L,Microlensing,2010,,9.64,67.3,,,,0.524,7050.0
Kepler-1685 b,Kepler-1685,Transit,2020,20.4905,2.57673985,7.16,625.0,5484.0,0.835451,0.96,1141.89
Kepler-1686 b,Kepler-1686,Transit,2020,9.30987,1.42553017,2.62,913.0,5714.96,1.19951,1.02,729.823
KMT-2016-BLG-2397L b,KMT-2016-BLG-2397L,Microlensing,2020,,13.2,836.0,,,,0.64,4880.0
OGLE-2017-BLG-0604L b,OGLE-2017-BLG-0604L,Microlensing,2020,,14.2,160.0,,,,0.7,3950.0
OGLE-2017-BLG-1375L b,OGLE-2017-BLG-1375L,Microlensing,2020,,12.4,3585.0,,,,0.81,3930.0
NGTS-14 A b,NGTS-14 A,Transit,2021,3.5357173,4.976796,29.24036,1143.0,5187.0,0.842,0.898,322.148
HD 13808 b,HD 13808,Radial Velocity,2021,14.1815,3.35,11.2,661.56,5035.0,0.781,0.771,28.2305
OGLE-2015-BLG-1771L b,OGLE-2015-BLG-1771L,Microlensing,2020,,14.3,138.0,,,,0.077,7070.0
OGLE-2018-BLG-1700L b,OGLE-2018-BLG-1700L,Microlensing,2020,,12.9,1400.0,,,,0.42,7600.0
Kepler-1687 b,Kepler-1687,Transit,2020,5.77954,1.65623882,3.38,598.0,4132.0,0.726119,0.65,417.014
Kepler-1689 b,Kepler-1689,Transit,2020,8.483,0.94678642,0.799,879.0,5731.43,0.996208,1.023,294.122
Kepler-462 b,Kepler-462,Transit,2016,84.6866,3.0,53.9,611.0,7500.0,1.57,1.59,596.625
HD 4760 b,HD 4760,Radial Velocity,2021,434.0,12.3,4417.837,1198.67,4076.0,42.4,1.05,537.873
HD 110113 c,HD 110113,Radial Velocity,2021,6.744,2.11384817,10.5,990.0,5732.0,0.968,0.997,106.307
HD 96992 b,HD 96992,Radial Velocity,2021,514.0,13.7,362.3262,557.72,4725.0,7.43,0.96,396.082
KMT-2018-BLG-1292L b,KMT-2018-BLG-1292L,Microlensing,2020,,12.9,1400.0,,,,1.09,3460.0
OGLE-2012-BLG-0838L b,OGLE-2012-BLG-0838L,Microlensing,2020,,8.39,53.1,,,,0.4,6320.0
Kepler-1691 b,Kepler-1691,Transit,2020,3.8482,1.83470985,4.02,1283.0,6000.0,1.13152,1.11,1267.67
Kepler-1692 b,Kepler-1692,Transit,2020,5.95966,1.11177184,1.42,897.0,5146.0,0.866139,0.87,591.019
EPIC 201170410.02,EPIC 201170410,Transit,2020,6.7987,1.047,1.15,500.03,3648.0,0.282,0.287,134.0
Kepler-160 d,Kepler-160,Transit Timing Variations,2020,30.0,,100.0,676.54,5471.0,1.118,1.003,937.013
Kepler-160 c,Kepler-160,Transit,2014,13.699429,3.76,13.6,771.0,5471.0,1.118,1.003,937.013
Kepler-1694 b,Kepler-1694,Transit,2020,3.89526,1.17986031,1.76,956.0,4954.0,0.756284,0.82,513.329
Kepler-716 c,Kepler-716,Transit,2020,3.96999,1.39281536,2.52,992.0,5012.0,0.742183,0.83,635.009
EPIC 201757695.02,EPIC 201757695,Transit,2020,2.0478,0.90819,0.688,1025.29,4520.0,0.655,0.727,577.6
HD 110082 b,HD 110082,Transit,2021,10.18271,3.2,10.3,957.2,6200.0,1.19,1.21,105.096
Kepler-1664 b,Kepler-1664,Transit,2020,14.3868,3.03320653,9.45,776.0,5735.81,1.072,0.944,626.691
Kepler-1001 c,Kepler-1001,Transit,2020,9.18186,1.57799279,3.11,804.0,5376.0,0.836475,0.93,928.978
TOI-954 b,TOI-954,Transit,2020,3.6849729,9.550068,55.30242,1526.0,5710.0,1.892,1.201,238.768
K2-329 b,K2-329,Transit,2020,12.4551225,8.675766,82.6358,650.0,5282.0,0.822,0.901,233.237
HATS-49 b,HATS-49,Transit,2020,4.1480467,8.574885,112.19399,834.8,4405.0,0.6977,0.7133,324.413
TYC 8998-760-1 c,TYC 8998-760-1,Imaging,2020,,12.3299,1906.98,1240.0,4573.0,1.02,1.0,94.6177
Wendelstein-1 b,Wendelstein-1,Transit,2020,2.663416,11.5609626,188.15536,2198.0,4251.0,0.61,0.65,305.3
MOA-2013-BLG-220L b,MOA-2013-BLG-220L,Microlensing,2014,,13.2,871.0,,,,0.88,6720.0
KMT-2016-BLG-1836L b,KMT-2016-BLG-1836L,Microlensing,2019,,13.3,700.0,,,,0.49,7100.0
OGLE-2013-BLG-0911L b,OGLE-2013-BLG-0911L,Microlensing,2019,,12.5,3020.0,,,,0.29,3220.0
BD-11 4672 c,BD-11 4672,Radial Velocity,2020,74.2,4.04,15.37,320.21,4550.0,0.639,0.651,27.1665
BD-11 4672 b,BD-11 4672,Radial Velocity,2014,1634.0,14.1,206.5895,114.17,4550.0,0.639,0.651,27.1665
HIP 65 A b,HIP 65 A,Transit,2020,0.9809734,22.75427,1021.18779,1411.0,4590.0,0.7242,0.781,61.7856
TOI-481 b,TOI-481,Transit,2020,10.33111,11.09691,486.2799,1370.0,5735.0,1.66,1.14,179.366
TIC 237913194 b,TIC 237913194,Transit,2020,15.168865,12.520453,617.22586,974.0,5788.0,1.088,1.026,306.063
OGLE-2016-BLG-1227L b,OGLE-2016-BLG-1227L,Microlensing,2020,,13.9,250.0,,,,0.1,
TOI-157 b,TOI-157,Transit,2020,2.0845435,14.414774,375.0394,1588.0,5404.0,1.167,0.948,355.683
TOI-169 b,TOI-169,Transit,2020,2.2554477,12.172974,251.40353,1715.0,5880.0,1.288,1.147,407.84
Kepler-1700 b,Kepler-1700,Transit,2020,234.239,2.90129941,8.76,329.0,6031.0,1.0937,1.12,717.597
Kepler-1666 b,Kepler-1666,Transit,2020,25.8476,2.88273782,8.66,672.0,6293.0,1.14586,1.23,1379.37
Gl 686 b,Gl 686,Radial Velocity,2018,15.53,2.46,6.624,379.0,3656.0,0.427,0.426,8.15728
HD 180617 b,HD 180617,Radial Velocity,2018,105.911,3.53,12.214,201.8,3534.0,0.481,0.484,5.91059
HD 158259 e,HD 158259,Radial Velocity,2020,7.951,2.34,6.08,,5801.89,1.21,1.08,27.0498
HD 158259 c,HD 158259,Radial Velocity,2020,3.432,2.23,5.6,,5801.89,1.21,1.08,27.0498
HATS-37 A b,HATS-37 A,Transit,2020,4.3315366,6.792654,31.46517,1085.0,5326.0,0.877,0.843,211.896
GJ 687 b,GJ 687,Radial Velocity,2014,38.142,4.32,17.2,263.65,3413.0,0.4183,0.4,4.54939
GJ 2056 b,GJ 2056,Radial Velocity,2020,69.971,4.17,16.2,310.74,4069.95,0.709495,0.62,28.4434
TOI-237 b,TOI-237,Transit,2020,5.436098,1.44,2.67,388.0,3212.0,0.211,0.179,38.0749
HD 216520 c,HD 216520,Radial Velocity,2020,154.43,3.03,9.44,295.22,5103.0,0.76,0.82,19.552
CoRoT-30 b,CoRoT-30,Transit,2020,9.06005,11.309881,921.707,894.6,5650.0,0.91,0.98,1032.23
CoRoT-31 b,CoRoT-31,Transit,2020,4.62941,16.36514,266.9772,1664.86,5700.0,2.15,1.25,2005.76
HIP 38594 b,HIP 38594,Radial Velocity,2020,60.722,2.77,8.1,308.29,4086.3,0.626646,0.61,17.7886
WASP-186 b,WASP-186,Transit,2020,5.026799,12.44199,1341.2426,1378.4,6361.0,1.47,1.22,278.514
Kepler-29 c,Kepler-29,Transit,2011,13.28613,2.34,4.5,715.0,5378.0,0.732,0.761,832.532
Kepler-783 c,Kepler-783,Transit,2020,7.05395,2.33153725,6.04,840.0,5411.49,0.872088,0.94,516.09
Kepler-1667 b,Kepler-1667,Transit,2020,83.5781,2.98385261,9.19,655.0,5941.54,1.08751,1.09,626.819
HIP 4845 b,HIP 4845,Radial Velocity,2020,34.15,3.89,14.4,358.21,4010.0,0.603999,0.62,21.0974
HIP 48714 b,HIP 48714,Radial Velocity,2020,17.818,5.11,22.9,446.47,4015.5,0.595456,0.58,10.5298
TOI-251 b,TOI-251,Transit,2021,4.93777,2.74,317.83,1041.19,5875.0,0.881,1.036,99.523
HAT-P-68 b,HAT-P-68,Transit,2020,2.29840551,12.016048,230.10892,1027.8,4508.0,0.6701,0.6785,202.152
Kepler-177 b,Kepler-177,Transit,2013,36.8601,3.5,5.84,549.0,5732.0,1.324,0.921,1435.44
Kepler-36 b,Kepler-36,Transit,2012,13.86825,1.498,3.83,978.0,5979.0,1.634,1.034,527.956
KOI-1783.01,KOI-1783,Transit,2020,134.4628,8.86,71.0,412.0,5922.0,1.143,1.076,865.73
Kepler-1668 b,Kepler-1668,Transit,2020,15.434,4.34764405,17.4,721.0,5542.0,1.01738,0.98,1335.64
Kepler-598 c,Kepler-598,Transit,2020,86.4945,3.02420941,9.4,367.0,5245.0,0.900316,0.9,681.086
KMT-2019-BLG-1953L b,KMT-2019-BLG-1953L,Microlensing,2020,,14.1,200.0,,,,0.31,7040.0
Kepler-1514 c,Kepler-1514,Transit,2020,10.514181,1.1758241,1.74,1066.0,6145.0,1.289,1.196,397.292
KOI-1783.02,KOI-1783,Transit,2020,284.215,5.44,15.0,321.0,5922.0,1.143,1.076,865.73
HD 156668 c,HD 156668,Radial Velocity,2021,811.3,6.17,31.49679513,166.08,4903.69,0.774528,0.785167,24.3323
HD 211403 b,HD 211403,Radial Velocity,2021,223.8,12.8,1760.76937478,380.0,6273.0,1.206,1.2,83.0919
K2-344 b,K2-344,Transit,2021,3.35585,1.59,3.15,722.0,4374.0,0.49,0.51,75.1691
HD 24040 c,HD 24040,Radial Velocity,2021,515.4,9.35,63.88350981,287.75,5776.49,1.387296,1.10394,46.6224
HD 3765 b,HD 3765,Radial Velocity,2021,1211.0,8.56,54.98431441,152.85,5049.8,0.83061,0.851785,17.926
HD 213472 b,HD 213472,Radial Velocity,2021,17000.0,13.1,1112.3994245,91.76,5729.54,1.433902,1.048132,64.4527
K2-348 c,K2-348,Transit,2021,12.550171,2.67,7.61,655.0,5077.0,0.85,0.83,201.856
CD Cet b,CD Cet,Radial Velocity,2020,2.2907,1.82,3.95,464.0,3130.0,0.175,0.161,8.60715
G 264-012 b,G 264-012,Radial Velocity,2021,2.30538,1.39,2.5,587.0,3326.0,0.305,0.297,16.009
K2-352 d,K2-352,Transit,2021,14.871387,2.23,5.6,727.0,5791.0,0.95,0.98,176.051
K2-339 b,K2-339,Transit,2021,19.507428,1.92,4.35,508.0,4857.0,0.72,0.74,360.36
K2-282 b,K2-282,Transit,2018,4.169783,2.5,6.8,1057.0,5499.0,1.0,0.94,496.289
K2-156 b,K2-156,Transit,2018,0.813143,1.1,1.37,1347.0,4460.0,0.62,0.66,150.21
TOI-257 b,TOI-257,Transit,2021,18.38818,7.16253867,43.86032017,1027.0,6095.0,1.867,1.407,76.9028
HAT-P-58 b,HAT-P-58,Transit,2021,4.0138379,14.93036229,118.2321674,1622.0,6078.0,1.53,1.031,515.59
HAT-P-59 b,HAT-P-59,Transit,2021,4.1419771,12.58768533,489.45574678,1277.8,5678.0,1.1038,1.008,265.471
K2-268 d,K2-268,Transit,2021,4.528598,1.49,2.83,888.0,5106.0,0.78,0.84,327.783
TOI-269 b,TOI-269,Transit,2021,3.6977104,2.77,8.8,531.0,3514.0,0.398,0.3917,57.0225
K2-268 f,K2-268,Transit,2021,26.27057,2.23,5.6,492.0,5106.0,0.78,0.84,327.783
K2-187 b,K2-187,Transit,2018,0.77401,1.2,1.87,1815.0,5438.0,0.83,0.966999,330.916
K2-210 b,K2-210,Transit,2018,0.57023,0.86,0.566,,5500.0,0.89,0.911717,176.51
K2-32 b,K2-32,Transit,2016,8.992,5.299,15.0,837.0,5271.0,0.86,0.83,157.682
K2-32 e,K2-32,Transit,2019,4.34934,1.212,2.1,1066.0,5271.0,0.86,0.83,157.682
HAT-P-64 b,HAT-P-64,Transit,2021,4.007232,19.08889413,184.34047606,1766.0,6457.0,1.735,1.298,651.897
Kepler-129 c,Kepler-129,Transit,2014,82.2,2.52,43.0,525.0,5770.0,1.653,1.178,408.845
K2-331 b,K2-331,Transit,2021,9.398977,1.79,3.86,909.0,5994.0,1.06,1.1,211.43
EPIC 228836835 b,EPIC 228836835,Transit,2021,0.728113,1.1,1.37,932.0,3782.0,0.32,0.418179,150.124
K2-223 c,K2-223,Transit,2018,4.562546,1.5,2.86,1091.0,5859.0,1.0,1.06,198.604
K2-32 c,K2-32,Transit,2016,20.66093,3.134,8.1,634.0,5271.0,0.86,0.83,157.682
K2-32 d,K2-32,Transit,2016,31.71701,3.484,6.7,550.0,5271.0,0.86,0.83,157.682
KIC 10068024 b,KIC 10068024,Orbital Brightness Modulation,2021,2.073549,13.4,635.656814,,6118.4,1.574,1.22,721.105
K2-350 b,K2-350,Transit,2021,4.163873,1.54,2.99,1158.0,5789.0,1.04,0.98,489.368
K2-353 b,K2-353,Transit,2021,15.466805,5.55,26.3,735.0,5698.0,0.99,0.87,268.515
K2-137 b,K2-137,Transit,2017,0.179719,0.64,158.915,1471.0,3697.0,0.29,0.463,98.8765
EPIC 206042996 b,EPIC 206042996,Transit,2019,5.2986,1.7,3.53,,4114.0,0.5,0.565,451.769
NGTS-15 b,NGTS-15,Transit,2021,3.27623,12.32987877,238.68913366,1146.0,5600.0,0.954,0.995,786.485
K2-354 b,K2-354,Transit,2021,3.793306,1.56,3.05,543.0,3669.0,0.41,0.43,91.722
K2-330 b,K2-330,Transit,2021,13.774798,2.77,8.1,969.0,6232.0,1.5,1.23,160.125
TOI-1333 b,TOI-1333,Transit,2021,4.720219,15.647764,753.2571,1679.0,6274.0,1.925,1.464,200.492
HD 238090 b,HD 238090,Radial Velocity,2020,13.671,2.52,6.89,469.6,3933.0,0.57,0.578,15.2354
NGTS-18 b,NGTS-18,Transit,2021,3.05125,13.56286665,129.99181846,1381.0,5610.0,1.392,1.003,1096.19
HD 136352 b,HD 136352,Radial Velocity,2019,11.57797,1.664,4.72,905.0,5664.0,1.058,0.87,14.682
K2-336 b,K2-336,Transit,2021,21.194733,1.22,1.98,569.0,5424.0,0.8,0.86,239.289
GJ 414 A b,GJ 414 A,Radial Velocity,2021,50.8,2.63,7.6,308.6,4120.0,0.68,0.65,11.8893
BD+55 362 b,BD+55 362,Radial Velocity,2021,265.59,14.0,228.83645304,259.06,5012.0,0.896193,0.909,52.5697
HD 136352 d,HD 136352,Radial Velocity,2019,107.245,2.562,8.82,431.0,5664.0,1.058,0.87,14.682
K2-337 b,K2-337,Transit,2021,16.273563,2.62,7.37,850.0,5869.0,1.32,0.94,421.636
K2-138 c,K2-138,Transit,2017,3.56004,2.299,6.31,1012.0,5356.3,0.863,0.935,202.585
KOI-1831 d,Kepler-324,Transit,2018,34.169,1.13,2.23,475.0,5233.0,0.835,0.901,501.574
K2-340 b,K2-340,Transit,2021,29.740451,3.36,11.2,606.0,5532.0,1.13,0.93,738.136
K2-138 d,K2-138,Transit,2017,5.40479,2.39,7.92,888.0,5356.3,0.863,0.935,202.585
K2-138 e,K2-138,Transit,2017,8.26146,3.39,12.97,757.0,5356.3,0.863,0.935,202.585
EPIC 212297394 c,EPIC 212297394,Transit,2021,5.213965,2.27,5.77,866.0,5171.0,0.8,0.83,418.395
K2-138 f,K2-138,Transit,2017,12.75758,2.904,1.63,653.0,5356.3,0.863,0.935,202.585
K2-100 b,K2-100,Transit,2016,1.6739035,3.88,21.8,1841.0,5945.0,1.24,1.15,188.959
TOI-2202 c,TOI-2202,Transit Timing Variations,2021,24.6744,13.4,117.27868218,560.61,5144.0,0.794,0.823,235.933
KMT-2019-BLG-1715L b,KMT-2019-BLG-1715L,Microlensing,2021,,13.2,813.64072192,,,,0.61,3860.0
K2-349 b,K2-349,Transit,2021,9.032178,1.38,2.48,518.0,4385.0,0.49,0.54,453.567
K2-350 c,K2-350,Transit,2016,19.991944,2.74,7.95,687.0,5789.0,1.04,0.98,489.368
K2-351 b,K2-351,Transit,2021,7.806164,2.54,6.99,934.0,5769.0,1.05,1.02,694.734
GJ 740 b,GJ 740,Radial Velocity,2021,2.37756,1.53,2.96,829.0,3913.0,0.56,0.58,11.1017
HD 60292 b,HD 60292,Radial Velocity,2020,495.4,12.7,2065.895,889.53,4348.0,27.0,1.7,315.211
TOI-1749 b,TOI-1749,Transit,2021,2.38839,1.39,57.0,831.0,3985.0,0.55,0.58,99.5561
TOI-1749 d,TOI-1749,Transit,2021,9.0497,2.52,15.0,533.0,3985.0,0.55,0.58,99.5561
KMT-2018-BLG-1025L b,KMT-2018-BLG-1025L,Microlensing,2021,,2.34,6.059,,,,0.219,6705.0
K2-185 b,K2-185,Transit,2018,10.616384,1.15,1.6,809.0,5788.0,0.94,0.96,268.357
EPIC 212587672 c,EPIC 212587672,Transit,2021,23.228555,2.32,5.99,658.0,6004.0,0.98,0.99,320.07
HD 221420 b,HD 221420,Radial Velocity,2019,10090.0,12.0,7278.2705203,123.49,5847.0,1.947,1.351,31.1415
K2-185 c,K2-185,Transit,2018,52.713494,2.39,6.3,477.0,5788.0,0.94,0.96,268.357
TOI-1201 b,TOI-1201,Transit,2021,2.4919863,2.415,6.28,703.0,3476.0,0.508,0.512,37.8871
HD 136925 b,HD 136925,Radial Velocity,2021,4540.0,13.9,266.97586188,134.25,5773.19,1.193078,0.875104,47.874
HD 109286 b,HD 109286,Radial Velocity,2021,520.1,13.2,950.30693693,259.4,5694.0,1.089,0.98,55.4156
Kepler-1771 b,Kepler-1771,Transit,2021,88.64399719,4.05537256,15.5,391.0,5661.0,0.934,0.941,565.752
Kepler-1786 b,Kepler-1786,Transit,2021,78.5460968,3.16305828,10.1,501.0,5808.0,1.397,1.058,863.909
Kepler-1834 b,Kepler-1834,Transit,2021,4.603010178,1.4593834,2.73,848.0,4821.0,0.788,0.765,500.395
TOI-559 b,TOI-559,Transit,2021,6.9839095,12.22899794,1910.14872607,1180.0,5925.0,1.233,1.026,233.266
Kepler-418 c,Kepler-418,Transit,2021,12.21829987,5.22108654,23.7,835.0,5822.0,1.081,0.957,1002.53
Kepler-1801 b,Kepler-1801,Transit,2021,10.44089985,2.70926154,7.8,829.0,5738.0,0.981,0.936,839.332
Kepler-1838 b,Kepler-1838,Transit,2021,12.14680004,1.66049425,3.4,1097.0,5877.0,1.963,1.187,451.242
Kepler-1839 b,Kepler-1839,Transit,2021,5.056759834,1.9493759,4.46,1049.0,5926.0,0.939,1.03,1136.6
TOI-530 b,TOI-530,Transit,2021,6.387597,9.30345398,127.1313628,565.0,3659.0,0.54,0.53,148.762
Kepler-1749 b,Kepler-1749,Transit,2021,14.53409958,1.61301783,3.23,420.0,3957.0,0.553,0.551,268.2
Kepler-1841 b,Kepler-1841,Transit,2021,25.88599968,1.48912557,2.82,542.0,5190.0,0.899,0.823,631.7
Kepler-1842 b,Kepler-1842,Transit,2021,14.02639961,2.35388681,6.14,822.0,5970.0,1.131,1.057,923.551
HAT-P-43 b,HAT-P-43,Transit,2012,3.3326414,13.63,210.395,1353.0,5693.0,1.08,1.03,528.825
Kepler-1742 b,Kepler-1742,Transit,2021,49.47819901,2.1782413,5.38,462.0,5776.0,0.849,0.939,669.573
Kepler-1743 b,Kepler-1743,Transit,2021,7.649710178,1.59887007,3.18,1144.0,5855.0,1.613,1.266,538.807
Kepler-1741 b,Kepler-1741,Transit,2021,2.757590055,1.273,2.16,615.0,3683.0,0.424,0.454,270.739
Kepler-1810 b,Kepler-1810,Transit,2021,101.1330032,3.91815325,14.6,380.0,5492.0,1.016,0.921,1009.87
Kepler-1812 b,Kepler-1812,Transit,2021,7.165219784,2.3249424,6.01,1034.0,6174.0,1.103,1.162,1409.19
Kepler-1845 b,Kepler-1845,Transit,2021,11.60649967,2.43836702,6.52,584.0,4703.0,0.701,0.686,710.724
Kepler-1716 b,Kepler-1716,Transit,2021,35.58100128,2.4247685,6.46,408.0,4894.0,0.684,0.753,195.439
K2-95 b,K2-95,Transit,2016,10.1346454,3.31,11.0,474.0,3566.0,0.4,0.41,179.854
Kepler-1746 b,Kepler-1746,Transit,2021,321.2120056,8.93504475,59.1,310.0,6018.0,1.286,1.09,979.541
Kepler-1745 b,Kepler-1745,Transit,2021,3.016190052,1.92872921,4.38,1449.0,5611.0,1.4,0.995,996.105
Kepler-1814 b,Kepler-1814,Transit,2021,2.935359955,2.36961357,6.21,1022.0,4922.0,0.823,0.79,726.346
Kepler-1813 b,Kepler-1813,Transit,2021,2.818160057,1.413,2.58,1059.0,5167.0,0.787,0.812,
Kepler-1815 b,Kepler-1815,Transit,2021,12.19139957,2.7489262,7.99,763.0,5516.0,0.967,0.856,1006.63
Kepler-1856 b,Kepler-1856,Transit,2021,1.302000046,1.73447868,3.66,1344.0,4948.0,0.816,0.782,848.76
K2-101 b,K2-101,Transit,2016,14.6762429,2.0,4.66,618.0,4927.0,0.76,0.82,188.33
Kepler-1669 c,Kepler-1669,Transit,2021,1.609320045,1.90120972,4.27,958.0,4224.0,0.603,0.609,543.444
Kepler-1165 c,Kepler-1165,Transit,2021,29.96870041,3.36093385,11.2,644.0,6249.0,1.076,1.13,1575.2
Kepler-1816 b,Kepler-1816,Transit,2021,91.50099945,1.9679397,4.53,310.0,5051.0,0.706,0.786,437.823
Kepler-1847 b,Kepler-1847,Transit,2021,11.12969971,2.74516914,7.97,843.0,6122.0,0.964,1.041,1693.86
K2-355 b,K2-355,Transit,2021,5.7385647,2.25,5.69,1066.0,5790.0,0.92,0.96,500.497
K2-356 b,K2-356,Transit,2021,21.0267366,2.29,5.86,624.0,5568.0,0.86,0.9,355.54
Kepler-1757 b,Kepler-1757,Transit,2021,19.65640068,2.94660251,8.99,549.0,5288.0,0.74,0.828,807.308
Kepler-1758 b,Kepler-1758,Transit,2021,9.977210045,2.57059831,7.13,1028.0,5557.0,1.616,1.035,1588.41
Kepler-1819 b,Kepler-1819,Transit,2021,16.48690033,3.90351256,14.5,760.0,6090.0,1.071,1.173,1363.19
Kepler-1817 b,Kepler-1817,Transit,2021,44.29919815,2.27349126,5.79,463.0,5316.0,0.915,0.878,748.569
K2-357 b,K2-357,Transit,2021,16.3488637,3.72,13.4,735.0,5794.0,1.0,0.98,517.687
K2-358 b,K2-358,Transit,2021,11.2510285,2.68,7.65,888.0,5650.0,0.91,0.93,480.307
Kepler-1731 b,Kepler-1731,Transit,2021,21.76129913,2.93295657,8.92,486.0,4859.0,0.72,0.781,169.948
Kepler-1762 b,Kepler-1762,Transit,2021,29.53910065,2.76022913,8.05,714.0,6572.0,1.238,1.298,1663.74
Kepler-1820 b,Kepler-1820,Transit,2021,31.03249931,3.11883067,9.9,561.0,5841.0,0.931,1.047,1425.39
Kepler-1821 b,Kepler-1821,Transit,2021,16.45809937,2.59248115,7.24,644.0,5475.0,0.884,0.946,799.699
Kepler-1788 b,Kepler-1788,Transit,2021,2.800120115,2.37850461,6.25,956.0,4786.0,0.704,0.686,560.445
Kepler-1859 b,Kepler-1859,Transit,2021,2.729599953,1.58313575,3.13,1455.0,5887.0,1.235,1.09,1331.25
Kepler-1860 b,Kepler-1860,Transit,2021,12.73719978,1.13863767,1.55,697.0,5420.0,0.868,0.874,438.703
K2-184 b,K2-184,Transit,2018,16.9780102,1.47,2.76,533.0,5245.0,0.75,0.84,75.5857
Kepler-1712 b,Kepler-1712,Transit,2021,13.81499958,2.28372556,5.83,391.0,3732.0,0.509,0.515,156.264
Kepler-1763 b,Kepler-1763,Transit,2021,1.480280042,1.14651332,1.59,1822.0,5897.0,1.259,1.026,756.486
Kepler-1764 b,Kepler-1764,Transit,2021,70.46829987,4.55527871,18.8,511.0,6461.0,1.131,1.162,1542.48
Kepler-1790 b,Kepler-1790,Transit,2021,31.58889961,3.1446145,10.0,682.0,5866.0,1.367,1.02,1070.17
Kepler-1791 b,Kepler-1791,Transit,2021,7.720860004,3.12103321,9.91,1021.0,5887.0,1.177,0.985,602.218
EPIC 220554210 c,K2-282,Transit,2019,0.70531,1.6,3.19,,5499.0,1.0,0.94,496.289
K2-273 b,K2-273,Transit,2018,11.7195663,3.05,9.53,849.0,5161.0,0.85,0.89,308.105
K2-104 b,K2-104,Transit,2016,1.9741954,1.79,3.86,798.0,3712.0,0.48,0.51,189.289
Kepler-1792 b,Kepler-1792,Transit,2021,4.1957798,2.51990972,6.89,1047.0,5229.0,1.005,0.878,601.029
Kepler-1090 c,Kepler-1090,Transit,2021,42.42720032,3.29265785,10.9,496.0,5330.0,1.013,0.869,858.77
EPIC 220492298 b,EPIC 220492298,Transit,2021,0.762406,0.99,0.937,,5620.0,0.89,0.95,624.512
EPIC 206024342 c,EPIC 206024342,Transit,2021,0.911724,1.4,2.54,,5724.0,1.1,0.928,369.888
Kepler-1760 b,Kepler-1760,Transit,2021,38.3260994,2.28995546,5.86,480.0,5229.0,0.903,0.821,
Kepler-1777 b,Kepler-1777,Transit,2021,12.18420029,2.13189678,5.19,819.0,5771.0,1.068,0.984,619.146
K2-275 c,K2-275,Transit,2018,8.4388385,2.21,5.52,653.0,4841.0,0.69,0.77,123.438
K2-275 b,K2-275,Transit,2018,3.2809626,2.34,6.08,1166.0,4841.0,0.69,0.77,123.438
Kepler-1775 b,Kepler-1775,Transit,2021,85.65399933,3.64762153,12.9,522.0,5818.0,1.647,1.149,657.023
Kepler-1797 b,Kepler-1797,Transit,2021,23.3593998,3.05774442,9.58,684.0,6244.0,1.009,1.069,1338.49
Kepler-1798 b,Kepler-1798,Transit,2021,16.85589981,2.30911251,5.94,408.0,3967.0,0.587,0.593,395.196
TIC 172900988 b,TIC 172900988 Aa,Transit,2021,200.452,11.25,942.0,361.24,6050.0,1.3842,1.2384,250.956
HD 93385 d,HD 93385,Radial Velocity,2021,45.85,2.89,8.7,619.44,5977.0,1.18484,1.04,43.3475
OGLE-2018-BLG-0567L b,OGLE-2018-BLG-0567L,Microlensing,2021,,12.3,101.70509024,,,,0.25,7060.0
OGLE-2018-BLG-0962L b,OGLE-2018-BLG-0962L,Microlensing,2021,,13.6,425.89006538,,,,0.54,6500.0
Kepler-487 d,Kepler-487,Transit,2021,2.418390036,2.77513568,8.12,1226.0,5422.0,0.887,0.874,872.343
Kepler-1822 b,Kepler-1822,Transit,2021,22.13339996,2.64755943,7.5,507.0,5165.0,0.702,0.782,897.597
Kepler-1823 b,Kepler-1823,Transit,2021,21.10339928,2.0861268,5.0,718.0,6000.0,1.126,1.068,724.971
HD 96700 c,HD 96700,Radial Velocity,2021,19.88,1.69,3.5,808.42,5845.0,1.16,0.89,25.4111
HD 96700 d,HD 96700,Radial Velocity,2021,103.5,3.61,12.7,466.19,5845.0,1.16,0.89,25.4111
TOI-2257 b,TOI-2257,Transit,2021,35.189346,2.194,5.45,256.0,3430.0,0.313,0.328,57.7911
Kepler-1769 b,Kepler-1769,Transit,2021,89.1934967,4.465,18.2,483.0,6071.0,1.295,1.061,438.412
Kepler-1778 b,Kepler-1778,Transit,2021,10.08740044,3.01665969,9.36,942.0,6310.0,1.095,1.143,1276.29
Kepler-1824 b,Kepler-1824,Transit,2021,95.61100006,2.38127597,6.26,421.0,6002.0,1.081,1.135,1040.1
HD 189567 b,HD 189567,Radial Velocity,2021,14.288,2.85,8.5,845.16,5726.0,1.04,0.83,17.9055
HD 189567 c,HD 189567,Radial Velocity,2021,33.688,2.54,7.0,634.41,5726.0,1.04,0.83,17.9055
HD 137496 c,HD 137496,Radial Velocity,2021,479.9,12.6,2434.56559762,370.0,5799.0,1.59,1.04,155.317
Kepler-1782 b,Kepler-1782,Transit,2021,5.756229877,2.22927435,5.6,773.0,4931.0,0.734,0.794,305.792
Kepler-1784 b,Kepler-1784,Transit,2021,13.59049988,2.79936489,8.24,724.0,5442.0,0.974,0.887,883.045
Kepler-1828 b,Kepler-1828,Transit,2021,10.2737999,2.11598626,5.13,799.0,5806.0,0.899,0.996,871.81
Kepler-1829 b,Kepler-1829,Transit,2021,5.186719894,2.47887001,6.71,860.0,5230.0,0.777,0.873,679.921
Kepler-1776 b,Kepler-1776,Transit,2021,35.01190186,2.61157023,7.33,603.0,5872.0,1.153,1.041,690.336
Kepler-1709 b,Kepler-1709,Transit,2021,65.70459747,3.12424875,9.93,472.0,5918.0,1.043,1.003,273.946
Kepler-1833 b,Kepler-1833,Transit,2021,6.892129898,1.30027362,2.24,1177.0,6164.0,1.446,1.286,591.602
TOI-3362 b,TOI-3362,Transit,2021,18.09547,12.80065596,1598.3590588,688.0,6532.0,1.83,1.445,366.987
Kepler-1738 b,Kepler-1738,Transit,2021,7.674630165,2.82472883,8.37,957.0,6063.0,1.001,1.079,1302.87
Kepler-1739 b,Kepler-1739,Transit,2021,7.343709946,2.43056832,6.48,839.0,5757.0,0.762,0.865,783.666
Kepler-1924 b,Kepler-1924,Transit,2021,15.33170033,2.65446572,7.53,821.0,5726.0,1.285,1.018,1910.77
Kepler-1925 b,Kepler-1925,Transit,2021,46.71640015,3.00177922,9.28,531.0,5856.0,1.092,1.057,1771.31
HATS-76 b,HATS-76,Transit,2021,1.9416423,12.09449018,835.570882,939.8,4016.0,0.6259,0.662,385.689
Kepler-1130 d,Kepler-1130,Transit,2021,4.272250175,0.64472273,0.202,981.0,5450.0,0.842,0.944,249.343
Kepler-1802 c,Kepler-1802,Transit,2021,33.13610077,2.322,6.0,357.0,4245.0,0.637,0.649,636.694
Kepler-1942 b,Kepler-1942,Transit,2021,4.626049995,2.1170287,5.13,1012.0,5834.0,0.797,0.852,842.492
Kepler-1943 b,Kepler-1943,Transit,2021,4.850180149,1.54869189,3.02,1098.0,6032.0,0.973,1.055,1004.55
Kepler-1927 b,Kepler-1927,Transit,2021,73.75039673,3.40627075,11.5,677.0,6056.0,2.481,1.408,1091.0
Kepler-1722 b,Kepler-1722,Transit,2021,9.178569794,2.86719266,8.58,753.0,5506.0,0.788,0.876,772.283
HD 69123 b,HD 69123,Radial Velocity,2022,1193.3,13.1,982.08977763,411.78,4842.0,7.72,1.68,75.116
Kepler-1266 c,Kepler-1266,Transit,2021,4.86631012,1.68023962,3.46,881.0,4996.0,0.831,0.791,849.312
Kepler-394 d,Kepler-394,Transit,2021,5.613580227,1.50066814,2.86,1165.0,6398.0,1.101,1.141,1058.72
Kepler-1944 b,Kepler-1944,Transit,2021,9.842579842,2.75971163,8.05,801.0,5585.0,0.972,1.064,1076.48
Kepler-1945 b,Kepler-1945,Transit,2021,6.080039978,1.289,2.21,808.0,4991.0,0.804,0.767,
Kepler-1946 b,Kepler-1946,Transit,2021,3.035190105,2.48812698,6.75,1143.0,5505.0,0.873,0.887,1002.12
Kepler-1929 b,Kepler-1929,Transit,2021,59.36249924,3.07250761,9.65,566.0,5786.0,1.471,1.006,508.201
Kepler-913 c,Kepler-913,Transit,2021,5.939119816,3.8580709,14.2,1357.0,6068.0,1.797,1.294,991.618
Kepler-324 e,Kepler-324,Transit,2021,13.97939968,2.03862444,235.014,635.0,5191.0,0.826,0.844,501.574
Kepler-1727 b,Kepler-1727,Transit,2021,9.029299736,3.17321625,10.2,757.0,5349.0,0.82,0.824,894.187
Kepler-1931 b,Kepler-1931,Transit,2021,38.5760994,2.65323514,7.53,619.0,6167.0,1.221,1.174,620.091
Kepler-1530 d,Kepler-1530,Transit,2021,9.20761013,3.27870115,10.8,972.0,5678.0,1.303,1.015,489.876
Kepler-1932 b,Kepler-1932,Transit,2021,0.524177015,1.51482218,2.91,1891.0,5278.0,0.815,0.911,713.733
YZ Cet b,YZ Cet,Radial Velocity,2017,2.02087,0.913,0.7,471.2,3151.0,0.157,0.142,3.71207
YZ Cet c,YZ Cet,Radial Velocity,2017,3.05989,1.05,1.14,410.3,3151.0,0.157,0.142,3.71207
Kepler-281 d,Kepler-281,Transit,2021,148.2720032,5.93747806,654.0,321.0,5717.0,0.884,0.984,1745.45
Kepler-495 c,Kepler-495,Transit,2021,5.896609783,1.21936414,1.98,1000.0,5392.0,1.087,0.888,658.924
Kepler-501 c,Kepler-501,Transit,2021,3.622760057,1.68119739,3.47,1304.0,5794.0,1.216,1.032,1125.24
Kepler-196 d,Kepler-196,Transit,2021,122.0800018,2.66065673,7.56,297.0,5132.0,0.77,0.805,451.312
Kepler-1950 b,Kepler-1950,Transit,2021,10.77690029,1.52696349,2.95,752.0,5455.0,0.852,0.759,697.253
Kepler-1899 b,Kepler-1899,Transit,2021,4.095779896,1.55098292,3.02,851.0,4791.0,0.742,0.759,711.509
Kepler-1869 b,Kepler-1869,Transit,2021,8.167360306,1.11955354,1.46,865.0,5808.0,0.902,0.987,113.025
Kepler-1312 c,Kepler-1312,Transit,2021,1.116119981,1.02732734,1.07,1659.0,5721.0,0.905,0.983,299.104
Kepler-1952 b,Kepler-1952,Transit,2021,27.21080017,1.23923346,2.07,725.0,5973.0,1.305,0.922,852.062
Kepler-1728 b,Kepler-1728,Transit,2021,4.782999992,2.95501875,9.04,886.0,5170.0,0.807,0.891,651.783
Kepler-1926 b,Kepler-1926,Transit,2021,42.87770081,2.31495961,5.97,451.0,5256.0,0.832,0.768,667.405
Kepler-1729 b,Kepler-1729,Transit,2021,4.220970154,3.89404186,14.4,595.0,3837.0,0.517,0.544,576.181
Kepler-1972 b,Kepler-1972,Transit,2022,7.54425,0.802,2.02,1084.0,5818.0,1.384,1.12,287.339
Kepler-1321 d,Kepler-1321,Transit,2021,5.720920086,2.62843782,7.41,509.0,3640.0,0.503,0.513,769.146
Kepler-1600 c,Kepler-1600,Transit,2021,7.298049927,1.94206512,4.43,786.0,5119.0,0.834,0.818,1030.81
Kepler-1954 b,Kepler-1954,Transit,2021,5.883430004,1.80235934,3.9,949.0,5840.0,0.849,0.942,1373.83
Kepler-1730 b,Kepler-1730,Transit,2021,13.81019974,4.48524519,18.4,833.0,5942.0,1.142,1.009,1427.08
Kepler-1721 b,Kepler-1721,Transit,2021,4.592380047,3.11856756,9.9,924.0,5351.0,0.796,0.89,641.374
Kepler-1887 b,Kepler-1887,Transit,2021,19.94750023,2.92454357,8.88,625.0,5749.0,0.864,0.961,1366.18
Kepler-1958 b,Kepler-1958,Transit,2021,9.328619957,2.05124311,4.86,806.0,5749.0,0.864,0.961,1320.38
Kepler-1726 b,Kepler-1726,Transit,2021,18.39629936,2.50861954,6.84,582.0,5316.0,0.804,0.876,390.552
Kepler-1723 b,Kepler-1723,Transit,2021,39.75289917,2.88046569,8.65,568.0,6072.0,1.01,0.96,811.278
Kepler-1705 b,Kepler-1705,Transit,2021,9.03502,2.03,4.47,789.0,6312.0,1.259,1.139,1633.49
OGLE-2019-BLG-0960L b,OGLE-2019-BLG-0960L,Microlensing,2021,,1.39,2.5,,,,0.5,980.0
Kepler-1890 b,Kepler-1890,Transit,2021,4.820590019,0.86867375,0.587,1328.0,6046.0,1.396,1.024,529.596
Kepler-1892 b,Kepler-1892,Transit,2021,6.331230164,1.83707938,4.03,822.0,5383.0,0.759,0.851,851.595
Kepler-1959 b,Kepler-1959,Transit,2021,6.38669014,1.14315727,1.57,811.0,5071.0,0.811,0.768,479.263
Kepler-1960 b,Kepler-1960,Transit,2021,2.297940016,1.30749704,2.26,1547.0,6371.0,1.072,1.117,1527.56
Kepler-457 d,KOI-7892,Transit,2021,10.6906004,2.98467257,9.19,1008.0,6474.0,1.242,1.148,1072.3
Kepler-633 c,Kepler-633,Transit,2021,23.78319931,2.296,5.89,725.0,5877.0,1.265,0.997,680.54
Kepler-1861 b,Kepler-1861,Transit,2021,40.0306015,2.20677414,5.5,617.0,5855.0,1.373,1.161,829.985
Kepler-1863 b,Kepler-1863,Transit,2021,44.99760056,2.26309256,5.74,508.0,5871.0,0.983,1.097,865.546
Kepler-1895 b,Kepler-1895,Transit,2021,6.070290089,2.11934728,5.14,789.0,5076.0,0.763,0.86,984.187
Kepler-1911 b,Kepler-1911,Transit,2021,5.990799904,1.011,1.01,987.0,5721.0,0.972,0.954,269.912
Kepler-1865 b,Kepler-1865,Transit,2021,2.524009943,1.57686072,3.11,1203.0,5420.0,0.871,0.849,922.255
Kepler-1866 b,Kepler-1866,Transit,2021,11.66009998,2.08215108,4.99,834.0,5791.0,1.083,1.03,976.737
Kepler-1897 b,Kepler-1897,Transit,2021,24.22030067,2.81407954,8.32,505.0,5165.0,0.761,0.859,983.174
Kepler-1896 b,Kepler-1896,Transit,2021,44.87020111,3.09935997,9.8,536.0,6122.0,0.996,1.07,1732.91
Kepler-1967 b,Kepler-1967,Transit,2021,7.281690121,0.73022577,0.315,1086.0,4970.0,1.806,0.996,249.102
b Cen AB b,b Cen A,Imaging,2021,1790000.0,12.4,3464.3296363,,,,5.5,98.0935
OGLE-2018-BLG-0532L b,OGLE-2018-BLG-0532L,Microlensing,2020,,2.37,6.228,,,,0.195,773.0
Kepler-1867 b,Kepler-1867,Transit,2021,9.887359619,1.15985997,1.65,768.0,5693.0,0.816,0.911,680.583
Kepler-1868 b,Kepler-1868,Transit,2021,211.0339966,3.14950109,10.1,215.0,4658.0,0.686,0.743,274.18
Kepler-1903 b,Kepler-1903,Transit,2021,17.0678997,2.28642395,5.85,769.0,6347.0,0.996,1.053,1775.44
Kepler-1969 b,Kepler-1969,Transit,2021,6.647520065,1.68161001,3.47,999.0,6046.0,1.007,1.111,1204.54
Kepler-1968 b,Kepler-1968,Transit,2021,7.281099796,1.50004034,2.86,744.0,5008.0,0.788,0.844,750.93
Kepler-1871 b,Kepler-1871,Transit,2021,1.952700019,2.42172881,6.44,1403.0,5741.0,0.946,1.02,854.623
Kepler-1872 b,Kepler-1872,Transit,2021,3.825910091,2.38421141,6.28,1005.0,5223.0,0.885,0.913,840.182
Kepler-1906 b,Kepler-1906,Transit,2021,7.362689972,2.77615754,8.13,901.0,5868.0,0.894,0.987,1360.63
Kepler-1907 b,Kepler-1907,Transit,2021,5.652450085,0.86973029,0.589,856.0,5159.0,0.8,0.752,292.111
Kepler-1913 b,Kepler-1913,Transit,2021,14.1960001,1.51852059,2.92,818.0,6214.0,1.076,1.169,876.3
HD 79181 b,HD 79181,Radial Velocity,2021,273.1,14.1,203.41018048,821.87,4862.0,11.06,1.28,103.335
HD 10975 b,HD 10975,Radial Velocity,2021,283.8,14.3,143.02278315,799.92,4840.0,11.16,1.41,116.506
HD 99283 b,HD 99283,Radial Velocity,2021,310.4,13.8,308.29355479,759.06,4886.0,11.21,1.76,111.093
Kepler-1873 b,Kepler-1873,Transit,2021,0.558842003,1.62573811,3.28,1787.0,5151.0,0.792,0.903,820.957
Kepler-1874 b,Kepler-1874,Transit,2021,56.57320023,2.21110724,5.52,356.0,4701.0,0.775,0.758,408.007
Kepler-1909 b,Kepler-1909,Transit,2021,2.391609907,1.09217411,1.33,1031.0,4935.0,0.685,0.663,763.662
Kepler-1717 b,Kepler-1717,Transit,2021,30.65279961,2.98929758,9.21,780.0,6200.0,1.64,1.158,1008.79
Kepler-1917 b,Kepler-1917,Transit,2021,12.90240002,1.88971288,4.23,675.0,5530.0,0.788,0.882,909.037
Kepler-1918 b,Kepler-1918,Transit,2021,47.0564003,2.29763023,5.89,497.0,5889.0,0.924,0.967,1030.11
ups Leo b,ups Leo,Radial Velocity,2021,385.2,14.2,162.09248757,719.08,4836.0,11.22,1.48,52.5973
HD 219139 b,HD 219139,Radial Velocity,2021,275.5,14.0,247.90615746,804.83,4831.0,11.22,1.46,104.935
Kepler-616 d,Kepler-616,Transit,2021,51.06740189,2.653,7.52,499.0,6004.0,0.977,1.061,945.775
Kepler-534 c,Kepler-534,Transit,2021,7.378689766,1.227,2.02,933.0,5936.0,0.965,1.075,570.659
Kepler-1919 b,Kepler-1919,Transit,2021,37.88660049,2.62390658,7.38,479.0,5513.0,0.818,0.868,1177.53
Kepler-1488 c,Kepler-1488,Transit,2021,6.158269882,1.65156749,3.37,1212.0,5710.0,1.524,1.003,905.825
gam Psc b,gam Psc,Radial Velocity,2021,555.1,13.6,425.89006538,666.07,4742.0,11.2,0.99,41.3107
HIP 34222 b,HIP 34222,Radial Velocity,2021,159.986,13.9,263.79757781,218.98,4050.0,0.6186,0.62,22.8386
Kepler-1881 b,Kepler-1881,Transit,2021,159.3939972,2.98104391,9.17,289.0,5135.0,0.874,0.812,1057.21
Kepler-1879 b,Kepler-1879,Transit,2021,10.61340046,2.06512018,4.92,987.0,5865.0,1.388,1.023,627.171
Kepler-1934 b,Kepler-1934,Transit,2021,1.419759989,0.91307734,0.702,1700.0,5925.0,1.035,0.968,428.514
Kepler-1935 b,Kepler-1935,Transit,2021,3.951400042,2.50271696,6.82,1083.0,5570.0,0.899,0.845,904.702
Kepler-1921 b,Kepler-1921,Transit,2021,20.03479958,2.89459458,8.72,967.0,6120.0,2.0,1.251,928.989
HIP 86221 b,HIP 86221,Radial Velocity,2021,2.224,14.0,225.65816897,,,,0.79,29.4898
Kepler-1883 b,Kepler-1883,Transit,2021,103.427002,3.25107395,10.6,416.0,6208.0,1.024,1.086,1377.61
Kepler-1938 b,Kepler-1938,Transit,2021,13.06260014,1.82828927,4.0,527.0,4522.0,0.655,0.646,421.152
TOI-1268 b,TOI-1268,Transit,2022,8.1577094,9.1,96.4,918.9,5300.0,0.92,0.96,109.557
K2-25 b,K2-25,Transit,2015,3.48456408,3.44,24.5,494.0,3207.0,0.2932,0.2634,44.9565
TOI-2136 b,TOI-2136,Transit,2022,7.851928,2.19,6.37,395.0,3342.0,0.34,0.34,33.3631
K2-382 b,K2-382,Transit,2022,21.700156,2.072,4.95,,5452.0,0.811,0.922,278.412
K2-376 b,K2-376,Transit,2022,5.776475,1.736,3.66,,5937.0,1.149,0.908,161.61
iot Dra b,iot Dra,Radial Velocity,2002,510.8544,12.4,3756.73177074,618.67,4504.0,11.79,1.54,31.32832
CoRoT-35 b,CoRoT-35,Transit,2022,3.22748,18.83108758,349.6112477,1747.0,6390.0,1.65,1.01,1123.21
CoRoT-36 b,CoRoT-36,Transit,2022,5.616531,15.80466279,216.12331676,1567.0,6730.0,1.52,1.32,925.958
K2-383 b,K2-383,Transit,2022,1.865962,1.564,3.07,,5129.0,0.804,1.061,203.788
K2-366 b,K2-366,Transit,2022,15.937039,2.359,6.16,,5601.0,0.94,0.825,185.947
iot Dra c,iot Dra,Radial Velocity,2021,25000.0,12.2,4958.1231492,169.31,4504.0,11.79,1.54,31.32832
K2-373 b,K2-373,Transit,2022,11.02066,2.061,4.9,,6138.0,1.486,1.158,229.567
K2-367 b,K2-367,Transit,2022,20.645099,2.413,6.41,,4348.0,0.625,0.756,176.965
HD 160691 c,HD 160691,Radial Velocity,2004,3947.0,,1398.4449908,157.21,5773.0,1.33,1.13,15.5981
HD 160691 d,HD 160691,Radial Velocity,2004,9.6392,3.23,10.49,900.0,5773.0,1.33,1.13,15.5981
K2-384 f,K2-384,Transit,2022,13.62749,2.222,5.57,,3623.0,0.348,0.33,82.6603
K2-369 b,K2-369,Transit,2022,5.761612,1.313,2.28,,5682.0,0.881,0.735,185.55
TOI-620 b,TOI-620,Transit,2022,5.0988179,3.76,13.6,603.6,3708.0,0.55,0.577,33.0231
AB Aur b,AB Aur,Imaging,2022,,12.5,2860.455663,83.63,9770.0,2.95887,2.4,162.127
HD 33142 b,HD 33142,Radial Velocity,2011,330.0,13.7,400.46379282,477.5,5025.4,4.17,1.52,121.375
K2-384 e,K2-384,Transit,2022,9.715043,1.345,2.37,,3623.0,0.348,0.33,82.6603
K2-371 b,K2-371,Transit,2022,3.114905,13.024,,956.83,4925.0,0.736,0.958,442.813
K2-372 b,K2-372,Transit,2022,9.844077,2.945,8.98,,5479.0,0.922,0.847,463.88
TYC 2187-512-1 b,TYC 2187-512-1,Radial Velocity,2022,691.9,12.5,104.88337431,114.69,3734.0,0.495,0.498,15.4744
TOI-1246 b,TOI-1246,Transit,2022,4.30744,3.01,8.1,955.0,5151.0,0.86,0.87,169.422
HD 160691 e,HD 160691,Radial Velocity,2006,307.9,,2224.798849,327.66,5773.0,1.33,1.13,15.5981
K2-393 b,K2-393,Transit,2022,10.413181,2.352,6.13,,5678.0,1.071,0.881,265.914
K2-375 b,K2-375,Transit,2022,14.453895,2.243,5.66,,5822.0,1.543,1.119,696.1
HIP 94235 b,HIP 94235,Transit,2022,7.713057,3.0,379.0,1060.0,5991.0,1.08,1.094,58.5146
KOI-984 c,KOI-984,Transit Timing Variations,2022,21.512,14.1,209.8,597.0,5295.0,0.818,0.928,252.667
K2-389 c,K2-389,Transit,2022,20.851337,2.04,4.82,,5782.0,1.084,0.802,259.208
K2-390 b,K2-390,Transit,2022,3.312792,4.662,19.6,1119.0,5558.0,0.966,0.789,456.122
HD 73583 b,HD 73583,Transit,2022,6.398042,2.79,10.2,714.0,4511.0,0.65,0.73,31.5666
HD 103891 b,HD 103891,Radial Velocity,2022,1919.0,13.2,918.52409623,241.25,6072.0,2.22,1.28,55.5213
HD 105779 b,HD 105779,Radial Velocity,2022,2412.0,14.1,203.41018048,147.29,5792.0,0.94,0.89,55.2411
HD 33142 d,HD 33142,Radial Velocity,2022,89.9,9.32,63.5656814,736.04,5025.4,4.17,1.52,121.375
HD 19615 b,HD 19615,Radial Velocity,2022,402.0,12.6,2701.5414595,1113.92,4263.0,32.3,1.1,265.155
K2-391 b,K2-391,Transit,2022,4.622654,1.371,2.45,,5543.0,0.566,0.757,507.94
HD 73583 c,HD 73583,Transit,2022,18.87974,2.39,9.7,498.0,4511.0,0.65,0.73,31.5666
GJ 411 b,GJ 411,Radial Velocity,2019,12.9394,1.45,2.69,349.83,3719.0,0.3685,0.3899,5.675773
TOI-1064 c,TOI-1064,Transit,2022,12.226574,2.651,2.5,634.0,4734.0,0.726,0.748,68.0726
K2-316 b,K2-316,Transit,2020,1.133,1.33,2.33,841.0,3436.0,0.379,0.408,112.486
HD 95735 c,GJ 411,Radial Velocity,2021,2946.0,3.76,13.6,63.49,3719.0,0.3685,0.3899,5.675773
TOI-2669 b,TOI-2669,Transit,2022,6.2034,19.72780603,193.87532827,1226.0,4800.0,4.1,1.19,393.443
TOI-4329 b,TOI-4329,Transit,2022,2.9223,16.81347105,143.02278315,2027.12,6000.0,2.31,1.538,717.128
K2-397 b,K2-397,Transit,2022,3.572326,2.417,6.42,,5387.0,0.966,0.937,199.354
K2-316 c,K2-316,Transit,2020,5.26,1.83,4.01,423.0,3436.0,0.379,0.408,112.486
TOI-2046 b,TOI-2046,Transit,2022,1.4971842,16.14093221,731.0053361,1828.82,6250.0,1.21,1.13,289.668
Kepler-1656 c,Kepler-1656,Radial Velocity,2022,1919.0,14.0,126.4,161.19,5569.0,1.1,1.03,185.875
TOI-206 b,TOI-206,Transit,2022,0.7363104,1.3,2.24,910.0,3383.0,0.35,0.35,47.7465
K2-398 c,K2-398,Transit,2022,18.787839,5.098,22.8,,5946.0,1.239,0.945,606.992
K2-319 b,K2-319,Transit,2020,26.68,2.79,8.2,641.0,5440.0,0.898,0.954,209.071
mu2 Sco b,mu2 Sco,Imaging,2022,,12.3,4576.7290608,159.05,21700.0,5.6,9.1,
TOI-1693 b,TOI-1693,Transit,2022,1.7666957,1.41,2.57,764.0,3499.0,0.46,0.49,30.7947
K2-402 b,K2-402,Transit,2022,17.27474,2.678,7.65,,5716.0,1.28,0.944,523.055
K2-323 b,K2-323,Transit,2020,24.93,2.1,5.06,318.0,3710.0,0.549,0.478,118.318
HD 81040 b,HD 81040,Radial Velocity,2005,1002.7,12.6,2301.07766668,189.77,5755.0,0.91,0.99,34.4341
HD 171238 b,HD 171238,Radial Velocity,2009,1515.0,12.5,2796.8899816,166.96,5467.0,1.01,0.92,44.8113
HD 87883 b,HD 87883,Radial Velocity,2009,3006.0,12.7,2005.49724817,110.52,4980.0,0.798557,0.8,18.2912
TOI-2411 b,TOI-2411,Transit,2022,0.7826942,1.68,3.46,1355.0,4099.0,0.68,0.65,59.5362
TOI-2427 b,TOI-2427,Transit,2022,1.3060011,1.8,3.89,1117.0,4072.0,0.65,0.64,28.5147
K2-404 b,K2-404,Transit,2022,13.115365,2.53,6.94,,3748.0,0.552,0.552,121.63
K2-325 b,K2-325,Transit,2020,6.93,2.2,5.48,423.0,3287.0,0.298,0.274,111.638
HD 106515 A b,HD 106515 A,Radial Velocity,2012,3626.0,12.1,6006.9568923,116.53,5362.0,0.91,0.89,34.0915
KMT-2017-BLG-2509L b,KMT-2017-BLG-2509L,Microlensing,2021,,13.4,664.26137063,,,,0.46,7040.0
K2-406 b,K2-406,Transit,2022,22.549406,4.602,19.2,,5784.0,0.961,0.798,85.3751
K2-326 b,K2-326,Transit,2020,1.256,2.28,5.82,1114.0,3924.0,0.688,0.507,282.308
TOI-5153 b,TOI-5153,Transit,2022,20.33003,11.88151954,1036.12060682,906.0,6300.0,1.4,1.24,390.484
NGTS-20 b,NGTS-20,Transit,2022,54.18915,11.99360935,947.12865286,688.0,5980.0,1.78,1.47,382.898
HD 29021 b,HD 29021,Radial Velocity,2017,1365.0,12.9,1420.69297929,163.2,5560.0,0.85,0.86,30.9939
KMT-2021-BLG-0912L b,KMT-2021-BLG-0912L,Microlensing,2022,,1.49,2.81,,,,0.8,5560.0
K2-407 c,K2-407,Transit,2022,9.22453,1.36,2.42,,5563.0,0.927,0.881,218.376
K2-199 b,K2-199,Transit,2018,3.2253993,1.73,6.9,913.0,4491.0,0.682,0.711,107.518
Ross 508 b,Ross 508,Radial Velocity,2022,10.77,1.83,4.0,293.86,3071.0,0.2113,0.1774,11.2103
K2-387 b,K2-387,Transit,2022,28.735327,7.322,42.2,,3572.0,0.585,0.57,266.318
K2-374 b,K2-374,Transit,2022,4.521953,1.593,3.16,,5789.0,0.907,0.731,359.439
HD 136118 b,HD 136118,Radial Velocity,2022,1187.59765,12.3,4164.18778851,249.62,6097.0,1.67754,1.18,51.4359
HD 140901 b,HD 140901,Radial Velocity,2022,9.02378,4.07,15.57359194,904.37,5610.0,0.95,0.99,15.2528
HD 93351 c,HD 93351,Radial Velocity,2022,14010.2941,12.3,4154.01727949,74.54,5408.0,0.911435,0.94,56.163
GJ 2030 b,GJ 2030,Radial Velocity,2022,2.38129,2.03,4.76742611,2147.31,5485.0,2.24104,0.96,37.0788
TOI-2570 b,TOI-2570,Transit,2022,2.9887615,13.64132951,260.61929374,1431.0,5771.0,1.095,1.063,361.857
HD 113337 b,HD 113337,Radial Velocity,2013,317.58639,13.1,1035.80277841,395.73,6774.0,1.5,1.41,36.18
HIP 97233 b,HIP 97233,Radial Velocity,2014,1062.26506,12.1,6098.17364511,354.42,5020.0,5.34,1.81,102.275
HD 144899 b,HD 144899,Radial Velocity,2022,40.43914,4.77,20.34101805,770.87,6126.0,1.64802,1.16,115.665
HD 142 A d,HD 142,Radial Velocity,2022,108.45299,10.9,82.63538582,530.32,6245.0,1.47,1.21,26.1853
GJ 2030 c,GJ 2030,Radial Velocity,2022,25533.11353,12.3,4069.15709482,96.71,5485.0,2.24104,0.96,37.0788
GJ 3222 b,GJ 3222,Radial Velocity,2022,10.66669,3.4,11.44182265,811.06,5257.46,0.931389,0.89,18.23817
GJ 680 b,GJ 680,Radial Velocity,2022,17281.66514,12.0,7977.4930157,36.57,3563.0,0.45933,0.456,9.67315
TOI-3540 A b,TOI-3540 A,Transit,2022,3.119999,23.53885947,375.03752026,1498.0,5810.0,1.228,1.081,
TOI-3331 A b,TOI-3331 A,Transit,2022,2.0180231,12.97999965,721.47048389,1488.0,5609.0,0.952,1.016,217.193
TOI-3693 b,TOI-3693,Transit,2022,9.088516,12.59889431,324.18497514,801.0,5321.0,0.791,0.867,176.436
HD 145934 b,HD 145934,Radial Velocity,2015,2751.53433,13.4,658.5404593,276.92,4823.75,6.930587,2.058,227.881
HD 151450 b,HD 151450,Radial Velocity,2022,21.89288,6.94,38.45723725,795.0,6091.98,1.17184,1.14,43.6002
HD 149806 b,HD 149806,Radial Velocity,2022,16521.52778,12.3,4003.68444298,69.13,5352.05,0.89,0.93,20.2727
HD 151450 c,HD 151450,Radial Velocity,2022,18144.76236,12.8,1636.18063924,84.59,6091.98,1.17184,1.14,43.6002
HD 115404 A b,HD 115404 A,Radial Velocity,2022,10.49488,6.09,30.82935548,695.65,5019.17,0.727007,0.83,10.9816
TOI-2196 b,TOI-2196,Transit,2022,1.1947268,3.51,26.0,1860.0,5634.0,1.043,1.032,259.947
HD 191806 b,HD 191806,Radial Velocity,2016,1603.38923,12.5,2966.61035094,206.98,6010.0,1.40223,1.07,65.6668
HD 153557 c,HD 153557,Radial Velocity,2022,15.27018,4.36,17.48056238,604.33,4837.0,0.745171,0.79,17.9412
HD 153557 d,HD 153557,Radial Velocity,2022,40654.64809,11.9,8725.66108578,43.47,4837.0,0.745171,0.79,17.9412
HD 12235 c,HD 12235,Radial Velocity,2022,36336.70679,12.5,3135.69506346,82.22,5986.0,1.80185,1.1,31.7627
HD 56414 b,HD 56414,Transit,2022,29.04992,3.71,13.3,1133.0,8500.0,1.751,1.89,272.217
GJ 896 A b,GJ 896 A,Astrometry,2022,284.39,13.3,718.29219982,126.7,3345.0,0.394682,0.43599,6.26022
GJ 676 A c,GJ 676 A,Radial Velocity,2016,13921.42302,12.3,4288.14086724,47.96,3734.0,0.69,0.626,16.0272
HD 219828 c,HD 219828,Radial Velocity,2016,4789.87297,12.2,5102.41724598,149.17,5891.0,1.56,1.04,73.114
HD 72892 b,HD 72892,Radial Velocity,2016,39.44603,12.8,1737.88572948,634.46,5688.0,1.22,1.01,69.7311
HD 155918 b,HD 155918,Radial Velocity,2022,1.87567,2.67,7.62788177,1622.13,5771.84,1.01906,1.03,27.561
TOI-2048 b,TOI-2048,Transit,2022,13.79019,2.61,7.32,646.0,5185.0,0.79,0.83,116.567
HD 111232 b,HD 111232,Radial Velocity,2003,1169.13202,12.6,2531.50326176,172.05,5512.0,0.9,0.96,28.9571
HD 10697 b,HD 10697,Radial Velocity,1999,1075.3799,12.8,1825.2885414,259.25,5641.0,1.863076,0.99,33.1205
HD 125612 b,HD 125612,Radial Velocity,2007,557.69994,13.2,945.22168242,253.38,5900.0,1.07,1.05,57.6207
HIP 67537 b,HIP 67537,Radial Velocity,2017,2523.64713,12.3,4309.11754211,323.2,4985.0,8.69,2.316,116.046
HD 156098 c,HD 156098,Radial Velocity,2022,7841.5839,12.8,1661.6069118,177.18,6419.19,2.75716,1.29,48.249
HD 156098 b,HD 156098,Radial Velocity,2022,21.85849,4.12,15.89142035,1257.73,6419.19,2.75716,1.29,48.249
HD 168863 b,HD 168863,Radial Velocity,2022,14773.93272,12.7,2154.87659946,63.01,4905.0,0.777826,0.8,39.8979
HIP 19976 b,HIP 19976,Radial Velocity,2022,50.65905,4.94,21.61233168,378.1,4316.0,0.772319,0.67,40.2707
HD 203387 c,HD 203387,Radial Velocity,2022,2481.07227,12.6,2378.9456264,360.63,5174.32,10.5852,2.817,61.7477
HIP 35965 b,HIP 35965,Radial Velocity,2022,26125.56497,12.6,2589.98368864,48.85,4836.0,0.697551,0.78,50.1677
HD 125612 c,HD 125612,Radial Velocity,2009,4.15466,4.07,15.57359194,1303.14,5900.0,1.07,1.05,57.6207
HD 125612 d,HD 125612,Radial Velocity,2009,2822.72698,12.7,2281.37230545,147.48,5900.0,1.07,1.05,57.6207
HD 156279 c,HD 156279,Radial Velocity,2016,4818.25358,12.5,3098.82696825,109.42,5453.0,0.95,0.94,36.1945
HD 27894 d,HD 27894,Radial Velocity,2017,5019.54244,12.7,2063.65984665,95.87,4875.0,0.891767,0.81,43.8214
HD 181234 b,HD 181234,Radial Velocity,2019,7593.40512,12.5,2980.91262925,98.09,5386.0,1.059423,0.94,47.7458
HD 18143 b,HD 18143,Radial Velocity,2022,10.2851,3.28,10.80616584,769.92,5078.0,0.87,0.85,22.5243
HIP 948 b,HIP 948,Radial Velocity,2022,24955.45756,12.1,6547.2651842,46.4,4497.0,0.688488,0.71,34.8523
HD 139357 b,HD 139357,Radial Velocity,2008,1124.79139,12.1,6315.5682755,446.97,4700.0,11.47,2.69,112.09
HD 25015 b,HD 25015,Radial Velocity,2019,6134.427,12.5,2884.92845034,90.69,5160.0,0.83,0.86,37.433
HD 188641 b,HD 188641,Radial Velocity,2022,14583.81038,11.9,9333.03117155,114.36,5897.32,1.94492,1.07,64.3399
HD 168443 b,HD 168443,Radial Velocity,1998,58.11187,12.6,2424.3950886,641.03,5491.0,1.711479,0.98,39.6245
HD 156279 b,HD 156279,Radial Velocity,2011,133.40355,12.5,2997.75753482,361.73,5453.0,0.95,0.94,36.1945
HD 168443 c,HD 168443,Radial Velocity,2000,1753.1096,12.2,5500.33841154,205.47,5491.0,1.711479,0.98,39.6245
GJ 229 A c,GJ 229,Radial Velocity,2020,121.93268,2.87,8.58136699,188.1,3564.0,0.46,0.509,5.75624
HD 81817 b,HD 81817,Radial Velocity,2020,1021.20159,12.0,7668.5638041,1016.37,4140.0,83.8,4.3,269.126
HD 204313 e,HD 204313,Radial Velocity,2022,7325.64666,12.2,4868.17771002,106.81,5767.0,1.1,1.03,47.7945
HD 169830 c,HD 169830,Radial Velocity,2003,1818.82339,12.6,2437.42605328,241.03,6300.0,1.935709,1.17,37.6048
HIP 56640 b,HIP 56640,Radial Velocity,2021,2675.57603,12.7,2151.69831539,239.37,4769.0,4.93,1.75,122.324
HD 213519 b,HD 213519,Radial Velocity,2022,11.12214,2.99,9.2170238,931.36,5840.0,1.08287,1.05,41.0014
HD 217786 c,HD 217786,Radial Velocity,2022,2.52221,2.61,7.31005336,1663.13,5966.0,1.27,1.14,55.4847
TOI-3629 b,TOI-3629,Transit,2022,3.936551,8.29464572,82.63538582,690.0,3870.0,0.6,0.63,130.091
HD 183263 c,HD 183263,Radial Velocity,2008,4667.97841,12.5,2958.98246917,134.6,5948.0,1.23,1.06,54.1955
HD 66428 c,HD 66428,Radial Velocity,2021,10478.84437,13.5,560.64930995,95.52,5716.0,1.13,1.01,53.2817
HD 80869 b,HD 80869,Radial Velocity,2021,1752.92067,12.8,1609.80088146,203.2,5837.0,1.062,1.06,85.3951
HD 25912 b,HD 25912,Radial Velocity,2022,41.83156,6.9,38.13940884,579.16,5920.58,0.995896,1.08,49.1661
HD 217958 b,HD 217958,Radial Velocity,2022,2560.19774,14.2,166.54208527,169.89,5930.64,1.32619,1.08,61.7957
HD 25912 c,HD 25912,Radial Velocity,2022,26308.65619,12.2,5252.75008249,67.44,5920.58,0.995896,1.08,49.1661
HD 109988 b,HD 109988,Radial Velocity,2022,17132.15854,12.1,6935.33366915,65.91,5185.97,0.869694,0.88,42.5279
HD 28192 b,HD 28192,Radial Velocity,2022,14.23283,12.2,99.7981198,859.98,5919.87,1.07094,1.08,49.8063
HD 43197 c,HD 43197,Radial Velocity,2022,9295.9735,12.6,2500.67390628,90.89,5508.0,1.0,0.96,62.4112
HD 38529 b,HD 38529,Radial Velocity,2000,14.3099,14.1,206.58846455,1369.46,5697.0,2.857838,0.98,42.3538
HD 38529 c,HD 38529,Radial Velocity,2000,2127.60566,12.5,3299.05886466,258.56,5697.0,2.857838,0.98,42.3538
HD 110537 b,HD 110537,Radial Velocity,2022,24469.67342,11.9,8612.83200129,72.83,5718.0,1.16626,1.02,45.0858
HD 56957 b,HD 56957,Radial Velocity,2022,5859.08992,12.8,1880.90851263,145.67,5743.0,1.77793,1.03,61.4925
HD 62364 c,HD 62364,Radial Velocity,2022,74839.94555,12.0,7923.46218651,58.7,6255.0,1.401,1.19,53.112
TOI-712 c,TOI-712,Transit,2022,51.69906,2.701,7.76,369.9,4622.0,0.674,0.732,58.6212
TOI-712 d,TOI-712,Transit,2022,84.8396,2.474,6.68,313.6,4622.0,0.674,0.732,58.6212
HD 43197 b,HD 43197,Radial Velocity,2010,308.92072,14.2,175.75910907,282.81,5508.0,1.0,0.96,62.4112
HD 4113 b,HD 4113,Radial Velocity,2007,526.5239,13.5,541.26177712,251.65,5688.0,1.077514,1.008,41.8727
HD 111232 c,HD 111232,Radial Velocity,2022,26472.44623,12.2,5740.93451564,60.71,5512.0,0.9,0.96,28.9571
HD 62549 b,HD 62549,Radial Velocity,2022,14306.88519,12.6,2707.58019923,92.25,5930.46,1.23227,1.08,49.3305
TOI-1452 b,TOI-1452,Transit,2022,11.06201,1.672,4.82,326.0,3185.0,0.275,0.249,30.5212
KMT-2021-BLG-0171L b,KMT-2021-BLG-0171L,Microlensing,2022,,3.35,11.2,,5200.0,,0.78,4600.0
HD 73267 b,HD 73267,Radial Velocity,2008,1257.99159,13.0,1321.53051631,165.89,5387.0,0.909,0.93,50.4093
HD 11505 b,HD 11505,Radial Velocity,2022,32669.22247,12.6,2510.52658689,67.46,5757.15,1.19568,1.03,38.9679
HD 80913 b,HD 80913,Radial Velocity,2022,10839.83341,12.0,7505.2000029,118.23,6013.24,1.6542,1.11,61.3603
HD 81817 c,HD 81817,Radial Velocity,2022,622.97802,12.0,7185.78245386,1198.52,4140.0,83.8,4.3,269.126
TOI-2207 b,TOI-2207,Transit,2022,8.001968,11.1529358,203.41018048,1259.0,6101.0,1.564,1.296,373.345
HD 86264 b,HD 86264,Radial Velocity,2009,1488.79123,12.5,3117.26101586,247.01,6210.0,1.88,1.26,67.8107
HD 7449 b,HD 7449,Radial Velocity,2011,1270.55195,12.6,2597.92939882,183.23,6024.0,0.97,1.196,38.662
HD 8673 b,HD 8673,Radial Velocity,2009,1644.69097,12.3,4210.59073594,219.11,6389.05,1.50225,1.28,37.8619
HD 127506 b,HD 127506,Radial Velocity,2022,65.78395,5.67,27.333243,354.8,4595.32,0.735766,0.73,22.5279
HD 135872 b,HD 135872,Radial Velocity,2022,2422.32597,12.8,1744.56012602,233.64,4992.0,3.93038,1.646,82.4251
HD 86065 b,HD 86065,Radial Velocity,2022,25775.78859,12.5,2877.30056857,52.56,4927.56,0.780347,0.81,40.3661
HD 88072 b,HD 88072,Radial Velocity,2022,18538.79293,12.6,2511.79790052,76.03,5785.33,1.032,1.04,35.9098
HD 93351 b,HD 93351,Radial Velocity,2022,2.45946,1.69,3.49611248,1330.76,5408.0,0.911435,0.94,56.163
TOI-2421 b,TOI-2421,Transit,2022,4.3474032,10.36830715,105.83685953,1534.0,5607.0,1.75,1.131,327.927
HD 142 c,HD 142,Radial Velocity,2012,10159.64279,12.4,3464.64746471,116.56,6245.0,1.47,1.21,26.1853
TOI-2583 A b,TOI-2583 A,Transit,2023,4.5207265,14.4595851,79.45710175,1456.0,5936.0,1.477,1.215,566.189
OGLE-2018-BLG-1119L b,OGLE-2018-BLG-1119L,Microlensing,2022,,13.9,289.22385037,,,,0.48,5760.0
KMT-2021-BLG-1554L b,KMT-2021-BLG-1554L,Microlensing,2022,,6.9,38.13940884,,,,0.08,7680.0
TOI-2796 b,TOI-2796,Transit,2023,4.8084983,17.26183028,139.84449908,1205.0,5764.0,1.069,1.063,350.343
TOI-2096 b,TOI-2096,Transit,2023,3.1190633,1.243,2.08,445.0,3300.0,0.235,0.231,48.4809
KMT-2021-BLG-1898L b,KMT-2021-BLG-1898L,Microlensing,2022,,14.0,232.01473711,,,,0.48,6900.0
GJ 338 B b,GJ 338 B,Radial Velocity,2020,24.422,3.25,10.6,391.0,4014.0,0.58,0.64,6.33256
TOI-2842 b,TOI-2842,Transit,2023,3.5514058,12.84549188,117.59651059,1471.0,5910.0,1.265,1.135,460.995
TOI-4603 b,TOI-4603,Transit,2023,7.24599,11.67975789,4096.80816623,1677.0,6264.0,2.738,1.765,225.643
KMT-2021-BLG-0712L b,KMT-2021-BLG-0712L,Microlensing,2023,,6.91,38.19,,,,0.22,3090.0
KMT-2021-BLG-0909L b,KMT-2021-BLG-0909L,Microlensing,2023,,13.7,400.46379282,,,,0.38,6480.0
MASCARA-1 b,MASCARA-1,Transit,2017,2.14877381,17.90074218,1175.971,2594.3,7490.0,2.082,1.9,182.273
K2-38 b,K2-38,Transit,2016,4.01593,1.54,7.3,1266.0,5731.0,1.06,1.03,192.69
TOI-3364 b,TOI-3364,Transit,2023,5.8768918,12.22899794,530.77343969,1264.0,5706.0,1.419,1.186,277.899
KMT-2021-BLG-2478L b,KMT-2021-BLG-2478L,Microlensing,2023,,13.9,286.0455663,,,,0.2,2970.0
KMT-2021-BLG-1105L b,KMT-2021-BLG-1105L,Microlensing,2023,,13.6,413.1769291,,,,0.63,4540.0
K2-414 b,K2-414,Transit,2022,4.3696,1.219,1.98,811.92,4343.0,0.732,0.814,260.036
TOI-4582 b,TOI-4582,Transit,2023,31.034,10.53644186,168.44905571,614.66,5190.0,2.5,1.34,383.846
TOI-3688 A b,TOI-3688 A,Transit,2023,3.246075,13.08088048,311.47183886,1534.0,5950.0,1.302,1.199,396.378
TOI-942 c,TOI-942,Transit,2020,10.156272,4.67,37.0,772.63,4969.0,0.894,0.822,152.601
TOI-733 b,TOI-733,Transit,2023,4.884765,1.992,5.72,1055.8,5585.0,0.949,0.956,75.2092
Kepler-20 c,Kepler-20,Transit,2011,10.8540774,2.894,11.1,828.0,5495.0,0.9164,0.929,282.563
HIP 21152 b,HIP 21152,Imaging,2022,22000.0,12.0,7627.881768,1300.0,6655.0,1.59186,1.4,43.4073
OGLE-2019-BLG-0468L c,OGLE-2019-BLG-0468L,Microlensing,2022,,12.5,3248.20631954,,,,0.92,4400.0
OGLE-2019-BLG-0468L b,OGLE-2019-BLG-0468L,Microlensing,2022,,13.1,1090.15143601,,,,0.92,4400.0
TOI-3976 A b,TOI-3976 A,Transit,2023,6.607662,12.27383387,55.61997123,1295.0,5975.0,1.501,1.254,516.087
KMT-2017-BLG-1003L b,KMT-2017-BLG-1003L,Microlensing,2023,,2.13,5.19,,,,0.32,7090.0
TOI-4087 b,TOI-4087,Transit,2023,3.1774835,13.04725353,232.01473711,1458.0,6060.0,1.112,1.178,301.676
TOI-942 b,TOI-942,Transit,2020,4.32421,3.89,826.358,1120.0,4969.0,0.894,0.822,152.601
KMT-2021-BLG-0240L b,KMT-2021-BLG-0240L,Microlensing,2022,,9.6,66.74396547,,,,0.56,6600.0
KMT-2017-BLG-0673L b,KMT-2017-BLG-0673L,Microlensing,2022,,13.0,1166.43025369,,,,0.63,5080.0
KMT-2019-BLG-1367L b,KMT-2019-BLG-1367L,Microlensing,2023,,1.85,4.08,,,,0.25,4670.0
OGLE-2017-BLG-1806L b,OGLE-2017-BLG-1806L,Microlensing,2023,,2.15,5.27,,,,0.38,6400.0
TOI-4791 b,TOI-4791,Transit,2023,4.28088,12.44196858,734.18362017,1472.0,6058.0,1.409,1.242,328.802
EPIC 229004835 b,EPIC 229004835,Transit,2023,16.141132,2.332,10.4,804.0,5868.0,0.999,0.97,121.971
OGLE-2019-BLG-1053L b,OGLE-2019-BLG-1053L,Microlensing,2021,,1.38,2.48,,,,0.61,6800.0
KMT-2019-BLG-2974L b,KMT-2019-BLG-2974L,Microlensing,2022,,11.4,88.99195396,,,,0.47,6100.0
OGLE-2019-BLG-1470L AB c,OGLE-2019-BLG-1470L A,Microlensing,2022,,13.3,699.2224954,,,,0.57,5900.0
HD 23472 b,HD 23472,Transit,2019,17.667087,2.0,8.32,543.0,4684.0,0.71,0.67,39.0341
HD 191939 c,HD 191939,Transit,2020,28.579743,3.195,8.0,600.0,5348.0,0.94,0.81,53.6089
OGLE-2018-BLG-0506L b,OGLE-2018-BLG-0506L,Microlensing,2022,,4.18,16.3,,,,0.63,5600.0
TIC 279401253 b,TIC 279401253,Transit,2023,76.8,11.2089807,1951.46641898,486.37,5951.0,1.06,1.13,285.584
HD 23472 c,HD 23472,Transit,2019,29.79749,1.87,3.41,467.0,4684.0,0.71,0.67,39.0341
HD 23472 f,HD 23472,Transit,2022,12.1621839,1.137,0.77,630.0,4684.0,0.71,0.67,39.0341
OGLE-2019-BLG-1492L b,OGLE-2019-BLG-1492L,Microlensing,2022,,6.79,37.1,,,,0.68,5600.0
TIC 279401253 c,TIC 279401253,Transit,2023,155.3,12.6,2548.98382414,384.31,5951.0,1.06,1.13,285.584
TOI-1811 b,TOI-1811,Transit,2023,3.7130765,11.14172682,308.9292116,962.2,4766.0,0.769,0.817,128.23
HD 23472 d,HD 23472,Transit,2022,3.97664,0.75,0.55,909.0,4684.0,0.71,0.67,39.0341
HD 23472 e,HD 23472,Transit,2022,7.90754,0.818,0.72,723.0,4684.0,0.71,0.67,39.0341
HATS-54 b,HATS-54,Transit,2019,2.5441765,11.37711541,239.32479047,1429.0,5621.0,1.23,1.05,748.585
HD 45364 c,HD 45364,Radial Velocity,2008,345.43,14.2,174.48779544,261.82,5466.0,0.89,0.82,34.354
KMT-2021-BLG-1253L b,KMT-2021-BLG-1253L,Microlensing,2022,,4.59,19.05,,,,0.24,6640.0
TOI-2152 A b,TOI-2152,Transit,2023,3.3773512,14.35870428,899.45439181,1802.0,6630.0,1.612,1.516,303.006
NGTS-23 b,NGTS-23,Transit,2022,4.0764326,14.20177855,194.82881349,1327.0,6057.0,1.24,1.01,1074.95
NGTS-24 b,NGTS-24,Transit,2022,3.4678796,13.60770257,165.27077164,1499.0,5820.0,1.64,1.26,683.062
NGTS-25 b,NGTS-25,Transit,2022,2.823093,11.46678726,203.09235207,1101.0,5321.0,0.86,0.91,521.233
KMT-2021-BLG-1372L b,KMT-2021-BLG-1372L,Microlensing,2022,,9.12,61.27,,,,0.42,5970.0
TOI-2497 b,TOI-2497,Transit,2023,10.655669,11.14172682,1531.93292174,1595.0,7360.0,2.36,1.859,285.289
TOI-5542 b,TOI-5542,Transit,2022,75.12375,11.30986153,419.53349724,441.0,5700.0,1.058,0.89,348.849
TOI-2338 b,TOI-2338,Transit,2023,22.65398,11.2089807,1900.61387386,799.0,5581.0,1.05,0.99,313.996
KMT-2021-BLG-1077L b,KMT-2021-BLG-1077L,Microlensing,2022,,9.86,69.92224954,,,,0.14,8240.0
PZ Tel b,PZ Tel,Imaging,2023,44000.0,11.9,8581.366989,53.77,5169.0,1.25646,1.36,47.0648
KMT-2018-BLG-0030L b,KMT-2018-BLG-0030L,Microlensing,2022,,13.6,460.85119015,,,,0.51,6480.0
MOA-2020-BLG-135L b,MOA-2020-BLG-135L,Microlensing,2022,,3.37,11.3,,,,0.23,7900.0
TOI-2364 b,TOI-2364,Transit,2023,4.0197517,8.60849718,71.51139158,1091.0,5306.0,0.886,0.954,219.614
OGLE-2018-BLG-0298L b,OGLE-2018-BLG-0298L,Microlensing,2022,,7.56,44.49597698,,,,0.69,6540.0
TOI-969 c,TOI-969,Radial Velocity,2022,1700.0,12.4,3591.4609991,96.4,4435.0,0.671,0.734,77.2554
OGLE-2006-BLG-284L A b,OGLE-2006-BLG-284L A,Microlensing,2020,,14.3,144.0,,,,0.35,4000.0
K2-3 d,K2-3,Transit,2015,44.55603,1.458,2.2,305.2,3844.0,0.546,0.549,44.0727
K2-3 c,K2-3,Transit,2015,24.646729,1.582,2.68,371.8,3844.0,0.546,0.549,44.0727
HD 111998 b,HD 111998,Radial Velocity,2016,810.0,12.9,1525.5763536,275.49,6557.0,1.45,1.4,33.2237
HIP 70849 b,HIP 70849,Radial Velocity,2011,3649.0,12.9,1430.2278315,78.85,4105.0,0.633112,0.65,24.0572
HD 114783 c,HD 114783,Radial Velocity,2016,4352.0,13.4,603.8739733,101.53,5135.0,0.840622,0.9,21.0628
Kepler-409 b,Kepler-409,Transit,2014,68.9583216,1.199,6.0,438.0,5421.0,0.897,0.913,68.173
Kepler-20 f,Kepler-20,Transit,2011,19.578328,0.952,1.4,681.0,5495.0,0.9164,0.929,282.563
KMT-2022-BLG-0440L b,KMT-2022-BLG-0440L,Microlensing,2023,,4.05,15.4,,,,0.53,3500.0
TOI-411 c,HD 22946,Transit,2022,9.573083,2.328,9.72,931.0,6169.0,1.117,1.098,62.7792
HD 140901 c,HD 140901,Radial Velocity,2022,14386.0,13.4,572.0911326,76.76,5610.0,0.95,1.06,15.2528
Kepler-102 c,Kepler-102,Transit,2014,7.071392,0.567,1.7,777.0,4909.0,0.724,0.803,107.796
K2-416 b,K2-416,Transit,2023,13.102,2.66,1652.7077164,447.0,3746.0,0.554,0.548,120.311
TOI-411 b,HD 22946,Transit,2022,4.040295,1.362,13.71,1241.0,6169.0,1.117,1.098,62.7792
HIP 54597 b,HIP 54597,Radial Velocity,2023,3274.0,13.3,762.7881768,94.0,4799.0,0.66,0.8,39.7429
HD 75302 b,HD 75302,Radial Velocity,2023,4356.0,12.8,1716.2733978,115.76,5697.46,0.940904,1.06,30.3288
Kepler-68 c,Kepler-68,Transit,2013,9.605027,0.979,1.3,1052.0,5847.0,1.2564,1.057,144.166
MOA-2020-BLG-208L b,MOA-2020-BLG-208L,Microlensing,2023,,7.71,46.0,,,,0.43,7490.0
HD 15906 b,HD 15906,Transit,2023,10.924709,2.24,5.65,668.0,4757.0,0.762,0.79,45.5621
HIP 81208 C b,HIP 81208 C,Imaging,2023,104100.0,12.3,4703.8604236,2050.0,,,0.135,147.533
HD 108202 b,HD 108202,Radial Velocity,2023,2990.0,13.1,953.485221,93.04,4556.03,0.66355,0.74,38.6846
Kepler-323 b,Kepler-323,Transit,2014,1.678328,1.381,3.9,1838.0,6004.0,1.12,1.015,454.883
HD 15906 c,HD 15906,Transit,2023,21.583298,2.93,8.91,532.0,4757.0,0.762,0.79,45.5621
TOI-622 b,TOI-622,Transit,2023,6.402513,9.2362001,96.30200732,1388.0,6400.0,1.415,1.313,123.297
TOI-4201 b,TOI-4201,Transit,2023,3.5819194,13.67495645,788.21444936,725.0,3794.0,0.63,0.61,189.011
HD 99492 b,HD 99492,Radial Velocity,2004,17.0503,5.44,25.5,622.27,4929.0,0.822539,0.85,18.2038
Kepler-454 b,Kepler-454,Transit,2015,10.5737534,2.37,5.4,916.0,5687.0,1.066,1.03,230.869
Kepler-109 b,Kepler-109,Transit,2014,6.4816307,2.49,4.9,1276.0,5950.0,1.387,1.094,474.861
GJ 1252 b,GJ 1252,Transit,2020,0.5182331,1.193,1.32,1090.0,3458.0,0.391,0.381,20.373
HAT-P-2 c,HAT-P-2,Radial Velocity,2023,8500.0,12.4,3400.7639549,,6412.0,1.416,1.33,127.774
TOI-4600 b,TOI-4600,Transit,2023,82.6869,6.8,959.84178914,347.0,5170.0,0.81,0.89,216.056
TOI-858 B b,TOI-858 B,Transit,2023,3.2797178,14.06727078,349.6112477,1529.0,5842.0,1.308,1.081,250.489
K2-36 b,K2-36,Transit,2016,1.422614,1.43,4.3,1328.0,4916.0,0.718,0.79,109.749
K2-36 c,K2-36,Transit,2016,5.340888,3.2,7.9,854.0,4916.0,0.718,0.79,109.749
Kepler-538 b,Kepler-538,Transit,2016,81.73778,2.215,12.9,417.0,5534.0,0.8717,0.892,155.956
TOI-1235 b,TOI-1235,Transit,2020,3.444714,1.69,6.69,775.0,3997.0,0.619,0.63,39.6345
TOI-1052 b,TOI-1052,Transit,2023,9.139703,2.87,16.9,1135.0,6146.0,1.264,1.204,129.804
K2-110 b,K2-110,Transit,2017,13.86375,2.592,15.9,638.0,5010.0,0.713,0.738,116.474
TOI-1634 c,TOI-1634,Radial Velocity,2022,103.0,,,,3472.0,0.45,0.451,35.2736
TOI-2018 b,TOI-2018,Transit,2023,7.435583,2.268,9.2,576.34,4174.0,0.62,0.57,27.9956
TOI-1052 c,TOI-1052,Radial Velocity,2023,35.806,6.48,34.3,719.0,6146.0,1.264,1.204,129.804
TOI-519 b,TOI-519,Transit,2021,1.2652328,11.54525012,147.15455244,687.0,3322.0,0.35,0.335,115.557
TOI-244 b,TOI-244,Transit,2023,7.397225,1.52,2.68,458.0,3433.0,0.426,0.428,22.0337
TOI-2084 b,TOI-2084,Transit,2023,6.0784247,2.47,6.66,527.0,3551.0,0.475,0.453,114.549
TOI-4184 b,TOI-4184,Transit,2023,4.9019804,2.43,6.48,412.0,3238.0,0.2347,0.2109,69.3649
TOI-470 b,TOI-470,Transit,2023,12.19148,4.34,17.4,660.0,5190.0,0.831,0.87,130.46
TOI-1470 b,TOI-1470,Transit,2023,2.527093,2.18,7.32,734.0,3709.0,0.469,0.471,51.9503
Kepler-21 b,Kepler-21,Transit,2012,2.7858212,1.639,7.5,2015.0,6305.0,1.902,1.408,108.522
Kepler-78 b,Kepler-78,Transit,2013,0.35500745,1.201,1.68,2223.0,5058.0,0.7475,0.779,124.376
WISE J033605.05-014350.4 b,WISE J033605.05-014350.4,Imaging,2023,2560.0,12.6,2622.08435775,325.0,415.0,,0.0131,
OGLE-2018-BLG-1126L b,OGLE-2018-BLG-1126L,Microlensing,2022,,4.41,17.79839079,,,,0.69,5700.0
HD 6860 b,HD 6860,Radial Velocity,2023,663.87,11.9,8981.83078182,1196.06,3802.0,86.4,2.49,61.12469
TOI-1470 c,TOI-1470,Transit,2023,18.08816,2.47,7.24,373.0,3709.0,0.469,0.471,51.9503
K2-12 b,K2-12,Transit,2015,8.28246,2.44,5.2,1026.0,5672.0,1.117,0.965,326.381
OGLE-2018-BLG-1212L b,OGLE-2018-BLG-1212L,Microlensing,2022,,9.32,63.5656814,,,,0.16,1550.0
GJ 649 b,GJ 649,Radial Velocity,2009,600.1,10.8,81.99972901,120.74,3734.0,0.5,0.51,10.3796
HD 36384 b,HD 36384,Radial Velocity,2023,490.0,12.7,2097.6674862,1032.58,3940.0,38.4,1.14,209.309
MWC 758 c,MWC 758,Imaging,2023,,,,500.0,7314.0,2.01446,1.5,159.537
K2-2016-BLG-0005L b,K2-2016-BLG-0005L,Microlensing,2023,4700.0,13.7,349.6112477,,,,0.584,5200.0
GJ 849 b,GJ 849,Radial Velocity,2006,1925.31,13.9,283.82076745,73.63,3467.0,0.45,0.45,8.80058
GJ 849 c,GJ 849,Radial Velocity,2014,5990.0,13.8,314.65012293,50.41,3467.0,0.45,0.45,8.80058
Kepler-68 b,Kepler-68,Transit,2013,5.39875259,2.357,8.03,1275.0,5847.0,1.2564,1.057,144.166
Kepler-107 d,Kepler-107,Transit,2014,7.95839,0.86,7.7,1173.0,5854.0,1.447,1.238,525.997
TOI-139 b,TOI-139,Transit,2023,11.07085,2.4566,6.6,561.17,4570.0,0.7007,0.69,42.4061
HD 62364 b,HD 62364,Radial Velocity,2022,5138.0,12.1,5965.63919939,143.96,6255.0,1.401,1.157,53.112
BD-210397 b,BD-210397,Radial Velocity,2023,1891.0,14.0,214.0,104.11,4051.0,0.747,0.679,23.7324
KMT-2022-BLG-0371L b,KMT-2022-BLG-0371L,Microlensing,2023,,10.9,82.63538582,,,,0.63,7140.0
WASP-79 b,WASP-79,Transit,2012,3.662392,17.14974047,270.15414595,1716.2,6600.0,1.51,1.39,246.69
Kepler-454 d,Kepler-454,Radial Velocity,2023,4073.0,13.3,734.18362017,125.37,5687.0,1.066,1.03,230.869
HD 74698 b,HD 74698,Radial Velocity,2023,15.017,5.12,23.0,925.57,5783.0,1.333,1.039,52.0648
HD 74698 c,HD 74698,Radial Velocity,2023,3449.0,14.0,126.0,151.77,5783.0,1.333,1.039,52.0648
GJ 9404 b,GJ 9404,Radial Velocity,2023,13.4586,3.48,11.9,473.5,3811.0,0.626041,0.62,23.8839
GJ 832 b,GJ 832,Radial Velocity,2008,3853.0,13.8,314.65012293,57.84,3472.0,0.441557,0.45,4.96435
Kepler-323 c,Kepler-323,Transit,2014,3.5538229,1.57,6.8,1431.0,6004.0,1.12,1.015,454.883
TOI-5803 b,TOI-5803,Transit,2023,5.38305,3.2732,10.7,678.87,5134.0,0.7625,0.87,84.0126
KMT-2019-BLG-1216L b,KMT-2019-BLG-1216L,Microlensing,2023,,5.98,29.87587026,,,,0.39,2740.0
TOI-1680 b,TOI-1680,Transit,2023,4.8026345,1.466,2.75,404.0,3225.0,0.2106,0.1798,37.2209
HD 100777 b,HD 100777,Radial Velocity,2007,383.0,13.7,390.92894061,264.28,5533.0,1.04,1.08,49.5336
HD 215497 c,HD 215497,Radial Velocity,2009,566.0,13.0,111.23994245,198.6,5113.0,0.85,0.92,40.5468
Kepler-107 c,Kepler-107,Transit,2014,4.901452,1.597,10.0,1378.0,5854.0,1.447,1.238,525.997
K2-3 b,K2-3,Transit,2015,10.0546535,2.078,5.11,501.3,3844.0,0.546,0.549,44.0727
Kepler-107 b,Kepler-107,Transit,2014,3.1800218,1.536,3.8,1592.0,5854.0,1.447,1.238,525.997
Kepler-122 d,Kepler-122,Transit,2014,21.587475,2.2,5.48,747.0,6050.0,1.216,0.982,1027.45
HD 167677 b,HD 167677,Radial Velocity,2023,1820.0,13.2,905.81095995,151.9,5474.0,0.95271,0.96,54.3258
HD 165131 b,HD 165131,Radial Velocity,2023,2342.6,12.1,5943.3912109,155.2,5870.0,1.06419,1.06,57.4263
HIP 39017 b,HIP 39017,Imaging,2024,31000.0,12.0,7500.7504052,91.06,7201.0,1.51987,1.52,66.3217
Kepler-415 c,Kepler-415,Transit,2014,8.708,2.01,4.7,543.0,4362.0,0.643,0.67,530.487
omi UMa b,omi UMa,Radial Velocity,2012,1569.81,13.0,1160.39151396,473.88,5075.0,13.84,2.72,54.9149
omi CrB b,omi CrB,Radial Velocity,2012,187.01,13.7,355.96781584,947.65,4769.0,11.87,1.3,84.7883
TOI-544 b,TOI-544,Transit,2022,1.548352,2.018,2.89,999.0,4169.0,0.623,0.631,41.1166
Teegarden's Star d,Teegarden's Star,Radial Velocity,2024,26.13,0.954,0.82,159.0,3034.0,0.12,0.097,3.83078
TOI-782 b,TOI-782,Transit,2024,8.0240015,2.734,19.1,435.0,3370.0,0.413,0.397,52.5122
HD 4732 c,HD 4732,Radial Velocity,2012,3184.2,13.1,1069.49258955,243.69,4898.0,5.03,1.39,54.7841
HD 4732 b,HD 4732,Radial Velocity,2012,371.74,13.4,631.2072163,498.53,4898.0,5.03,1.39,54.7841
ome Ser b,ome Ser,Radial Velocity,2013,278.59,14.0,233.92170755,824.94,4724.0,10.99,1.01,76.7556
TOI-2010 b,TOI-2010,Transit,2023,141.834025,11.81426566,408.7273314,400.2,5929.0,1.079,1.112,109.19
TOI-1273 b,TOI-1273,Transit,2024,4.631296,11.09689089,70.55790635,1211.0,5690.0,1.06,1.06,177.118
TOI-904 b,TOI-904,Transit,2023,10.8772,2.426,6.46,429.43,3770.2,0.527,0.557,46.0891
KMT-2023-BLG-0469L b,KMT-2023-BLG-0469L,Microlensing,2024,,7.04,39.41072247,,,,0.47,7070.0
HD 2952 b,HD 2952,Radial Velocity,2013,312.08,13.9,284.77425267,731.02,4853.0,10.9,1.91,110.103
TOI-2416 b,TOI-2416,Transit,2023,8.275479,9.86390302,953.485221,1080.0,5808.0,1.236,1.118,557.733
TOI-2373 b,TOI-2373,Transit,2023,13.33668,10.42435205,2955.8041851,860.0,5651.0,1.102,1.041,508.686
TOI-904 c,TOI-904,Transit,2023,83.9997,2.167,5.34,217.26,3770.2,0.527,0.557,46.0891
TOI-4860 b,TOI-4860,Transit,2023,1.5227591,8.7,86.7,694.0,3260.0,0.358,0.34,80.1423
TOI-4633 c,TOI-4633,Transit,2024,271.9445,3.2,123.0,268.57,5800.0,1.05,1.1,95.2016
gam Lib b,gam Lib,Radial Velocity,2018,414.88,13.7,357.87478628,720.78,4879.0,12.38,1.78,47.4017
KMT-2021-BLG-1770L b,KMT-2021-BLG-1770L,Microlensing,2023,,12.1,6674.396547,,,,0.13,6920.0
OGLE-2019-BLG-1180L b,OGLE-2019-BLG-1180L,Microlensing,2023,,13.5,555.24622703,,,,0.545,6070.0
HD 47366 b,HD 47366,Radial Velocity,2016,360.08,13.4,661.71874337,577.05,4866.0,7.3,1.81,84.3552
HD 47366 c,HD 47366,Radial Velocity,2016,677.53,13.5,483.73483545,467.37,4866.0,7.3,1.81,84.3552
Kepler-100 e,Kepler-100,Radial Velocity,2023,60.888588,5.27,24.14271827,621.73,5884.0,1.5,1.097,304.645
NGTS-27 b,NGTS-27,Transit,2024,3.3704181,15.64773706,188.47224535,1783.0,5700.0,1.77,1.07,942.122
HD 134606 d,HD 134606,Radial Velocity,2024,966.5,7.59,44.8,207.68,5576.0,1.158,1.046,26.7909
HATS-2 b,HATS-2,Transit,2013,1.35413379,12.57647635,435.42491759,1550.0,5227.0,0.876,0.904,341.925
gam Cep b,gam Cep,Radial Velocity,2003,913.0,12.7,2097.6674862,343.48,4775.0,4.74,1.27,14.1024
TOI-5398 c,TOI-5398,Transit,2023,4.77271,3.52,11.8,1242.0,6000.0,1.051,1.146,130.855
HD 134606 f,HD 134606,Radial Velocity,2024,26.915,2.24,5.63,685.04,5576.0,1.158,1.046,26.7909
HD 134606 e,HD 134606,Radial Velocity,2024,4.3203,1.33,2.34,1260.39,5576.0,1.158,1.046,26.7909
TOI-238 c,TOI-238,Radial Velocity,2024,8.465651,2.18,6.7,696.0,5059.0,0.733,0.79,80.5407
2MASS J11550485-7919108 b,2MASS J11550485-7919108,Imaging,2024,,12.1,6356.56814,2506.0,3021.0,0.600455,0.58846,100.862
2MASS J21252752-8138278 b,2MASS J21252752-8138278,Imaging,2024,,12.4,3813.940884,1616.0,3592.0,0.672832,0.643977,34.1154
Kepler-1513 c,Kepler-1513,Transit Timing Variations,2023,841.4,11.0,84.54235626,,5491.0,0.95,0.943,349.247
HIP 66074 b,HIP 66074,Astrometry,2023,310.9,12.9,1589.142035,192.69,4300.0,0.69,0.705,35.4438
HAT-P-19 b,HAT-P-19,Transit,2010,4.00878322,11.29865255,88.03846874,981.2,4962.0,0.773,0.807,202.078
Kepler-849 b,Kepler-849,Transit,2016,394.62508,8.08167508,298.75870258,362.7,5950.0,1.822,1.259,822.134
TOI-1853 b,TOI-1853,Transit,2023,1.2436258,3.46,73.2,1479.0,4985.0,0.808,0.837,165.105
TOI-5126 b,TOI-5126,Transit,2023,5.4588385,4.74,20.2,1442.0,6150.0,1.241,1.24,160.414
Kepler-1513 b,Kepler-1513,Transit,2016,160.8842,8.594,48.30991786,346.0,5491.0,0.95,0.943,349.247
HAT-P-51 b,HAT-P-51,Transit,2015,4.21802091,13.50682174,97.57332095,1168.2,5453.0,0.995,0.961,440.089
Kepler-553 c,Kepler-553,Transit,2016,328.24017,11.57887706,2129.4503269,251.0,5191.0,0.902,0.889,728.525
Kepler-111 c,Kepler-111,Transit,2014,224.77833,7.0840758,222.4798849,352.2,5914.0,1.145,1.118,657.223
14 And b,14 And,Radial Velocity,2008,186.76,13.1,1131.15130051,909.92,4888.0,11.55,1.78,75.4392
18 Del b,18 Del,Radial Velocity,2008,982.85,12.5,2926.24614325,452.72,4980.0,8.8,2.1,76.222
GJ 724 b,GJ 724,Radial Velocity,2023,5.101284,3.27,10.75,611.0,3799.0,0.52226,0.5271,16.9658
KMT-2019-BLG-0335L b,KMT-2019-BLG-0335L,Microlensing,2023,,12.1,6674.396547,,,,0.32,7710.0
Kepler-553 b,Kepler-553,Transit,2016,4.030467,4.74139884,116.00736855,1089.0,5191.0,0.902,0.889,728.525
6 Lyn b,6 Lyn,Radial Velocity,2008,919.86,13.4,597.83523357,371.86,4941.0,4.94,1.32,54.6599
4 UMa b,4 UMa,Radial Velocity,2006,270.27,12.6,2511.48007211,967.44,4415.0,18.11,1.234,73.4603
TOI-4641 b,TOI-4641,Transit,2023,22.09341,8.18255591,1229.99593509,950.11,6560.0,1.72,1.41,86.3501
CI Tau c,CI Tau,Radial Velocity,2024,25.2,13.0,1144.1822652,610.62,3807.0,1.880857,0.9,157.998
TOI-1994 b,TOI-1994,Transit,2024,4.0337142,13.67495645,7024.0077947,2290.0,7700.0,2.3,1.86,515.603
TOI-4515 b,TOI-4515,Transit,2024,15.266446,12.17,637.0,705.0,5433.0,0.86,0.949,193.499
M62H b,M62H,Pulsar Timing,2024,0.132935028,,785.03616529,,,,1.4,
HD 145457 b,HD 145457,Radial Velocity,2010,176.13,13.2,888.01256916,826.81,4757.0,9.9,1.9,135.292
HD 167042 b,HD 167042,Radial Velocity,2007,417.67,13.6,444.00628458,462.08,4919.0,4.63,1.39,49.6633
LHS 1678 c,LHS 1678,Transit,2021,3.694284,0.941,1.4,510.9,3490.0,0.329,0.345,19.8782
HD 173416 b,HD 173416,Radial Velocity,2008,322.03,13.4,585.12209729,771.03,4683.0,13.5,2.0,132.184
HD 32518 b,HD 32518,Radial Velocity,2009,157.35,13.2,905.49313154,916.07,4580.0,10.22,1.13,122.115
HS Psc b,HS Psc,Radial Velocity,2024,3.986,13.6,464.02947422,783.44,4203.0,0.65,0.69,37.6604
HD 81688 b,HD 81688,Radial Velocity,2007,183.93,13.5,525.68818518,958.66,4797.0,11.13,1.07,85.7183
kap CrB b,kap CrB,Radial Velocity,2007,1253.68,13.3,689.6911,319.32,4840.0,4.68,1.33,30.0651
KMT-2021-BLG-1547L b,KMT-2021-BLG-1547L,Microlensing,2023,,13.6,467.20775829,,,,0.72,5070.0
TOI-4559 b,TOI-4559,Transit,2024,3.965991,1.415,2.59,554.16,3558.0,0.374,0.392,31.6354
11 Com b,11 Com,Radial Velocity,2007,323.21,12.2,4914.89848585,803.26,4874.0,13.76,2.09,93.1846
nu Oph b,nu Oph,Radial Velocity,2012,529.93,12.0,7057.73298,620.57,4887.0,12.24,2.61,46.2107
TOI-4377 b,TOI-4377,Transit,2023,4.378081,15.10970598,304.1617855,1162.08,4974.0,3.52,1.36,455.82
KMT-2023-BLG-0416L b,KMT-2023-BLG-0416L,Microlensing,2024,,3.67,13.03096469,,,,0.63,5900.0
HD 76920 b,HD 76920,Radial Velocity,2017,415.891,13.1,994.80291391,621.44,4664.0,8.33,1.0,184.031
75 Cet b,75 Cet,Radial Velocity,2012,696.62,13.3,787.89662095,540.31,4809.0,10.38,1.92,82.9613
LHS 3154 b,LHS 3154,Radial Velocity,2023,3.71778,3.69,13.15,343.83,2861.0,0.1405,0.1118,15.7606
TOI-1269 b,TOI-1269,Transit,2024,4.2529913,2.40144286,6.4,1004.9,5499.0,0.8521,0.9027,172.138
Kepler-23 d,Kepler-23,Transit,2014,15.27,2.206,4.44,896.0,5828.0,1.548,1.078,835.756
TOI-3919 b,TOI-3919,Transit,2024,7.433234,12.31866979,1233.17421916,1198.0,6100.0,1.319,1.208,604.591
TOI-1288 b,TOI-1288,Transit,2022,2.6998279,4.96846551,44.1,1203.44,5388.0,0.9583,0.9552,114.865
GJ 238 b,GJ 238,Transit,2024,1.7446999,0.566,0.126,758.0,3485.0,0.4314,0.4193,15.2142
Kepler-49 c,Kepler-49,Transit,2012,10.91,2.444,8.38,443.0,4095.6,0.618,0.607,311.222
TOI-5301 b,TOI-5301,Transit,2024,5.858858,13.09208946,1182.32167404,1648.0,6240.0,2.19,1.483,629.161
TOI-5232 b,TOI-5232,Transit,2024,4.0966692,12.778238,743.71847238,1772.0,6500.0,1.785,1.389,609.388
TOI-1410.01,TOI-1410,Transit,2024,1.21687,3.10083009,12.5,1236.7,4635.0,0.7558,0.7941,72.7512
TOI-1386 b,TOI-1386,Transit,2024,25.8401,6.2163865,45.8,615.03,5735.0,1.0235,1.0363,146.858
TOI-6029 b,TOI-6029,Transit,2024,5.7987,14.39233122,519.64944544,1484.0,6223.0,2.338,1.548,603.119
OGLE-2017-BLG-0448L b,OGLE-2017-BLG-0448L,Microlensing,2024,,4.08,15.6,,,,0.5,7530.0
Kepler-128 c,Kepler-128,Transit,2013,22.8,1.521,3.38,843.0,6072.0,1.659,1.184,396.379
TOI-1451 b,TOI-1451,Transit,2024,16.537944,2.61143902,15.2,723.33,5801.0,1.0162,1.0022,91.9362
TIC 4672985 b,TIC 4672985,Transit,2024,69.048,11.5004142,4049.13390518,517.2,5757.0,1.15,1.01,253.385
TOI-5218 b,TOI-5218,Transit,2024,4.291452,9.86,657.0,783.0,4230.0,0.708,0.739,377.483
Kepler-305 d,Kepler-305,Transit,2014,16.74,2.76,6.2,576.0,5090.0,0.792,0.827,868.477
TOI-1601 b,TOI-1601,Transit,2021,5.33175,14.19902343,387.0,1493.97,5982.0,2.195,1.5055,336.608
TOI-1444 b,TOI-1444,Transit,2021,0.4702743,1.41792246,3.58,2130.02,5460.0,0.9105,0.9513,125.463
TOI-1736 b,TOI-1736,Transit,2023,7.073076,3.18175535,12.3,1099.79,5636.0,1.4286,1.0373,88.9482
TOI-5634 A b,TOI-5634 A,Transit,2024,2.2035373,10.42,588.0,837.0,3896.0,0.54,0.556,306.144
TOI-1683.01,TOI-1683,Transit,2024,3.0575356,2.6382,7.45,929.25,4402.0,0.7,0.694661,51.1884
TOI-1298 b,TOI-1298,Transit,2021,4.537143,9.65807033,99.0,1278.0,5752.0,1.4536,1.2187,319.036
TOI-1751 b,TOI-1751,Transit,2024,37.46852,2.9507845,19.5,651.64,5970.0,1.3137,0.9382,113.335
K2-419 A b,K2-419 A,Transit,2024,20.35847252,10.55,196.0,377.0,3711.0,0.541,0.562,268.685
TOI-2095 b,TOI-2095,Transit,2023,17.66484,1.25,4.1,347.0,3759.0,0.44,0.44,41.9176
HIP 97166 b,HIP 97166,Transit,2021,10.288914,2.4801338,19.1,701.66,5216.0,0.8418,0.9342,65.9501
TOI-1776 b,TOI-1776,Transit,2024,2.799868,1.21612741,1.4,1269.21,5785.0,0.9356,0.9196,44.647
Kepler-963 c,Kepler-963,Transit,2024,0.919783,0.6,0.156,,5169.47,0.928,0.821,771.494
OGLE-2023-BLG-0836L b,OGLE-2023-BLG-0836L,Microlensing,2024,,12.9,1385.73185452,,,,0.71,5120.0
BD-14 3065 b,BD-14 3065 A,Transit,2024,4.2889731,21.59,3932.0,2001.0,6935.0,2.35,1.41,589.423
HIP 97166 c,HIP 97166,Radial Velocity,2021,16.432,2.75,8.0,642.0,5216.0,0.8418,0.9342,65.9501
TOI-1794 b,TOI-1794,Transit,2024,8.765528,3.29701268,8.7,992.91,5631.0,1.3162,0.9698,155.791
2MASS J03590986+2009361 b,2MASS J03590986+2009361,Imaging,2024,,12.2,5720.911326,2369.0,2943.0,0.289776,0.264996,117.435
TOI-663 c,TOI-663,Transit,2024,4.6955507,2.26,3.65,553.0,3681.0,0.512,0.514,64.2308
TOI-1246 c,TOI-1246,Transit,2022,5.904137,2.45109846,9.1,862.49,5213.0,0.8649,0.8889,169.422
TOI-1842 b,TOI-1842,Transit,2021,9.5739181,12.3485023,89.4,1199.55,6039.0,2.032,1.4643,223.465
TOI-1824 b,TOI-1824,Transit,2024,22.808533,2.7438269,16.0,528.67,5165.0,0.8123,0.8801,59.4314
HIP 77900 b,HIP 77900,Imaging,2024,,12.1,6674.396547,2507.0,13646.0,,,150.862
2MASS J11011926-7732383 b,2MASS J11011926-7732383,Imaging,2024,,11.9,8899.195396,2677.0,,,,
SPECULOOS-3 b,SPECULOOS-3,Transit,2024,0.71912603,0.977,0.894,553.0,2800.0,0.123,0.1009,
KMT-2023-BLG-1431L b,KMT-2023-BLG-1431L,Microlensing,2024,,3.76,13.6,,,,0.57,6800.0
TOI-3071 b,TOI-3071,Transit,2024,1.266938,7.16,68.2,2155.0,6177.0,1.31,1.29,485.219
TOI-1246 e,TOI-1246,Transit,2022,37.92548,3.5141875,14.5,463.98,5213.0,0.8649,0.8889,169.422
TOI-2019 b,TOI-2019,Transit,2024,15.3444,5.33275337,34.4,917.46,5626.0,1.7457,1.1832,198.007
TIC 139270665 c,TIC 139270665,Radial Velocity,2024,1010.0,12.9,1554.18091023,200.0,5844.0,1.016,1.035,189.875
HD 48948 b,HD 48948,Radial Velocity,2024,7.34013,2.06,4.88,957.0,4593.0,0.679,0.686,16.9043
HD 93963 A c,HD 93963 A,Transit,2022,3.6451389,3.11976057,18.4,1212.45,5908.0,1.0311,1.0844,82.3432
HD 93963 A b,HD 93963 A,Transit,2022,1.0376109,1.46954368,2.8,1842.23,5908.0,1.0311,1.0844,82.3432
TOI-815 c,TOI-815,Transit,2024,34.976145,2.62,23.5,469.0,4869.0,0.77,0.776,59.7117
HD 48948 c,HD 48948,Radial Velocity,2024,38.06,2.6,7.27,553.0,4593.0,0.679,0.686,16.9043
HD 48948 d,HD 48948,Radial Velocity,2024,151.92,3.24,10.59,349.0,4593.0,0.679,0.686,16.9043
HIP 8152 c,HIP 8152,Transit,2023,19.60562,2.52442508,10.7,650.68,5618.0,0.9603,0.9373,101.694
HIP 8152 b,HIP 8152,Transit,2023,10.751014,2.53625843,8.9,794.96,5618.0,0.9603,0.9373,101.694
TOI-1669 b,TOI-1669,Radial Velocity,2023,500.0,14.1,191.0,241.72,5497.0,1.0561,0.9867,111.276
OGLE-2014-BLG-0221L b,OGLE-2014-BLG-0221L,Microlensing,2024,,12.9,1382.55357045,,,,0.69,3680.0
TOI-329 b,TOI-329,Transit,2024,5.70439,4.94057819,40.4,1213.02,5614.0,1.5326,1.0678,284.388
TOI-480 b,TOI-480,Transit,2024,6.866196,2.85372018,20.8,1198.94,6174.0,1.4877,1.2793,54.5306
TOI-1410 c,TOI-1410,Radial Velocity,2024,47.56,5.63,27.0,397.45,4635.0,0.7558,0.7941,72.7512
TOI-757 b,TOI-757,Transit,2024,17.46819,2.5,10.5,641.0,5278.0,0.78,0.8,60.3418
GJ 900 b,GJ 900 A,Imaging,2024,,12.4,3496.112477,1.48,3976.0,0.716187,1.08,20.8065
TOI-1450 A c,TOI-1450 A,Transit,2024,5.0688,1.13,1.527,533.0,3437.0,0.483,0.48,22.4467
TOI-1855 b,TOI-1855,Transit,2024,1.36414864,18.49481816,360.09958513,1701.0,5359.0,1.041,0.987,176.833
TOI-3261 b,TOI-3261,Transit,2024,0.8831331,3.82,30.3,1722.0,5068.0,0.849,0.861,300.141
TOI-669 b,TOI-669,Transit,2023,3.945152,2.58606487,10.0,1124.85,5597.0,0.9882,0.9245,142.867
HD 25463 b,HD 25463,Transit,2023,7.0491423,2.54535814,8.7,1198.46,6353.0,1.4182,1.251,45.6181
HD 73344 b,HD 73344,Transit,2024,15.611,2.884,10.48,911.0,6252.6,1.22,1.2,35.26
TOI-2368 b,TOI-2368,Transit,2024,5.1750073,10.83908434,206.58846455,1000.0,5360.0,0.846,0.897,210.915
TOI-2107 b,TOI-2107,Transit,2024,2.4545467,13.57407563,263.79757781,1397.0,5627.0,0.932,0.961,236.705
TOI-1248 b,TOI-1248,Transit,2024,4.3601561,6.8084859,27.4,952.09,5205.0,0.8686,0.9042,168.735
TOI-837 b,TOI-837,Transit,2020,8.3249113,9.16894621,120.45696625,995.3,5995.0,1.052,1.142,142.488
SWEEPS-11 b,SWEEPS-11,Transit,2006,1.796,12.666,3082.82,,,1.45,1.1,8500.0
Kepler-24 c,Kepler-24,Transit,2011,12.33,2.514,9.99,915.0,6028.0,1.099,1.06,1156.81
Kepler-57 b,Kepler-57,Transit,2012,5.72,3.135,25.06,850.0,5187.9,0.826,0.859,644.14
TOI-3894 b,TOI-3894,Transit,2024,4.33454,15.27784069,260.61929374,1531.0,6000.0,1.502,1.138,417.365
TOI-3321 b,TOI-3321,Transit,2024,3.6525145,15.55806521,176.07693748,1616.0,5850.0,1.549,1.041,285.895
TOI-1744.01,TOI-1744,Transit,2024,22.341702927,2.68,7.65,598.0,6179.0,1.14,1.18,114.39
K2-360 c,EPIC 201595106,Radial Velocity,2024,9.79692,4.02,15.23,912.0,5679.0,0.98,0.958,232.1
WASP-132 b,WASP-132,Transit,2016,7.1335164,10.09929161,136.0305582,682.0,4686.0,0.758,0.789,122.91
TOI-469.01,TOI-469,Transit,2021,13.6308205,3.41,9.1,716.0,5289.0,0.98,0.901,68.192
K2-260 b,K2-260,Transit,2018,2.62669762,18.41635529,546.66486004,2090.0,6860.0,1.755,1.637,663.834
K2-237 b,K2-237,Transit,2018,2.18053332,16.06246934,434.15360396,1759.0,6180.0,1.236,1.256,314.995
TOI-1772.01,TOI-1772,Transit,2024,8.054246874,2.905,8.78,877.67,5583.0,0.995,0.99,97.7562
WASP-132 c,WASP-132,Transit,2022,1.01153624,1.841,6.26,1329.0,4686.0,0.758,0.789,122.91
BD-17 63 b,BD-17 63,Radial Velocity,2008,655.57,12.8,1639.99458012,168.92,4714.0,0.74,0.741,34.4603
K2-261 b,K2-261,Transit,2018,11.6334681,9.26982704,68.96876432,1036.0,5490.0,1.663,1.107,213.283
K2-321 b,K2-321,Transit,2020,2.2979749,2.05124347,4.86,830.0,3750.0,0.595,0.578,77.6888
TOI-1777.01,TOI-1777,Transit,2024,14.650111974,2.246,5.67,580.0,5859.0,0.98,1.06,79.7665
HD 20794 d,HD 20794,Radial Velocity,2011,89.68,2.04,4.8,388.0,5368.0,0.93,0.79,6.00278
HD 175167 b,HD 175167,Radial Velocity,2009,1175.0,12.3,4703.8604236,232.03,5635.0,1.75,1.09,71.0863
Kepler-289 d,Kepler-289,Transit,2014,66.0282,3.03,5.33,502.81,5990.0,1.0,1.08,704.438
Kepler-289 c,Kepler-289,Transit,2014,125.8723,11.23,157.18,394.0,5990.0,1.0,1.08,704.438
K2-167 b,K2-167,Transit,2018,9.978541,2.36509493,6.5,1220.0,6310.0,1.499,1.084,80.8994
K2-265 b,K2-265,Transit,2018,2.36902,1.70824866,7.3418362,1366.0,5420.0,0.92,0.901,138.671
Kepler-289 b,Kepler-289,Transit,2014,34.5383,2.49,3.7,607.0,5990.0,1.0,1.08,704.438
KELT-24 b,KELT-24,Transit,2019,5.55149296,12.71098411,1458.83238813,1391.0,6426.0,1.338,1.268,96.5173
TOI-3568 b,TOI-3568,Transit,2024,4.417965,5.3,26.4,899.0,4969.0,0.719,0.78,197.906
K2-57 b,K2-57,Transit,2016,9.0073,2.30905002,5.94,635.8,4413.0,0.671,0.699,264.213
K2-54 b,K2-54,Transit,2016,9.7833,2.6116925,7.33,560.0,3990.0,0.643,0.615,174.955
TOI-4638.01,TOI-4638,Transit,2024,10.283918787,2.933,8.92,779.83,5700.0,0.895,1.02,168.248
TOI-5076 b,TOI-5076,Transit,2024,23.443162,3.48935569,16.14568308,550.0,4780.0,0.844,0.789,82.857
K2-77 b,K2-77,Transit,2016,8.2000844,2.4996027,603.877,806.0,5160.0,0.792,0.847,141.731
K2-180 b,K2-180,Transit,2018,8.865663,2.46597575,11.41003981,797.5,5365.0,0.719,0.735,203.896
TOI-2458 c,TOI-2458,Radial Velocity,2024,16.553,3.18,10.22,922.76,6005.0,1.31,1.05,112.958
K2-97 b,K2-97,Transit,2016,8.407115,13.45077684,174.48779544,1566.0,4673.0,4.14,1.17,878.43
K2-182 b,K2-182,Transit,2018,4.7369696,2.71257333,20.97667486,965.8,5128.0,0.789,0.823,154.83
NGTS-33 b,NGTS-33,Transit,2024,2.827972,18.38272835,1153.71711741,1991.0,7437.0,1.47,1.6,437.855
Kepler-105 b,Kepler-105,Transit,2013,5.4122034,2.53,10.8,1418.0,5933.0,1.026,0.991,459.223
TOI-2537 b,TOI-2537,Transit,2024,94.1022,11.25381662,415.40172795,338.0,4870.0,0.771,0.771,184.986
K2-98 b,K2-98,Transit,2016,10.1367349,5.06645928,34.00763955,1185.0,6260.0,1.518,1.246,518.625
K2-114 b,K2-114,Transit,2017,11.390931,10.59248676,638.83509807,701.4,4899.0,0.832,0.863,475.758
TOI-4994 b,TOI-4994,Transit,2024,21.491984,8.54124329,88.99195396,717.6,5640.0,1.055,1.005,329.304
Kepler-105 c,Kepler-105,Transit,2014,7.12592,1.44,5.6,997.0,5933.0,1.026,0.991,459.223
TOI-2295 c,TOI-2295,Radial Velocity,2024,966.5,12.8,1783.01736327,234.9,5730.0,1.459,1.168,126.279
TOI-5110 b,TOI-5110,Transit,2024,30.158577,11.98240037,921.7023803,976.0,6160.0,2.333,1.469,392.259
TOI-2537 c,TOI-2537,Radial Velocity,2024,1920.0,12.7,2297.89938261,123.1,4870.0,0.771,0.771,184.986
MOA-2008-BLG-310L b,MOA-2008-BLG-310L,Microlensing,2009,,5.18,23.4,,,,0.21,7700.0
K2-115 b,K2-115,Transit,2017,20.2729914,11.80305668,321.00669107,696.0,5870.0,0.855,0.918,413.591
K2-277 b,K2-277,Transit,2018,6.326768,2.18575124,7.4,1049.0,5680.0,0.973,0.974,113.123
TOI-406 c,TOI-406,Transit,2024,3.307441,1.32,2.08,584.0,3392.0,0.41,0.408,31.0597
TOI-5005 b,TOI-5005,Transit,2024,6.3085044,6.25,32.7,1040.0,5749.0,0.93,0.97,207.891
HD 86728 b,HD 86728,Radial Velocity,2025,31.1515,3.03,9.43,687.36,5610.0,1.237,0.967,14.9202
KMT-2021-BLG-2609L b,KMT-2021-BLG-2609L,Microlensing,2024,,3.17,10.17050902,,,,0.2,7480.0
TOI-5688 A b,TOI-5688 A,Transit,2024,2.94815527,10.3,124.0,742.0,3713.0,0.57,0.6,226.318
HD 222237 b,HD 222237,Radial Velocity,2024,14892.0,12.8,1649.52943233,58.74,4751.0,0.71,0.76,11.4469
HD 21520 b,HD 21520,Transit,2024,25.1292,2.697,17.7,637.0,5871.0,1.044,1.09,79.208
TOI-2768 b,TOI-2768,Transit,2024,1.50801,2.63,7.41,855.0,4008.0,0.657,0.63,78.4525
TOI-1174 b,TOI-1174,Transit,2024,8.953487683,2.562,32.0,713.83,5030.0,0.76,0.85,94.6375
TOI-2981 b,TOI-2981,Transit,2024,3.601501,13.4,638.0,1358.0,5940.0,1.08,1.03,527.789
TOI-1180 b,TOI-1180,Transit,2024,9.686760378,3.072,10.0,638.18,4738.0,0.73,0.75,72.0238
OGLE-2016-BLG-1800L b,OGLE-2016-BLG-1800L,Microlensing,2024,,13.2,823.17557413,,,,0.41,6480.0
TOI-5713 b,TOI-5713,Transit,2024,10.441989,1.77,3.78,347.2,3225.0,0.2992,0.2653,40.8668
TOI-6002 b,TOI-6002,Transit,2024,10.904821,1.65,3.36,321.4,3229.0,0.2432,0.2101,32.0266
HD 135694 b,HD 135694,Transit,2023,15.923475568,2.857,6.1,750.83,5712.0,1.08,1.02,73.8713
TOI-1295 b,TOI-1295,Transit,2024,3.1968838,15.69257298,451.31633794,2360.0,6280.0,1.7,1.38,388.227
TOI-6130 b,TOI-6130,Transit,2024,2.392679,14.3474953,333.71982735,1750.0,6110.0,1.51,1.31,220.882
TOI-1437 b,TOI-1437,Transit,2024,18.840942,2.24,9.6,794.23,6008.0,1.17,1.1,103.297
HD 183579 b,HD 183579,Transit,2021,17.471291,3.49,20.4,752.0,5784.0,0.96,0.996,57.2651
KMT-2023-BLG-1866L b,KMT-2023-BLG-1866L,Microlensing,2024,,1.43,2.63,,,,0.51,6210.0
K2-203 b,K2-203,Transit,2018,9.6952,1.26549392,2.14,738.4,5026.0,0.765,0.793,166.147
TOI-6651 b,TOI-6651,Transit,2024,5.056973,5.09,61.0,1493.0,5940.0,1.721,1.323,212.128
TOI-1630.01,TOI-1630,Transit,2024,12.055734733,2.417,6.42,584.0,5504.0,0.83,0.95,66.0929
TOI-1467 b,TOI-1467,Transit,2024,5.97114713,1.92,9.0,506.07,3834.0,0.491,0.489,37.4418
TOI-1659.01,TOI-1659,Transit,2024,5.877556328,2.255,5.71,1031.14,5977.0,1.006,1.1,122.494
HD 101581 c,HIP 56998,Transit,2025,6.20401,0.99,0.937,747.0,4675.0,0.63,0.653,12.7781
K2-208 b,K2-208,Transit,2018,4.19097,1.67462172,3.45,1122.0,5500.0,0.872,0.881,256.887
TOI-1716.01,TOI-1716,Transit,2024,8.082376554,3.143,10.0,959.0,5879.0,1.24,1.07,104.158
TOI-6038 A b,TOI-6038 A,Transit,2025,5.8267311,6.41,78.5,1439.0,6110.0,1.648,1.291,179.147
HIP 116454 b,HIP 116454,Transit,2014,9.1004157,2.469,9.7,753.2,5048.0,0.758,0.8,62.4491
TOI-2420 b,TOI-2420,Transit,2024,5.842641,15.02003414,294.62693329,1571.6,5707.0,2.369,1.158,435.174
K2-225 b,K2-225,Transit,2018,15.8723,3.60929179,12.7,923.0,5520.0,1.7,1.482,357.778
TOI-1739 b,TOI-1739,Transit,2024,8.303341406,1.946,4.45,755.55,4814.0,0.781,0.78,70.9819
HD 73344 d,HD 73344,Radial Velocity,2025,5823.0,13.2,810.46243785,126.51,6148.0,1.22,1.19,35.26
TOI-2485 b,TOI-2485,Transit,2024,11.23479,12.1393261,766.60211768,1134.0,6016.4,1.72,1.163,397.953
K2-7 b,K2-7,Transit,2015,28.6781,4.03523305,15.3,786.0,5700.0,1.533,1.056,738.553
HD 118203 c,HD 118203,Radial Velocity,2024,5103.0,12.4,3747.19691853,146.0,5742.0,2.04,1.27,92.2589
TOI-4734 b,TOI-4734,Transit,2025,6.235633,10.9175472,61.65871096,1468.0,6070.0,1.857,1.391,563.068
TOI-1453 c,TOI-1453,Transit,2025,6.5886982,2.224,2.95,819.8,4975.0,0.72,0.715,78.7415
TOI-3493 b,TOI-3493,Transit,2025,8.1594667,3.22,8.97,1102.0,5844.0,1.228,1.023,96.7224
TOI-2969 b,TOI-2969,Transit,2025,1.8237146,12.32987877,368.68095212,1186.0,4738.0,0.7,0.71,163.996
TOI-5300 b,TOI-5300,Transit,2025,2.262196,9.86390302,190.6970442,1043.0,4610.0,0.65,0.67,162.51
TOI-4794 b,TOI-4794,Transit,2025,3.5658116,14.35870428,308.29355479,1673.0,6390.0,1.451,1.25,543.008
TOI-2443 b,TOI-2443,Transit,2023,15.66858,2.363,4.8,519.0,4375.0,0.631,0.642,23.9258
OGLE-2016-BLG-0007L b,OGLE-2016-BLG-0007L,Microlensing,2025,14200.0,1.09,1.32,,,,0.59,4300.0
TOI-5340 b,TOI-5340,Transit,2025,4.9394392,15.07607904,270.15414595,1566.0,5990.0,1.842,1.35,532.629
AT2021ueyL b,AT2021ueyL,Microlensing,2025,4168.69,13.6,425.89006538,,3680.0,,0.49,1040.0
Kepler-10 c,Kepler-10,Transit,2011,45.294301,2.355,11.29,579.0,5708.0,1.065,0.91,185.506
TOI-2407 b,TOI-2407,Transit,2025,2.702969,4.26,16.8,705.0,3530.0,0.567,0.548,92.4366
TOI-5386 A b,TOI-5386 A,Transit,2025,3.62156552,14.70618268,155.10026262,1488.0,6094.0,1.245,1.165,394.486
TOI-2015 c,TOI-2015,Transit Timing Variations,2025,5.582796,2.93,8.91,448.0,3297.0,0.3273,0.3041,47.3444
TOI-2015 b,TOI-2015,Transit,2023,3.348237,3.309,9.2,530.9,3297.0,0.3273,0.3041,47.3444
GJ 3998 b,GJ 3998,Radial Velocity,2016,2.65033,1.39,2.5,733.5,3726.0,0.5,0.52,18.1459
TOI-1117 b,TOI-1117,Transit,2025,2.22816,2.46,8.9,1538.0,5635.0,1.05,0.97,167.598
GJ 3998 c,GJ 3998,Radial Velocity,2016,13.727,2.5,6.82,423.49,3726.0,0.5,0.52,18.1459
TOI-640 b,TOI-640,Transit,2021,5.003777,19.2794468,181.16219199,1816.0,6460.0,2.082,1.536,341.997
K2-157 d,K2-157,Radial Velocity,2025,66.5,5.16,23.3,429.1,5334.0,0.86,0.89,298.373
TOI-1117 c,TOI-1117,Radial Velocity,2025,4.579,2.91,8.78,1210.0,5635.0,1.05,0.97,167.598
TOI-1117 d,TOI-1117,Radial Velocity,2025,8.665,3.27,10.71,978.0,5635.0,1.05,0.97,167.598
Proxima Cen d,Proxima Cen,Radial Velocity,2025,5.12338,0.692,0.26,282.0,2900.0,0.141,0.1221,1.30119
Proxima Cen b,Proxima Cen,Radial Velocity,2016,11.18465,1.02,1.055,218.0,2900.0,0.141,0.1221,1.30119
LP 261-75 b,LP 261-75 A,Imaging,2006,,12.1,6674.396547,1500.0,3138.0,0.308,0.22,33.928
TIC 88785435 b,TIC 88785435,Transit,2025,10.508843,5.03,22.3,635.0,3998.0,0.911,0.724,122.386
TOI-1238 c,TOI-1238,Transit,2022,3.294736,2.11,8.32,695.0,4089.0,0.58,0.59,70.7145
TOI-1238 b,TOI-1238,Transit,2022,0.764597,1.21,3.76,1133.0,4089.0,0.58,0.59,70.7145
KOI-1843.03,Kepler-974,Transit,2013,0.1768913,0.61,8.0,1654.0,3584.0,0.45,0.46,134.311
TOI-5143 c,TOI-5143,Transit,2025,5.2097118,16.25302201,,904.48,5183.0,0.852,0.864,181.38
TOI-1803 b,TOI-1803,Transit,2025,6.293287,2.99,10.32,747.0,4687.0,0.715,0.756,119.24
TOI-5882 b,TOI-5882,Transit,2025,7.148972,11.46678726,6995.40323807,1515.0,5920.0,2.26,1.334,416.104
TOI-4465 b,TOI-4465,Transit,2025,101.94054,14.01122587,1872.00931723,427.0,5545.0,1.014,0.93,121.139
TOI-1478 b,TOI-1478,Transit,2021,10.1802117,11.99360935,279.68899816,918.0,5597.0,1.048,0.947,152.892
HIP 67851 b,HIP 67851,Radial Velocity,2015,89.23,13.7,365.50266805,840.72,4840.0,5.45,1.28,64.1181
HIP 67851 c,HIP 67851,Radial Velocity,2015,3128.41,12.7,2204.77565936,255.43,4840.0,5.45,1.28,64.1181
TOI-2346 b,TOI-2346,Transit,2025,3.3312029,16.11851425,394.10722468,1689.0,6480.0,1.38,1.271,437.484
HD 94890 b,HD 94890,Radial Velocity,2025,824.61,13.3,676.97450691,533.83,4867.0,10.71,1.74,61.7012
HD 87816 b,HD 87816,Radial Velocity,2025,484.17,12.7,2142.16346318,567.39,4989.0,9.0,2.41,133.233
TOI-2886 b,TOI-2886,Transit,2025,1.60200105,18.6405349,444.9597698,1978.0,6240.0,1.241,1.229,413.673
TOI-2876 b,TOI-2876,Transit,2025,6.2996431,9.6397234,54.03082919,929.0,5271.0,0.873,0.939,225.744
TOI-2986 b,TOI-2986,Transit,2025,3.2783662,9.292245,96.61983573,1622.0,5906.0,1.458,1.122,563.149
WASP-116 b,WASP-116,Transit,2025,6.6132,13.67495645,203.41018048,1414.0,6250.0,1.426,1.25,559.243
HD 102888 b,HD 102888,Radial Velocity,2025,252.06,12.8,1808.44363583,688.63,4990.0,8.6,2.42,126.484
HD 94890 c,HD 94890,Radial Velocity,2025,2492.19,12.5,2831.85110637,369.1,4867.0,10.71,1.74,61.7012
TOI-3135 b,TOI-3135,Transit,2025,3.7065585,13.65253849,327.36325921,1292.0,5890.0,0.985,1.044,221.673
Gaia-4 b,Gaia-4,Astrometry,2025,571.3,12.4,3750.3752026,,4034.0,0.624,0.644,73.4829
WASP-188 b,WASP-188,Transit,2025,5.748916,14.81827249,458.6263913,1666.0,6850.0,1.83,1.5,675.281
WASP-154 b,WASP-154,Transit,2025,3.811678,10.76062147,198.96058278,994.0,4774.0,0.823,0.8,215.501
TIC 434398831 b,TIC 434398831,Transit,2025,3.685504,3.51,12.1,1250.0,5638.0,0.909,0.992,217.011
TOI-3464 b,TOI-3464,Transit,2025,3.6515568,13.7646283,397.28550875,1693.0,6370.0,1.56,1.363,597.774
HR 858 c,HR 858,Transit,2019,5.973865,1.979,3.8,1309.0,6354.0,1.258,1.204,31.964
WASP-197 b,WASP-197,Transit,2025,5.167228,14.44837612,403.32424848,1665.0,6050.0,2.112,1.36,483.675
WASP-102 b,WASP-102,Transit,2025,2.709813,14.90794433,197.68926915,1671.0,5990.0,1.375,1.08,535.689
TOI-3486 b,TOI-3486,Transit,2025,2.21778105,10.5700688,99.16246298,1190.0,4930.0,0.788,0.837,154.715
TOI-2328 b,TOI-2328,Transit,2025,17.10197,9.97599282,50.85254512,842.0,5525.0,0.9,0.95,231.782
TOI-3837 b,TOI-3837,Transit,2025,11.88865,10.87271128,187.51876013,1178.0,5905.0,1.2,0.89,311.705
Gl 410 b,Gl 410,Radial Velocity,2025,6.02,2.83,8.4,592.44,3842.0,0.543,0.55,11.9324
HD 219666 b,HD 219666,Transit,2018,6.034468,4.898,17.6,1076.0,5540.0,1.059,1.02,94.1719
TOI-3682 b,TOI-3682,Transit,2025,3.3462406,12.80065596,69.28659273,1657.0,5703.0,1.735,1.32,404.211
TOI-6628 b,TOI-6628,Transit,2025,18.18424,10.98480109,235.19302118,833.0,5463.0,1.01,0.97,320.527
Kepler-289 e,Kepler-289,Transit,2025,330.0716,2.94,17.4,286.0,5990.0,0.985,1.061,704.438
KMT-2022-BLG-2076L b,KMT-2022-BLG-2076L,Microlensing,2025,,13.9,279.68899816,,,,0.67,5570.0
TOI-4214 b,TOI-4214,Transit,2025,3.4913885,10.68215861,165.27077164,1642.0,6370.0,1.434,1.382,346.881
GJ 581 c,GJ 581,Radial Velocity,2007,12.9211,2.5,6.81,346.13,3500.0,0.302,0.295,6.2981
G 192-15 c,G 192-15,Radial Velocity,2025,1219.0,3.87,14.3,55.9,2999.0,0.170718,0.132,9.53114
G 268-110 b,G 268-110,Radial Velocity,2025,1.43263,1.13,1.52,534.0,,0.177,0.137,
TOI-2449 b,TOI-2449,Transit,2025,106.14468,11.24,222.0,400.0,6021.0,1.065,1.079,156.786
KMT-2024-BLG-2242L b,KMT-2024-BLG-2242L,Microlensing,2025,,3.82,13.98444991,,,,0.069,7620.0
GJ 508.2 b,GJ 508.2,Radial Velocity,2025,5300.0,,587.98255295,59.3,3720.0,0.53,0.54,16.6374
GJ 3512 c,GJ 3512,Radial Velocity,2020,2354.0,14.3,143.97626837,42.92,3141.0,0.139,0.123,9.48637
HD 28471 b,HD 28471,Radial Velocity,2025,3.1649,1.75,3.72,1377.0,5766.0,1.08,0.98,43.6455
HD 28471 c,HD 28471,Radial Velocity,2025,6.1245,2.26,5.72,1066.0,5766.0,1.08,0.98,43.6455
NGTS-32 b,NGTS-32,Transit,2025,3.31211,15.91675259,181.16219199,1750.0,5680.0,1.85,1.07,837.457
HD 143811 AB b,HD 143811 A,Imaging,2025,117000.0,15.69257298,1938.7532827,1042.0,6791.0,1.68398,1.32,136.608
AF Lep b,AF Lep,Imaging,2023,8905.0,13.0,1147.36054927,1400.0,6140.0,1.25,1.218,26.8564
TOI-238 b,TOI-238,Transit,2024,1.273099,1.559,3.37,1378.0,5059.0,0.756,0.781,80.5407
HD 152843 b,HD 152843,Transit,2021,11.62071,3.05,9.82,1003.11,6310.0,1.43,1.15,107.898
MOA-2022-BLG-033L b,MOA-2022-BLG-033L,Microlensing,2025,,3.52,12.15,,,,0.51,1840.0
HD 28471 d,HD 28471,Radial Velocity,2025,11.681,2.06,4.91,945.0,5766.0,1.08,0.98,43.6455
HD 152843 c,HD 152843,Transit,2021,19.502104,5.94,9.67,253.08,6310.0,1.43,1.15,107.898
KMT-2023-BLG-1896L b,KMT-2023-BLG-1896L,Microlensing,2025,,4.19,16.35,,,,0.72,5490.0
KMT-2023-BLG-0119L b,KMT-2023-BLG-0119L,Microlensing,2025,,11.0,83.7,,,,0.71,5410.0
TOI-6054.02,TOI-6054,Transit,2024,12.563636,2.82,9.3,1143.0,6047.0,1.662,1.107,79.407
WASP-110 b,WASP-110,Transit,2021,3.7784022,13.19297028,154.78243421,1158.0,5392.0,0.853,0.814,274.96
K2-233 d,K2-233,Transit,2018,24.3681,2.363,10.3,525.0,4796.0,0.71,0.79,67.5062
K2-233 c,K2-233,Transit,2018,7.06024,1.272,4.6,794.0,4796.0,0.71,0.79,67.5062
BEBOP-4 AB b,BEBOP-4 A,Radial Velocity,2025,1823.5,,8358.8871041,239.44,5701.43,2.75645,1.507,234.294
2MASS J22501512+2325342 b,2MASS J22501512+2325342,Imaging,2018,,11.9,9534.85221,1600.0,3352.0,0.437589,0.433173,57.2309
WASP-4 b,WASP-4,Transit,2007,1.338230994,15.12091496,381.3940884,1653.0,5436.0,0.912,0.899,267.206
Kepler-391 b,Kepler-391,Transit,2014,7.4175,2.5,1100.0,930.0,5038.0,2.879,1.27,869.236
GJ 251 b,GJ 251,Radial Velocity,2020,14.237,1.79,3.85,336.0,3342.0,0.36,0.35,5.58057
TOI-1438 b,TOI-1438,Transit,2025,5.13967,3.04,9.4,971.0,5230.0,0.82,0.876,110.513
GJ 536 c,GJ 536,Radial Velocity,2025,32.761,2.3,5.89,290.5,3641.0,0.529,0.528,10.4092
TOI-1438 c,TOI-1438,Transit,2025,9.428089,2.75,10.6,794.0,5230.0,0.82,0.876,110.513
Kepler-391 c,Kepler-391,Transit,2014,20.501,2.88,450.0,662.0,5038.0,2.879,1.27,869.236
TOI-756 b,TOI-756,Transit,2025,1.2392495,2.81,9.83,934.0,3657.0,0.505,0.505,86.1759
TOI-756 c,TOI-756,Radial Velocity,2025,149.4,13.0,1287.20504835,194.0,3657.0,0.505,0.505,86.1759
HD 224018 d,HD 224018,Transit,2025,138.0731,2.4,4.2,411.0,5784.0,1.147,1.013,105.48
TOI-2141 c,TOI-2141,Radial Velocity,2025,5.4624,2.35,6.14,1095.0,5635.0,0.95,0.896,77.682
TOI-6448 b,TOI-6448,Transit,2025,14.844261,8.47398941,54.0,745.0,5910.0,0.897,1.03,386.879
K2-214 b,K2-214,Transit,2018,8.59656,2.51,6.85,1001.0,5875.0,1.236,1.03,300.64
51 Eri b,51 Eri,Imaging,2015,9100.0,,3464.3296363,807.0,7422.0,1.45,1.75,29.7575
TOI-1203.01,TOI-1203,Transit,2021,25.502672,2.918,7.39,743.6,5737.0,1.179,0.886,64.9943
TOI-2093 c,TOI-2093,Transit,2025,53.81149,2.3,15.8,329.0,4426.0,0.729,0.745,82.7982
KMT-2024-BLG-1209L b,KMT-2024-BLG-1209L,Microlensing,2025,,13.2,839.06699448,,,,0.77,3930.0
HD 135344 A b,HD 135344 A,Imaging,2025,,16.25302201,3178.28407,1585.0,9540.0,1.5,2.32,141.595
K2-10 b,K2-10,Transit,2015,19.30553,3.773,25.2,649.0,5533.0,0.956,0.88,272.36
TOI-1203 b,TOI-1203,Radial Velocity,2025,4.1572888,1.52,3.51,1361.2,5737.0,1.179,0.886,64.9943
TOI-1203 c,TOI-1203,Radial Velocity,2025,13.0766,2.2,5.46,,5737.0,1.179,0.886,64.9943
HIP 18606 b,HIP 18606,Radial Velocity,2025,674.94,14.0,244.72787339,405.91,4860.0,4.83,1.21,47.0288
HIP 111909 c,HIP 111909,Radial Velocity,2025,893.63,13.9,257.44100967,357.64,4891.0,4.53,1.28,88.077
TIC 257060897 b,TIC 257060897,Transit,2021,3.66003639,17.26183028,201.50321004,1775.0,5993.0,1.863,1.187,505.703
OGLE-2016-BLG-1266L b,OGLE-2016-BLG-1266L,Microlensing,2018,,12.4,3813.940884,,,,0.015,3080.0
BD+37 3172 b,BD+37 3172,Radial Velocity,2023,1887.76,12.4,3368.9811142,713.25,4500.0,50.24,3.75,454.251
TOI-654.01,TOI-654,Transit,2024,1.527561,2.378,8.71,794.0,3521.0,0.43,0.419,57.7553
K2-37 b,K2-37,Transit,2016,4.4434,1.39,2.51,949.0,5352.0,0.809,0.84,179.943
K2-37 d,K2-37,Transit,2016,14.09229,2.31,12.5,646.0,5352.0,0.809,0.84,179.943
K2-55 b,K2-55,Transit,2016,2.849271,4.43,44.0,900.0,4300.0,0.715,0.688,159.522
TOI-5261 b,TOI-5261,Transit,2025,4.1509768,11.60129502,3651.84839643,1244.0,5790.0,1.021,1.037,377.054
TOI-4773 b,TOI-4773,Transit,2025,1.7452851,15.22179579,1687.66884117,2255.0,6740.0,1.55,1.452,492.888
BD+42 2315 b,BD+42 2315,Radial Velocity,2023,123.05,14.2,174.80562385,1247.58,4500.0,17.85,1.38,610.715
Ross 176 b,Ross 176,Transit,2025,5.0066338,1.84,4.57,682.0,4041.0,0.569,0.577,46.4488
K2-62 c,K2-62,Transit,2016,16.19697,1.99,4.62,495.0,4455.0,0.696,0.67,112.467
K2-61 b,K2-61,Transit,2016,2.57336,1.92,4.35,1325.0,5748.0,0.995,0.97,405.732
TOI-6420 b,TOI-6420,Transit,2025,6.961508,11.93756445,2606.1929374,1213.0,6020.0,1.312,1.165,634.712
TOI-5350 b,TOI-5350,Transit,2025,7.581367,12.41955062,2094.48920213,1195.0,6220.0,1.263,1.167,277.419
TOI-5817 b,TOI-5817,Transit,2025,15.61031,3.08,10.3,950.0,5770.0,1.427,0.97,80.7542
K2-73 b,K2-73,Transit,2016,7.49556,2.58,9.2,968.0,5867.0,1.058,1.02,269.183
TOI-5799 b,TOI-5799,Transit,2024,4.164507,1.733,3.65,505.0,3452.0,0.321,0.325,27.8123
TOI-1346 b,TOI-1346,Transit,2025,1.7622538,2.39,6.3,1324.0,5099.0,0.78,0.82,115.45
TOI-1346 c,TOI-1346,Transit,2025,5.502558,2.23,5.6,928.0,5099.0,0.78,0.82,115.45
K2-105 b,K2-105,Transit,2017,8.26726,3.4,15.4,805.0,5373.0,0.905,0.94,197.989
TOI-5799 c,TOI-5799,Transit,2025,14.010449,1.76,3.75,337.0,3452.0,0.321,0.325,27.8123
TOI-6223 b,TOI-6223,Transit,2025,3.855219,5.07,22.6,714.0,3895.0,0.576,0.582,133.122
KOI-351 g,KOI-351,Transit,2013,210.73514,7.718,15.0,342.0,6031.13,1.185,1.242,848.254
HD 63433 c,HD 63433,Transit,2020,20.5438281,2.692,15.539,678.92,5553.0,0.934,0.956,22.4035
HD 17156 b,HD 17156,Radial Velocity,2007,21.2164294,12.26262489,1036.12060682,888.0,6046.0,1.517,1.285,78.0863
TOI-6000 b,TOI-6000,Transit,2025,0.448959,0.94,0.779,1120.0,3419.0,0.38,0.37,75.7664
K2-189 c,K2-189,Transit,2018,6.67932,2.31,5.95,877.0,5442.0,0.879,0.85,242.113
KMT-2024-BLG-0404L b,KMT-2024-BLG-0404L,Microlensing,2025,,11.9,8657.64580668,,,,0.09,7210.0
KMT-2024-BLG-1281L b,KMT-2024-BLG-1281L,Microlensing,2025,,4.59,19.06970442,,,,0.32,7180.0
GJ 317 b,GJ 317,Radial Velocity,2007,695.69,13.3,794.5,100.32,3496.0,0.403,0.402,15.1968
TOI-6303 b,TOI-6303,Transit,2025,9.485236,11.59,2493.0,541.0,3977.0,0.609,0.644,152.219
LHS 1903 d,LHS 1903,Transit,2026,12.566287,2.5,5.96,442.0,3664.0,0.539,0.538,35.6917
LHS 1903 e,LHS 1903,Transit,2026,29.31773,1.732,5.79,333.0,3664.0,0.539,0.538,35.6917
WASP-120 b,WASP-120,Transit,2016,3.61126721,15.58048317,1541.4755,1749.0,6450.0,1.68443,1.393,381.174
WASP-140 b,WASP-140,Transit,2016,2.23598448,14.23540549,775.5052,1270.0,5300.0,0.87,0.9,117.598
HD 85426 c,TOI-1774,Radial Velocity,2026,35.73,3.19,10.3,640.0,5746.0,1.1303,0.991,53.974
TOI-1774.01,TOI-1774,Transit,2021,16.70988,2.78,8.5,824.0,5746.0,1.1303,0.991,53.974
HD 176986 b,HD 176986,Radial Velocity,2017,6.49164,,1487.75477317,767.0,4931.0,0.782,0.789,27.7843
KOINTREAU-3 b,ISO-Oph 96,Imaging,2026,,13.1,1080.6165838,8.74,3920.0,0.730795,0.41,140.563
PDS 70 b,PDS 70,Imaging,2018,43500.0,21.96960217,1017.0509024,1392.0,4109.0,1.26,0.982,113.064
HD 176986 d,HD 176986,Radial Velocity,2026,61.376,2.49,6.76,363.0,4931.0,0.782,0.789,27.7843
TOI-6692 b,TOI-6692,Transit,2026,131.125,11.67975789,197.05361234,467.0,5890.0,1.385,1.047,312.903
TOI-4342 b,TOI-4342,Transit,2023,5.5382592,2.329,7.3,639.0,3866.0,0.598,0.587,61.5204
PDS 70 c,PDS 70,Imaging,2019,,22.19378179,2383.7130525,1054.0,4109.0,1.26,0.982,113.064
V2376 Ori b,V2376 Ori,Imaging,2025,,87.20586985,6356.56814,2100.0,,,0.45,
TOI-5489 b,TOI-5489,Transit,2025,3.15222,1.4,2.54,624.0,3547.0,0.42,0.41,45.0907
HD 208487 b,HD 208487,Radial Velocity,2004,129.36,14.3,146.20106722,437.59,6134.0,1.16,1.15,45.147
HD 181433 b,HD 181433,Radial Velocity,2008,9.3745,,1708.64551603,732.52,4918.0,0.79,0.86,26.8762
TOI-1135 b,TOI-1135,Transit,2024,8.0277327,9.91994792,58.79825529,1171.0,6320.0,1.202,1.119,114.048
TOI-5716 b,TOI-5716,Transit,2025,6.7663,0.96,0.84,400.0,3436.0,0.22,0.19,39.4122
HD 181433 d,HD 181433,Radial Velocity,2008,6896.1,13.2,858.1366989,81.19,4918.0,0.79,0.86,26.8762
HD 181433 c,HD 181433,Radial Velocity,2008,1018.5,,2207.00045821,153.53,4918.0,0.79,0.86,26.8762
DMPP-1 b,DMPP-1,Radial Velocity,2019,17.812,4.26,16.8,877.0,6196.0,1.26,1.21,62.5388
HD 202206 b,HD 202206,Radial Velocity,2026,256.26,12.1,6849.20217085,314.96,5764.23,1.04,1.06,45.9665
TOI-4940 b,TOI-4940,Transit,2025,25.867811,6.61,89.0,643.0,5504.0,1.163,1.012,345.659
TOI-5734 b,TOI-5734,Transit,2026,6.1841876,2.1,9.1,688.0,4750.0,0.639,0.724,32.5102
GJ 480 b,GJ 480,Radial Velocity,2020,9.5536,2.91,8.8,406.0,3509.0,0.449,0.45,14.2358
DMPP-1 d,DMPP-1,Radial Velocity,2019,3.1417,2.02,4.72,1632.0,6196.0,1.26,1.21,62.5388
DMPP-2 b,DMPP-2,Radial Velocity,2019,5.203,14.2,171.48,1000.0,6500.0,1.78,1.41,137.94
K2-19 d,K2-19,Transit,2016,2.50827,1.044,6.2,1258.0,5350.0,0.824,0.892,289.827
NGTS-35 b,NGTS-35,Transit,2025,25.241192,10.9,152.0,451.0,4717.0,0.753,0.789,183.078
TOI-2267 c,TOI-2267 A,Transit,2025,3.4950412,1.14,1.55,374.0,3030.0,0.2075,0.171,22.55
TOI-2267 b,TOI-2267 A,Transit,2025,2.28909,1.0,0.972,424.0,3030.0,0.2075,0.171,22.55
HD 39194 c,HD 39194,Radial Velocity,2021,14.0309,2.65,7.49,675.19,5205.0,0.783742,0.86,26.4131
DMPP-3 A b,DMPP-3 A,Radial Velocity,2019,5.59,1.44,2.67,854.0,5138.0,0.91,0.9,46.8917
TOI-5007 b,TOI-5007,Transit,2026,2.543371,11.07447293,211.03806225,774.0,3793.0,0.656,0.632,203.352
TOI-7166 b,TOI-7166,Transit,2025,12.92063621,2.01,4.7,249.0,3099.0,0.222,0.19,35.4153
TOI-375 b,TOI-375,Transit,2026,9.45469,10.77183045,236.78216321,1373.0,5259.9,2.9,1.441,396.213
TOI-5422 b,TOI-5422,Transit,2026,5.377219,9.10169233,8899.195396,1369.0,5820.0,1.474,1.066,346.141
HD 28185 b,HD 28185,Radial Velocity,2001,385.92,12.8,1859.29618095,271.95,5602.0,1.048,0.974,39.3809
XO-3 b,XO-3,Transit,2007,3.19152309,14.79585452,4217.58296089,1890.0,6970.0,1.523,1.449,213.053
DMPP-6 c,DMPP-6,Radial Velocity,2026,36.441,3.74,13.47,715.27,6182.09,1.27,1.079,54.6303
TOI-7510 b,TOI-7510,Transit,2025,11.530869,7.31,18.1,878.0,5720.0,1.035,1.063,249.006
TOI-5788 c,TOI-5788,Transit,2026,16.213362,2.272,6.4,667.0,5615.0,0.87,0.87,97.614
TOI-5788 b,TOI-5788,Transit,2026,6.340758,1.528,3.72,910.0,5615.0,0.87,0.87,97.614
DMPP-9 b,DMPP-9,Radial Velocity,2026,12.733,3.89,14.43,995.58,6092.0,1.26,1.1,109.539
HD 72659 c,HD 72659,Radial Velocity,2022,35500.0,12.1,6165.8710958,71.91,5929.0,1.36,1.033,51.8949
KMT-2020-BLG-0202L b,KMT-2020-BLG-0202L,Microlensing,2026,,12.4,3902.93283796,,,,0.81,3840.0
KMT-2022-BLG-1551L b,KMT-2022-BLG-1551L,Microlensing,2026,,13.2,940.77208472,,,,0.54,6900.0
HD 95338 b,HD 95338,Radial Velocity,2020,55.082694,4.27174254,42.9,443.0,5097.0,0.868,0.848,36.9941
KMT-2022-BLG-1818L b,KMT-2022-BLG-1818L,Microlensing,2026,,13.0,1271.313628,,,,0.79,5300.0
TOI-1243 b,TOI-1243,Transit,2026,4.6594779,2.33,7.7,450.0,3515.0,0.511,0.515,43.1865
TOI-5938 b,TOI-5938,Transit,2026,2.260424,3.82,14.0,1077.0,4650.0,0.712,0.744,114.035
TOI-7009 b,TOI-7009,Transit,2026,2.3206612,3.71,13.3,872.0,4080.0,0.564,0.583,184.12
KMT-2025-BLG-0121L b,KMT-2025-BLG-0121L,Microlensing,2026,,12.6,2469.52672239,,,,0.61,6200.0
HD 28109 b,HD 28109,Transit,2022,22.891054,2.69,6.2,867.0,6189.0,1.425,1.227,139.611
TOI-5388.01,TOI-5388,Transit,2024,2.5946748,0.99,2.2,488.0,3440.0,0.3,0.292,18.5226
KMT-2024-BLG-2087L b,KMT-2024-BLG-2087L,Microlensing,2026,,12.9,1395.26670673,,,,0.48,7190.0
HD 100508 b,HD 100508,Radial Velocity,2026,5681.0,13.7,381.3940884,106.66,5419.0,1.0179,0.94,32.7548
HD 114386 c,HD 114386,Radial Velocity,2026,444.0,13.4,117.59651059,200.82,4895.0,0.76,0.8,27.9243
HD 28109 d,HD 28109,Transit,2022,84.2899,3.11,5.8,561.0,6189.0,1.425,1.227,139.611
KMT-2020-BLG-0414L b,KMT-2020-BLG-0414L,Microlensing,2021,,1.2,1.87,,,,0.49,1220.0
TOI-6716 b,TOI-6716,Transit,2026,4.7185898,0.982,0.911,369.0,3110.0,0.231,0.223,18.8873
HD 154345 b,HD 154345,Radial Velocity,2006,3280.0,13.7,376.9444907,119.21,5468.0,0.85,0.89,18.284
HD 217107 b,HD 217107,Radial Velocity,1998,7.1270166,13.6,459.57987652,1105.84,5622.0,1.2245,1.045,20.0619
TOI-1472 b,TOI-1472,Transit,2024,6.36338574,4.058,18.05,891.0,5100.0,0.84,0.87,121.84
TOI-1648 b,TOI-1648,Transit,2025,7.331602,2.54,7.4,799.0,4850.0,0.81,0.83,69.835
HD 164604 b,HD 164604,Radial Velocity,2009,653.9,12.3,4195.3349724,170.16,4663.0,0.78,0.77,39.3633
HD 164604 c,HD 164604,Radial Velocity,2026,5387.0,12.5,3019.3698665,84.25,4663.0,0.78,0.77,39.3633
HIP 54515 b,HIP 54515,Imaging,2026,33000.0,12.2,5625.5628039,100.72,8100.0,1.64915,1.9,82.8101
TOI-1518 b,TOI-1518,Transit,2021,1.90261131,21.05046575,581.62598481,2546.0,7299.0,1.942,1.88,225.888
GJ 4274 b,GJ 4274,Radial Velocity,2026,1.6339,1.53,2.97,548.53,3228.0,0.19,0.18,7.23556
LHS 1903 b,LHS 1903,Transit,2026,2.1555098,1.382,3.28,796.0,3664.0,0.539,0.538,35.6917
LHS 1903 c,LHS 1903,Transit,2026,6.226185,2.046,4.55,559.0,3664.0,0.539,0.538,35.6917
TOI-1080 b,TOI-1080,Transit,2026,3.9652482,1.2,10.7,368.0,3065.0,0.2019,0.1667,25.559
TOI-2145 b,TOI-2145,Transit,2023,10.261128,12.24020692,1805.26535176,1484.0,6206.0,2.75,1.71,224.731
TIC 231949697 b,TIC 231949697,Transit,2026,0.90720448719,1.52831855,2.95,982.91,3451.32,0.492584,0.490679,50.2408
CWISEP J193518.59-154620.3 b,CWISEP J193518.59-154620.3,Imaging,2025,,12.2,4926.3403085,390.0,,,0.024,14.43
HD 202772 A b,HD 202772 A,Transit,2019,3.3088775,18.2370116,323.54931833,2181.0,6442.0,2.554,1.721,161.498
TOI-4588 b,TOI-4588,Transit,2026,13.11881173651,2.92922558,8.9,1768.0,7746.12,1.57458,2.018,225.181
TOI-4513 b,TOI-4513,Transit,2026,9.76042253684,2.34587608,6.11,653.0,5623.93,0.796628,0.979,102.609
TIC 24750448 b,TIC 24750448,Transit,2026,3.59159193029,2.43722231,6.51,,4545.43,0.713599,0.69,178.146
TOI-4127 b,TOI-4127,Transit,2023,56.3987,12.07,743.71847238,556.0,6096.0,1.293,1.23,319.632
TOI-697 b,TOI-697,Transit,2026,8.60788713593,2.35859364,6.16,839.8,5681.95,0.968149,0.97,93.7714
TOI-4561 b,TOI-4561,Transit,2026,8.93547936706,1.77789214,3.81,789.81,5537.93,0.851957,1.0,179.008
TIC 24750448 c,TIC 24750448,Transit,2026,10.14385270726,3.09028272,9.75,,4545.43,0.713599,0.69,178.146
GJ 1137 c,HD 93083,Radial Velocity,2026,9.6412,2.11,5.12,768.51,5033.8,0.837,0.836,28.5159
TIC 87422071 b,TIC 87422071,Transit,2026,11.364929,10.8615023,409.99864503,1110.0,6150.0,1.489,1.239,384.758
TOI-883 b,TOI-883,Transit,2026,10.05771848538,7.17166228,40.7,861.0,5713.15,1.01477,1.003,102.637
TOI-4640 b,TOI-4640,Transit,2026,2.68566015238,2.84326517,8.46,1378.86,5743.01,1.06715,1.1,245.089
TIC 38828280 b,TIC 38828280,Transit,2026,4.85558984762,2.62701629,7.4,,5046.63,0.741147,0.84,286.415
TIC 147027702 b,TIC 147027702,Transit,2026,44.40523,10.92875618,346.43296363,863.0,6410.0,2.136,1.406,457.186
TIC 245076932 b,TIC 245076932,Transit,2026,21.61389,10.87271128,162.09248757,845.0,6130.0,1.288,1.117,303.96
TOI-921 b,TOI-921,Transit,2026,5.12871907628,3.53409617,12.2,951.0,6011.66,1.14165,1.13,294.015
TOI-4930 b,TOI-4930,Transit,2026,6.78130241498,6.93277225,38.4,1169.0,5624.72,1.15926,1.04,413.757
TIC 62895484 b,TIC 62895484,Transit,2026,2.83985434327,3.49391667,12.0,,5520.79,0.874291,0.98,294.857
TOI-941 b,TOI-941,Transit,2026,8.51460888787,6.51165317,34.6,982.42,5745.88,1.1849,1.078,263.386
TOI-5159 b,TOI-5159,Transit,2026,5.83639428843,1.54732112,3.01,866.29,5156.16,0.854084,0.9,55.1788
TIC 86380416 b,TIC 86380416,Transit,2026,6.0408643461,2.4123612,6.4,,5723.74,0.989724,1.07,244.68
K2-19 b,K2-19,Transit,2015,7.9193,7.0,30.8,857.0,5322.0,0.82,0.88,289.827
TOI-5335 b,TOI-5335,Transit,2026,3.61365988443,4.02422162,15.3,1048.0,5528.92,0.916633,0.945,331.289
TIC 88692598 b,TIC 88692598,Transit,2026,2.64909436758,1.81295951,3.94,,3483.17,0.532473,0.529218,73.5258
TOI-1752 b,TOI-1752,Transit,2026,0.9351861,1.693,3.51,1036.0,3762.0,0.53,0.524,103.021
TOI-1269 c,TOI-1269,Transit,2026,9.23786144195,2.22999162,5.6,757.0,5554.02,0.848906,0.9027,172.138
TOI-5486 b,TOI-5486,Transit,2026,2.02470073205,3.96824928,14.9,752.0,3750.17,0.553216,0.548138,89.6811
TIC 139702105 b,TIC 139702105,Transit,2026,6.83601903383,2.45316949,6.59,,5742.35,1.25423,0.9,91.7884
TOI-5624 c,TOI-5624,Transit,2026,7.885385,2.474,4.8,857.0,5327.0,0.82,0.858,101.913
TOI-1718 b,TOI-1718,Transit,2026,5.58703768615,4.10824994,15.8,948.0,5304.91,0.939285,0.93,52.3044
TOI-5532 b,TOI-5532,Transit,2026,5.6539659431,2.52763693,6.93,617.33,4208.45,0.662052,0.636083,90.9985
TIC 161045582 b,TIC 161045582,Transit,2026,8.85577189959,2.24566738,5.67,,5683.87,1.07976,1.04,162.246
TOI-1232 c,TOI-1232,Transit Timing Variations,2026,30.356,8.88,58.48042689,660.05,5823.0,1.072,1.058,328.604
TOI-1732 b,TOI-1732,Transit,2026,4.11923678339,2.49549787,6.78,657.79,4201.93,0.632571,0.613891,74.7599
TOI-5605 b,TOI-5605,Transit,2026,5.91340454843,2.52611303,6.92,669.0,4583.79,0.736044,0.68,95.0735
TOI-1756 b,TOI-1756,Transit,2026,2.78301736297,1.94225664,4.43,696.39,3891.86,0.562607,0.556454,86.7159
TOI-5630 b,TOI-5630,Transit,2026,3.22118452536,2.37117553,6.22,1541.0,5385.64,0.933361,0.934,134.047
TIC 206466666 b,TIC 206466666,Transit,2026,9.10486865159,2.14817673,5.26,,4620.3,0.667193,0.76,127.837
TOI-198 b,TOI-198,Transit,2023,10.215213,1.36,3.17,456.0,3801.0,0.418,0.417,23.7262
KMT-2024-BLG-2005L b,KMT-2024-BLG-2005L,Microlensing,2026,,8.18,50.85254512,,,,0.12,7720.0
TOI-1839 b,TOI-1839,Transit,2026,1.42378440907,2.21895097,5.56,1405.35,5315.91,0.848099,0.934,116.086
TOI-5926 b,TOI-5926,Transit,2026,3.81122794237,7.56807148,44.6,987.0,5388.92,0.890046,0.946,275.103
TIC 290487717 b,TIC 290487717,Transit,2026,3.400818229,6.63777941,35.7,,5328.97,0.943767,0.92,395.574
TOI-672 b,TOI-672,Transit,2023,3.633581,5.31,50.9,699.5,3810.0,0.54,0.54,66.9071
TOI-2071 b,TOI-2071,Transit,2026,5.67395386982,2.56484195,7.1,1029.33,5755.41,1.00286,1.063,231.311
TOI-4156 c,TOI-4156,Transit,2026,12.82282706375,2.92303762,8.87,809.32,5971.64,1.03963,1.1,213.719
TIC 356227008 b,TIC 356227008,Transit,2026,2.96147448702,2.39024009,6.3,,5731.86,0.959792,1.02,387.609
TOI-2518 b,TOI-2518,Transit,2026,6.89797425216,2.26838675,5.77,1095.0,5751.2,0.993374,1.11,160.825
TOI-6393 b,TOI-6393,Transit,2026,9.53176110329,2.75958542,8.04,696.0,5008.2,0.766023,0.835,186.229
EPIC 220674823 b,EPIC 220674823,Transit,2016,0.57130782,1.606,7.54,2324.0,5578.0,0.99,0.913,244.59
EPIC 220674823 c,EPIC 220674823,Transit,2016,13.340603,2.712,7.9,838.0,5578.0,0.99,0.913,244.59
TOI-2654 b,TOI-2654,Transit,2026,2.96760425926,7.94454164,48.4,819.0,4594.08,0.756095,0.69,248.964
TOI-6699 b,TOI-6699,Transit,2026,5.32005926761,2.32645266,6.02,976.0,4705.1,0.75309,0.75,85.8463
TOI-1839 c,TOI-1839,Transit,2026,4.02393854207,2.40867246,6.39,,5315.91,0.848099,0.934,116.086
K2-111 c,K2-111,Radial Velocity,2020,15.6748,3.34,11.1,923.0,5775.0,1.25,0.84,200.394
TOI-4156 b,TOI-4156,Transit,2026,4.46189034133,2.53823825,6.98,1289.0,5971.64,1.03963,1.1,213.719
TOI-7333 b,TOI-7333,Transit,2026,6.26449803661,2.09469416,5.04,755.0,4586.87,0.666066,0.721,157.217
rho CrB e,rho CrB,Radial Velocity,2023,12.904,1.75,3.71,1004.88,5817.0,1.3617,1.0,17.4671
MOA-2007-BLG-192L b,MOA-2007-BLG-192L,Microlensing,2008,,3.58,12.49,,,,0.28,2160.0
K2-79 b,K2-79,Transit,2016,10.995039,4.15,5.9,1033.0,5897.0,1.269,1.06,256.011
K2-111 b,K2-111,Transit,2017,5.3518963,1.837,5.35,1293.0,5775.0,1.25,0.84,200.394
TOI-4363 b,TOI-4363,Transit,2026,2.11867592279,1.76689273,3.77,884.71,4278.45,0.69132,0.62,77.7751
HD 5388 b,HD 5388,Radial Velocity,2010,772.5,13.1,1017.0509024,316.59,6297.0,1.91,1.21,53.0661
Kepler-79 b,Kepler-79,Transit,2012,13.48451,3.51,7.6,929.0,6389.0,1.316,1.244,1020.72
Kepler-79 c,Kepler-79,Transit,2012,27.4026,3.76,4.6,734.0,6389.0,1.316,1.244,1020.72
HD 16760 b,HD 16760,Radial Velocity,2009,466.08,12.1,6833.3107505,226.14,5518.0,0.835,0.93,50.17561
TOI-3457 b,TOI-3457,Transit,2026,32.600268,10.64,797.74930157,824.2,6300.0,1.474,1.04,370.666
TOI-6884 b,TOI-6884,Transit,2026,4.808264,10.39072511,8365.24367224,1652.0,6330.0,1.84,1.41,562.376
TOI-4602.01,TOI-4602,Transit,2024,3.9812999,2.45,5.53,1344.0,5966.0,1.08,0.9,63.0637
TOI-791 b,TOI-791,Transit,2026,139.29931,11.13051784,9.5,434.3,6294.0,1.474,1.28,341.221
eps Eri b,eps Eri,Radial Velocity,2000,2680.0,13.8,317.828407,112.26,5020.38,0.759106,0.82,3.2026
TOI-791 c,TOI-791,Transit,2026,232.0157,12.94637271,18.6,362.8,6294.0,1.474,1.28,341.221
HD 190360 b,HD 190360,Radial Velocity,2003,2887.5,13.5,537.0,150.0,5560.0,1.14,0.996,16.0069
HD 190360 c,HD 190360,Radial Velocity,2005,17.11625,5.53,26.2,794.55,5560.0,1.14,0.996,16.0069
HD 190360 d,HD 190360,Radial Velocity,2026,88.69,3.48,11.9,459.21,5560.0,1.14,0.996,16.0069
TOI-3664 b,TOI-3664,Transit,2026,3.2974839,13.69737442,114.41822652,1232.0,5593.0,1.11,0.98,464.748
TOI-4034 b,TOI-4034,Transit,2026,1.8020932,17.71018951,276.51071409,1907.0,5891.0,1.83,1.19,745.145
HD 126105 b,HD 126105,Radial Velocity,2026,524.0,13.5,530.77343969,413.6,4875.0,4.21,1.2,82.8811
TIC 52059926 b,TIC 52059926,Transit,2026,175.532,10.71,5380.0,229.6,4505.0,0.72,0.73,216.581
TOI-4427 b,TOI-4427,Transit,2026,4.6182621,13.09208946,87.72064033,1040.0,5347.0,0.89,0.9,198.251
TOI-2049 b,TOI-2049,Transit,2026,5.303468,16.64533634,486.27746271,1869.0,6164.0,3.2,1.57,571.487
TOI-4458 b,TOI-4458,Transit,2026,3.9393792,12.40834163,552.06794296,1759.0,6151.0,1.96,1.47,505.432
TOI-159 b,TOI-159,Transit,2026,3.7628396,18.18,1110.0,1891.0,7287.0,1.62,1.661,347.593
COCONUTS-2 b,COCONUTS-2 A,Imaging,2021,402000000.0,12.57647635,2383.7130525,493.0,3552.0,0.366,0.4,10.8864
HD 30177 c,HD 30177,Radial Velocity,2016,11320.0,12.9,1484.25866069,87.87,5680.0,1.019,0.98,55.5867
TOI-1710 b,TOI-1710,Transit,2022,24.28336,5.06,19.1,602.99,5775.0,0.93,1.02,81.2271
K2-370 b,K2-370,Transit,2022,2.1408093,2.67,11.1,1267.0,5662.0,0.945,0.962,144.202
HIP 8923 b,HIP 8923,Radial Velocity,2026,5160.0,12.5,3171.92750186,136.48,5980.0,1.32164,1.01,65.9957
TOI-201 c,TOI-201,Transit Timing Variations,2025,2890.0,10.4,4990.0,169.58,6423.0,1.31,1.32,113.825
KMT-2023-BLG-0332L b,KMT-2023-BLG-0332L,Microlensing,2026,,12.0,6992.224954,,,,0.54,6500.0
XO-2 S d,XO-2 S,Radial Velocity,2024,4696.0,13.0,1179.14338997,110.98,5325.0,1.02,0.98,151.398
TOI-237 c,TOI-237,Transit,2026,1.74486147,1.206,1.9,515.0,3226.0,0.2056,0.1698,38.0749
bet Pic b,bet Pic,Imaging,2008,8682.0,18.49485,2765.1071409,1612.0,8038.68,1.54416,1.789,19.7442
bet Pic c,bet Pic,Radial Velocity,2019,1202.0,12.5,2765.1071409,1250.0,8038.68,1.54416,1.789,19.7442
bet Pic d,bet Pic,Imaging,2026,33200.0,14.12331568,762.7881768,600.0,8038.68,1.54416,1.789,19.7442
Kepler-484 b,Kepler-484,Transit,2016,10.045569313,2.28,5.82,766.0,5668.0,0.87,0.96,382.136
Kepler-758 c,Kepler-758,Transit,2016,4.75793986,1.69,3.5,1372.0,6228.0,1.42,1.16,1502.32
TOI-4311 b,TOI-4311,Transit,2026,0.9902738,1.376,4.5,1664.0,5063.0,0.8441,0.816,134.988
TOI-2147 b,TOI-2147,Transit,2026,26.20518,10.5,116.0,820.0,5983.0,1.39,0.99,282.108
TOI-6019 b,TOI-6019,Transit,2026,14.547952,12.3,149.0,1095.0,5561.0,2.02,1.13,260.342
Kepler-929 b,Kepler-929,Transit,2016,0.921032135,1.11,1.41,2362.0,5869.0,1.02,1.01,1311.23
Kepler-1767 b,Kepler-1767,Transit,2021,59.65829849,3.01299077,9.34,393.0,5243.0,0.831,0.887,820.506
Kepler-223 e,Kepler-223,Transit,2014,19.72567,4.6,4.8,751.0,5803.0,1.72,1.125,1859.71
Kepler-1127 b,Kepler-1127,Transit,2016,5.12330347,1.96,4.5,994.0,5664.0,0.95,0.97,842.459
Kepler-1793 b,Kepler-1793,Transit,2021,8.779999733,3.79037518,13.8,713.0,5191.0,0.764,0.85,1189.88
HD 141937 b,HD 141937,Radial Velocity,2002,662.37,12.4,3591.4609991,231.49,5870.0,1.03,1.09,33.3622
Kepler-1367 b,Kepler-1367,Transit,2016,1.574090272,0.92,0.721,998.0,4106.0,0.6,0.62,401.484
Kepler-1900 b,Kepler-1900,Transit,2021,2.986229897,1.62314676,3.27,1356.0,6173.0,1.041,1.104,1540.43
Kepler-1364 b,Kepler-1364,Transit,2016,13.32196237,2.15,5.27,1299.0,6805.0,1.79,1.49,1056.9
Kepler-482 b,Kepler-482,Transit,2016,56.35418576,2.36,6.17,352.0,4871.0,0.72,0.75,313.068
Kepler-1646 b,Kepler-1646,Transit,2016,4.48558383,1.23,2.04,365.0,3299.0,0.26,0.24,127.591
HD 6718 b,HD 6718,Radial Velocity,2009,2476.0,13.3,762.7881768,148.94,5746.0,1.02,0.96,51.3444
Kepler-32 c,Kepler-32,Transit,2011,8.7522,2.0,158.9,451.0,3900.0,0.53,0.58,323.847
K2-177 b,K2-177,Transit,2018,14.155185,2.1162048,5.13,,6063.0,1.213565,1.210525,492.167
Kepler-259 c,Kepler-259,Transit,2014,36.924931,2.7,7.75,530.0,5938.0,0.898,0.867,1002.14
K2-183 b,K2-183,Transit,2018,0.469285,1.1,1.37,,5482.0,0.87,0.942219,329.041
Kepler-222 d,Kepler-222,Transit,2014,28.081912,3.69,13.2,522.0,5433.0,0.869,0.933,758.854
Kepler-165 c,Kepler-165,Transit,2014,15.31299,2.23,5.6,581.0,5211.0,0.77,0.746,560.885
K2-263 b,K2-263,Transit,2018,50.819172,2.513,15.4,482.0,5368.0,0.85,0.88,162.481
Kepler-166 d,Kepler-166,Transit,2016,1.554003928,1.73,3.64,1313.0,5350.0,0.83,0.88,603.53
Kepler-52 b,Kepler-52,Transit,2012,7.8773565,2.1,135.0,553.0,4075.0,0.52,0.54,321.542
K2-186 b,K2-186,Transit,2018,41.474219,3.17207779,10.2,,5784.0,0.98083,1.018617,330.739
K2-195 c,K2-195,Transit,2018,28.482786,2.57581891,7.16,,5712.0,0.906367,0.963364,315.014
K2-187 e,K2-187,Transit,2018,13.606629,1.9,4.27,698.0,5438.0,0.83,0.966999,330.916
K2-187 c,K2-187,Transit,2018,2.871512,1.4,2.54,1173.0,5438.0,0.83,0.966999,330.916
K2-189 b,K2-189,Transit,2018,2.58812,1.403,2.55,1203.0,5442.0,0.879,0.85,242.113
K2-280 b,K2-280,Transit,2018,19.89526,7.5,37.1,787.0,5500.0,1.28,1.03,391.537
K2-381 c,K2-381,Transit,2022,16.034656,2.0,4.66,,4473.0,0.675,0.754,145.701
Kepler-229 b,Kepler-229,Transit,2014,6.252972,2.2,5.48,823.0,5120.0,0.728,0.808,826.265
K2-222 b,K2-222,Transit,2018,15.3889274,2.275,7.5,803.0,5942.0,1.072,0.94,101.321
K2-220 b,K2-220,Transit,2018,13.68186,2.37,6.21,761.0,5612.0,1.026,0.91,233.514
Kepler-491 b,Kepler-491,Transit,2016,4.225384512,8.92,59.0,1111.0,5582.0,1.03,1.04,630.785
Kepler-197 b,Kepler-197,Transit,2014,5.599308,1.02,1.04,1142.0,6004.0,1.12,0.857,330.575
Kepler-216 b,Kepler-216,Transit,2014,7.693641,2.35,6.12,1069.0,6091.0,1.26,1.126,1187.47
K2-176 b,K2-176,Transit,2018,5.329439,1.49090097,2.83,,5428.0,0.86416,0.938545,247.302
K2-223 b,K2-223,Transit,2018,0.50557,0.89,0.64,2271.0,5859.0,1.0,1.06,198.604
Kepler-1732 b,Kepler-1732,Transit,2021,32.31240082,4.09903273,15.7,699.0,5821.0,1.494,1.043,1289.41
14 Her b,14 Her,Radial Velocity,2002,1766.41,12.5,2828.6728223,147.32,5338.0,0.93,0.97,17.9323
16 Cyg B b,16 Cyg B,Radial Velocity,1996,798.5,13.5,565.7374,228.76,5750.0,1.13,1.08,21.1397
K2-368 d,K2-368,Transit,2022,20.201085,1.948,4.45,,4663.0,0.663,0.746,206.608
Kepler-261 b,Kepler-261,Transit,2014,10.381227,2.18,5.39,672.0,5098.0,0.794,0.834,317.499
1RXS J160929.1-210524 b,1RXS J160929.1-210524,Imaging,2008,,18.647,3000.0,1700.0,4060.0,1.31316,0.85,139.135
CoRoT-4 b,CoRoT-4,Transit,2008,9.20205,13.34,228.83,1074.0,6190.0,1.17,1.16,726.412
K2-224 c,K2-224,Transit,2018,10.09489,2.41,6.39,764.0,5620.0,0.84,0.91,275.255
K2-368 c,K2-368,Transit,2022,9.660186,1.361,2.42,,4663.0,0.663,0.746,206.608
24 Sex c,24 Sex,Radial Velocity,2010,883.0,13.9,273.32,377.31,5098.0,4.9,1.54,72.0691
CoRoT-7 b,CoRoT-7,Transit,2009,0.85359163,1.68135,4.07660518,1756.0,5275.0,0.83,0.82,159.906
K2-226 b,K2-226,Transit,2018,3.27109,1.53899305,2.98,1187.0,5288.0,0.889,0.856,211.265
K2-227 b,K2-227,Transit,2018,13.621832,1.66551298,3.41,,5673.0,0.890666,0.950811,187.234
2MASS J12073346-3932539 b,2MASS J12073346-3932539,Imaging,2004,,15.69257298,1652.7077164,1163.0,2825.0,0.21887,0.188001,64.308
CoRoT-7 c,CoRoT-7,Radial Velocity,2009,3.698,2.83,8.4,1098.59,5256.0,0.864273,0.899,159.906
eps Tau b,eps Tau,Radial Velocity,2006,585.82,12.7,2285.18624633,603.08,4877.0,12.35,2.57,47.52852
gam1 Leo b,gam1 Leo,Radial Velocity,2009,428.5,12.5,2790.43,1080.7,4330.0,31.88,1.23,39.8883
K2-229 b,K2-229,Transit,2018,0.584216,1.0,2.55,1818.0,5315.0,0.79,0.87,102.564
Kepler-752 b,Kepler-752,Transit,2016,18.82747265,2.81,8.3,632.0,5373.0,0.83,0.87,1232.29
CoRoT-9 b,CoRoT-9,Transit,2009,95.272656,11.948794,266.9772,420.0,5625.0,0.96,0.96,412.98
K2-343 b,K2-343,Transit,2021,2.787174,1.65,3.36,653.0,3804.0,0.46,0.49,166.169
51 Peg b,51 Peg,Radial Velocity,1995,4.2307966,14.1,193.87532827,1328.93,5761.0,1.19,1.07,15.4614
K2-331 c,K2-331,Transit,2021,22.996591,2.72,7.85,673.0,5994.0,1.06,1.1,211.43
EPIC 212624936 c,EPIC 212624936,Transit,2021,11.811437,2.3,5.9,,5765.0,0.93,1.0,561.929
K2-334 b,K2-334,Transit,2021,5.113981,5.65,27.2,1380.0,6502.0,1.49,1.36,371.823
K2-379 b,K2-379,Transit,2022,8.777247,2.181,5.4,,4603.0,0.751,0.856,182.207
61 Vir d,61 Vir,Radial Velocity,2009,123.01,5.11,22.9,382.51,5577.0,0.963,0.942,8.50332
K2-202 b,K2-202,Transit,2018,3.405164,2.30165603,5.91,,5491.0,0.910685,0.971461,300.397
K2-343 c,K2-343,Transit,2021,7.676972,2.02,4.74,465.0,3804.0,0.46,0.49,166.169
K2-342 b,K2-342,Transit,2021,11.561052,2.03,4.78,861.0,5920.0,1.09,1.01,208.357
Kepler-260 b,Kepler-260,Transit,2014,8.187399,2.01,4.7,782.0,5250.0,0.862,1.013,627.365
K2-381 d,K2-381,Transit,2022,26.803023,1.689,3.5,,4473.0,0.675,0.754,145.701
K2-381 b,K2-381,Transit,2022,7.9389334,1.075,1.26,,4473.0,0.675,0.754,145.701
K2-348 b,K2-348,Transit,2021,4.688418,3.26,10.7,908.0,5077.0,0.85,0.83,201.856
K2-384 d,K2-384,Transit,2022,6.679582,1.392,2.52,,3623.0,0.348,0.33,82.6603
81 Cet b,81 Cet,Radial Velocity,2008,1005.57,13.1,1051.05854195,526.92,4734.0,11.21,1.23,101.26
K2-352 c,K2-352,Transit,2021,8.234885,1.92,4.35,885.0,5791.0,0.95,0.98,176.051
K2-384 c,K2-384,Transit,2022,4.194766,1.191,1.82,,3623.0,0.348,0.33,82.6603
BD+14 4559 b,BD+14 4559,Radial Velocity,2009,268.94,13.8,330.5432,246.28,4864.0,0.86,0.49,49.352
K2-204 b,K2-204,Transit,2018,7.055908,3.17214154,10.2,1148.0,5783.0,1.253,1.076,577.235
Kepler-1736 b,Kepler-1736,Transit,2021,37.81029892,3.8765856,14.3,566.0,6085.0,0.973,0.976,1430.0
K2-205 b,K2-205,Transit,2018,26.672263,1.99552771,4.64,,5890.0,1.077574,0.951027,405.301
Kepler-8 b,Kepler-8,Transit,2010,3.5224991,15.871944,187.5197,1680.0,6213.0,1.486,1.213,1021.87
K2-209 b,K2-209,Transit,2018,2.080615,0.86850263,0.586,,4720.0,0.712365,0.74479,76.4986
Kepler-745 b,Kepler-745,Transit,2016,9.93143556,2.16,5.31,931.0,5849.0,1.04,1.04,1780.38
K2-211 b,K2-211,Transit,2018,0.669561,1.33162691,2.33,1873.0,5117.0,0.818,0.851,272.297
Kepler-262 c,Kepler-262,Transit,2014,21.853722,1.64,3.33,618.0,5841.0,0.881,0.816,613.129
Kepler-119 b,Kepler-119,Transit,2014,2.422082,3.6,12.6,1213.0,5595.0,0.839,0.918,701.996
K2-394 b,K2-394,Transit,2022,5.095717,1.692,3.51,643.0,4938.0,0.631,0.478,98.0152
CoRoT-19 b,CoRoT-19,Transit,2011,3.89713,14.46,352.78,2000.0,6090.0,1.65,1.21,790.663
Kepler-748 b,Kepler-748,Transit,2016,7.40742793,2.52,6.9,938.0,5934.0,1.1,1.07,1705.99
HD 113538 b,HD 113538,Radial Velocity,2010,663.2,13.2,114.41,140.67,4462.0,0.53,0.585,16.2817
Kepler-112 b,Kepler-112,Transit,2014,8.408878,2.36,6.17,809.0,5544.0,0.841,0.782,513.206
HD 114386 b,HD 114386,Radial Velocity,2003,937.70001,13.6,464.02947422,154.56,4836.0,0.76,0.6,27.9243
HD 136418 b,HD 136418,Radial Velocity,2009,464.29999,13.3,680.1562,411.81,4989.0,3.78,1.48,105.168
GJ 676 A b,GJ 676 A,Radial Velocity,2010,1051.44521,12.8,1840.86213334,113.55,3734.0,0.69,0.626,16.0272
HAT-P-31 b,HAT-P-31,Transit,2011,5.00542,12.21781,721.4741,1450.0,6065.0,1.39,1.31,344.05
HD 11506 b,HD 11506,Radial Velocity,2007,1617.7,12.9,1551.00262616,193.57,6123.0,1.24,1.22,51.261
HD 11506 c,HD 11506,Radial Velocity,2008,223.92,14.0,127.1313628,374.44,6123.0,1.24,1.22,51.261
GJ 581 e,GJ 581,Radial Velocity,2009,3.1481,1.38,2.48,554.37,3500.0,0.302,0.295,6.2981
HAT-P-35 b,HAT-P-35,Transit,2011,3.646706,14.930388,335.62848,1581.0,6096.0,1.435,1.236,506.965
HD 116029 b,HD 116029,Radial Velocity,2011,670.0,13.6,444.962,400.04,4819.0,4.89,0.83,123.245
HD 142245 b,HD 142245,Radial Velocity,2011,1299.0,13.1,975.7381,306.3,4922.0,4.63,3.5,97.2305
GJ 876 b,GJ 876,Radial Velocity,1998,61.1166,13.3,723.2235,190.6,3293.74,0.3,0.32,4.67517
HD 118203 b,HD 118203,Radial Velocity,2005,6.1349779,12.778238,680.15279098,1361.0,5742.0,2.04,1.27,92.2589
HD 142 b,HD 142,Radial Velocity,2001,351.43394,12.7,2256.5816897,358.19,6245.0,1.47,1.21,26.1853
GJ 876 d,GJ 876,Radial Velocity,2005,1.93778,2.51,6.83,603.09,3293.74,0.3,0.32,4.67517
HD 125595 b,HD 125595,Radial Velocity,2011,9.6737,,3531.07360177,687.97,4691.0,0.74,0.29,28.1989
GQ Lup b,GQ Lup,Imaging,2004,,33.6,6356.0,2650.0,4360.0,1.94153,0.7,151.169
GJ 876 e,GJ 876,Radial Velocity,2010,124.26,3.92,14.6,150.46,3293.74,0.3,0.32,4.67517
HD 100655 b,HD 100655,Radial Velocity,2011,157.57001,13.5,511.7063,907.14,4891.0,10.06,2.28,137.178
Kepler-744 b,Kepler-744,Transit,2016,12.06222443,1.62,3.26,750.0,5594.0,0.93,0.94,449.964
HD 10180 f,HD 10180,Radial Velocity,2010,122.744,5.24,23.9,427.54,5911.0,1.109,1.06,38.9607
HD 126614 b,HD 126614,Radial Velocity,2009,1257.25303,12.7,107.74382997,209.54,5568.0,1.369794,0.96,73.0961
HD 10180 g,HD 10180,Radial Velocity,2010,604.67,,3375.33768234,251.27,5911.0,1.109,1.06,38.9607
HD 12661 b,HD 12661,Radial Velocity,2000,262.70862,13.3,772.3269,325.35,5645.0,1.2,1.2,37.8478
HAT-P-15 b,HAT-P-15,Transit,2010,10.8635,11.88154,616.5902,904.0,5568.0,1.07,1.0,192.516
HAT-P-16 b,HAT-P-16,Transit,2010,2.77596727,14.68376472,1341.56043,1566.0,6140.0,1.158,1.218,226.637
Kepler-764 b,Kepler-764,Transit,2016,7.33683936,1.64,3.33,875.0,5557.0,0.89,0.92,1047.84
Kepler-123 b,Kepler-123,Transit,2014,17.232366,2.94,55.3,817.0,6089.0,1.264,1.079,1021.66
HD 104985 b,HD 104985,Radial Velocity,2003,199.68,12.8,1766.80811451,901.01,4738.0,11.12,1.22,100.576
HD 104067 b,HD 104067,Radial Velocity,2011,55.851,9.2,62.1,407.83,4952.0,0.78,0.82,20.3632
HD 13189 b,HD 13189,Radial Velocity,2005,471.60001,12.4,3480.2385,1115.98,4175.0,38.41,2.24,497.823
HD 106252 b,HD 106252,Radial Velocity,2002,1535.0,12.5,3178.28407,178.13,5874.0,1.05,1.05,38.185
HD 132406 b,HD 132406,Radial Velocity,2007,908.0,12.8,1887.90073758,228.73,5766.0,1.34,0.973,70.7832
HD 108874 c,HD 108874,Radial Velocity,2005,1624.0,13.8,314.64,168.21,5551.0,1.05,0.95,59.5175
HD 10647 b,HD 10647,Radial Velocity,2006,989.2,13.8,298.75,221.54,6218.0,1.1,1.11,17.3357
HD 134060 b,HD 134060,Radial Velocity,2019,3.2696,3.16,10.1,1473.18,5966.0,1.164285,1.095,24.0125
HAT-P-21 b,HAT-P-21,Transit,2010,4.12448,12.44199,1547.8321,1367.0,5588.0,1.21,1.24,277.278
HD 215152 b,HD 215152,Radial Velocity,2018,5.75999,,565.41673605,846.89,4935.0,0.73,0.77,21.5974
HD 37124 c,HD 37124,Radial Velocity,2002,885.5,14.1,207.22516,204.73,5698.64,0.949168,0.85,31.6634
HD 159868 b,HD 159868,Radial Velocity,2006,1184.1,13.3,704.94694,255.69,5534.0,2.13,1.19,55.8503
HD 187085 b,HD 187085,Radial Velocity,2006,1019.74,13.9,265.70588,229.38,6117.0,1.27,1.189,45.8993
HD 216437 b,HD 216437,Radial Velocity,2002,1359.0,13.0,1334.8793094,209.85,5909.0,1.394,1.22,26.6902
HD 187123 c,HD 187123,Radial Velocity,2008,3810.0,13.2,912.16752809,135.42,5790.0,1.15043,1.04,45.9548
HD 216770 b,HD 216770,Radial Velocity,2003,118.45,14.1,181.1631,370.18,5399.0,0.93,0.74,36.6625
HD 18742 b,HD 18742,Radial Velocity,2011,766.0,13.1,1080.622,399.93,4940.0,5.13,1.36,162.685
HD 21693 c,HD 21693,Radial Velocity,2019,53.7357,4.34,17.37,492.36,5430.0,0.914378,0.8,33.255
HD 162020 b,HD 162020,Radial Velocity,2002,8.4282,12.5,3127.4472,650.0,4723.0,0.75,0.42,30.8248
HD 190647 b,HD 190647,Radial Velocity,2007,1176.45,13.4,630.89255,214.19,5656.0,1.376,1.069,54.4738
HD 190984 b,HD 190984,Radial Velocity,2009,4885.0,13.0,1137.82569706,152.29,5988.0,1.53,0.91,148.187
HD 192263 b,HD 192263,Radial Velocity,1999,24.3556,14.2,177.9848,486.0,4976.0,0.74,0.66,19.6359
HD 217786 b,HD 217786,Radial Velocity,2011,1301.36009,12.3,4402.55909376,207.3,5966.0,1.27,1.14,55.4847
HD 217107 c,HD 217107,Radial Velocity,2005,5138.7,12.9,1388.91013859,123.27,5622.0,1.2245,1.045,20.0619
HD 41004 B b,HD 41004 B,Radial Velocity,2003,1.3283,12.1,5838.29,,5036.0,1.04137,0.4,41.5504
HD 163607 c,HD 163607,Radial Velocity,2012,1272.0,13.3,699.54383,228.5,5522.0,1.76,1.12,67.7855
HD 192310 c,HD 192310,Radial Velocity,2011,525.8,5.25,24.0,185.0,5166.0,0.857922,0.8,8.79687
HD 4208 b,HD 4208,Radial Velocity,2001,832.97,13.9,257.4423,196.68,5717.0,0.846,0.883,34.1937
HD 164922 b,HD 164922,Radial Velocity,2005,1207.0,13.3,116.0,159.4,5390.0,0.946,0.926,22.0016
HD 197037 b,HD 197037,Radial Velocity,2012,1035.7,13.9,251.0,216.67,6150.0,1.105,1.11,33.1944
HD 4308 b,HD 4308,Radial Velocity,2005,15.56,4.12,15.8915,799.37,5686.0,1.02,0.93,22.0158
Kepler-272 c,Kepler-272,Transit,2014,6.057342,1.79,97.8,947.0,5297.0,0.929,0.91,889.608
HD 4313 b,HD 4313,Radial Velocity,2009,356.21,13.4,612.45841,502.39,4943.0,5.14,1.63,136.308
HD 168746 b,HD 168746,Radial Velocity,2002,6.404,11.1,85.8141,900.0,5570.0,1.09,1.07,41.5681
HD 148156 b,HD 148156,Radial Velocity,2009,1027.0,13.9,270.144,213.76,6308.0,1.21,1.22,57.1289
HD 17092 b,HD 17092,Radial Velocity,2007,359.89999,12.5,3219.6179,671.64,4326.0,13.58,6.73,228.422
HD 27894 b,HD 27894,Radial Velocity,2005,18.01939,14.1,196.73578393,627.88,4875.0,0.891767,0.81,43.8214
HD 28254 b,HD 28254,Radial Velocity,2010,1333.0,13.0,1207.7479466,212.28,5664.0,1.48,1.1,55.2884
HD 148427 b,HD 148427,Radial Velocity,2009,331.9,13.7,381.3940884,451.86,5025.0,3.86,1.64,71.3499
HD 171028 b,HD 171028,Radial Velocity,2007,550.0,13.2,832.7146,374.07,5671.0,2.47,1.53,111.659
HD 204313 c,HD 204313,Radial Velocity,2015,34.95875,4.31,17.16273398,634.95,5767.0,1.1,1.03,47.7945
HD 30177 b,HD 30177,Radial Velocity,2002,2539.0,12.6,2622.08435775,148.0,5680.0,1.019,0.98,55.5867
HD 290327 b,HD 290327,Radial Velocity,2009,2443.0,13.3,772.3269,139.7,5505.0,0.95,0.84,56.433
HD 152581 b,HD 152581,Radial Velocity,2011,686.5,13.4,594.02427,426.55,5027.0,5.14,1.3,165.76
HD 177830 b,HD 177830,Radial Velocity,1999,410.10001,13.5,537.1327,399.64,4901.0,3.26,1.7,62.7674
HD 20794 b,HD 20794,Radial Velocity,2011,18.314,1.45,2.7,660.0,5368.0,0.93,0.79,6.00278
HD 31253 b,HD 31253,Radial Velocity,2010,466.0,14.1,197.0546,348.36,6130.0,1.75,1.7,58.1438
HD 178911 B b,HD 178911 B,Radial Velocity,2001,71.484,12.6,2552.1749,480.24,5588.0,1.08,1.24,40.9727
HD 155358 b,HD 155358,Radial Velocity,2007,194.3,13.8,314.6517,421.43,5905.0,1.38,1.15,43.6197
HD 154857 b,HD 154857,Radial Velocity,2004,408.60001,13.3,778.6835,359.86,5589.0,2.3,1.96,63.4482
HD 155358 c,HD 155358,Radial Velocity,2007,391.9,13.9,261.0,330.92,5900.0,1.38,0.92,43.6197
HD 210702 b,HD 210702,Radial Velocity,2007,355.5,13.6,481.5100366,485.86,4912.0,4.54,1.33,54.1963
HD 3651 b,HD 3651,Radial Velocity,2003,62.25,10.1,72.46524,432.84,5221.0,0.871954,0.799,11.1336
HD 156668 b,HD 156668,Radial Velocity,2010,4.6455,1.87,4.15,887.48,4850.0,0.72,0.772,24.3323
HD 156411 b,HD 156411,Radial Velocity,2009,842.2,14.0,235.18,304.95,5900.0,2.16,1.25,56.8655
HD 183263 b,HD 183263,Radial Velocity,2004,624.87404,13.1,1103.1824007,263.26,5948.0,1.23,1.06,54.1955
HD 63454 b,HD 63454,Radial Velocity,2005,2.81805,12.31,79.4575,1018.06,4812.0,0.77,0.42,37.6894
HD 89307 b,HD 89307,Radial Velocity,2009,2166.0,13.4,642.01338214,166.55,5955.0,1.1,1.27,32.0104
rho CrB b,rho CrB,Radial Velocity,1997,39.849,13.7,347.995,614.0,5817.0,1.3617,1.0,17.4671
HD 66428 b,HD 66428,Radial Velocity,2005,2269.81726,12.4,3478.94974302,159.02,5716.0,1.13,1.01,53.2817
HD 93083 b,HD 93083,Radial Velocity,2005,144.72,14.3,143.34061156,311.57,5033.8,0.837,0.836,28.5159
HD 69830 b,HD 69830,Radial Velocity,2006,8.667,3.17,10.2,872.84,5385.0,0.886947,0.86,12.5591
TrES-3 b,TrES-3,Transit,2007,1.30618581,14.975,607.03,1638.0,5650.0,0.829,0.928,231.337
WASP-50 b,WASP-50,Transit,2011,1.9551,13.069694,466.828704,1394.84,5400.0,0.843,0.892,184.848
HD 69830 d,HD 69830,Radial Velocity,2006,197.0,4.45,18.1,308.1,5385.0,0.886947,0.86,12.5591
HD 96127 b,HD 96127,Radial Velocity,2011,638.9,13.0,1207.7479466,947.29,3943.0,35.0,0.91,587.659
HD 70573 b,HD 70573,Radial Velocity,2007,851.8,12.8,1900.0,206.11,5737.0,0.976919,1.0,59.182
HD 97658 b,HD 97658,Radial Velocity,2010,9.4897116,2.12,8.3,751.0,5212.0,0.728,0.85,21.5618
V0391 Peg b,V0391 Peg,Pulsation Timing Variations,2007,1170.0,13.1,1017.056,519.69,29300.0,0.23,0.5,1195.98
WASP-8 b,WASP-8,Transit,2010,8.15872,12.66617,807.2882,1059.0,5600.0,1.03,1.34,89.9606
WASP-10 b,WASP-10,Transit,2008,3.0927616,12.106,1001.12,1370.0,4675.0,0.698,0.75,140.998
XO-2 N b,XO-2 N,Transit,2007,2.61585906,11.130537,199.91507,1328.0,5290.0,0.998,0.96,154.273
HD 74156 b,HD 74156,Radial Velocity,2003,51.63564,13.5,532.36258173,679.63,6068.0,1.510576,1.1,57.603
HD 99706 b,HD 99706,Radial Velocity,2011,841.0,13.7,390.9309,391.46,4862.0,5.52,1.46,146.6
HIP 12961 b,HIP 12961,Radial Velocity,2010,57.435,13.2,114.4188,303.32,3901.0,0.65,0.69,23.371
HD 45184 b,HD 45184,Radial Velocity,2019,5.8854,3.52,12.19,1156.34,5869.0,1.075139,1.03,21.9532
WASP-16 b,WASP-16,Transit,2009,3.1186,13.67498,394.1092,1389.0,5700.0,1.14,1.78,194.134
HD 45364 b,HD 45364,Radial Velocity,2008,225.79,9.03,60.16491745,301.69,5466.0,0.89,0.82,34.354
HD 75898 b,HD 75898,Radial Velocity,2007,422.82,13.2,810.46243785,335.16,6122.0,1.55,1.295,78.0505
HD 7924 b,HD 7924,Radial Velocity,2008,5.39792,,2058.25676373,825.9,5131.0,0.78,0.65,16.9922
Kepler-746 b,Kepler-746,Transit,2016,3.48159251,1.11,1.41,1156.0,5418.0,0.93,0.91,450.0
HD 79498 b,HD 79498,Radial Velocity,2011,1807.0,13.6,425.8922,164.53,5748.0,1.05,1.08,48.9489
HD 48265 b,HD 48265,Radial Velocity,2008,778.51,12.6,2351.9302118,283.0,5733.0,1.901,1.312,90.5446
HD 49674 b,HD 49674,Radial Velocity,2002,4.94737,6.2,31.783,1113.78,5602.0,1.02,1.03,43.0399
HIP 57274 c,HIP 57274,Radial Velocity,2011,32.03,14.2,130.0,437.32,4640.0,0.68,0.73,25.8618
HD 52265 b,HD 52265,Radial Velocity,2000,119.27,13.7,384.5743,405.0,6136.0,1.32,1.204,29.9803
HR 8799 e,HR 8799,Imaging,2010,20815.6,13.11453,3178.3,1150.0,7400.0,1.49338,1.51,41.2441
HD 5891 b,HD 5891,Radial Velocity,2011,177.11,12.6,2425.0429,918.78,4673.0,10.64,1.93,283.502
HD 85390 b,HD 85390,Radial Velocity,2011,799.52,6.16,31.46517,190.89,5186.0,0.8,0.758,33.5225
xi Aql b,xi Aql,Radial Velocity,2007,136.97,13.4,616.90493799,973.07,4841.0,10.86,1.74,56.1858
WASP-35 b,WASP-35,Transit,2011,3.16158,14.5717,225.6593,1338.29,5990.0,1.08,1.05,202.218
TOI-1408 b,TOI-1408,Transit,2023,4.42587,25.0,593.0,1293.0,6117.0,1.53,1.312,139.484
TOI-2524 b,TOI-2524,Transit,2023,7.18585,11.2089807,203.41018048,1100.0,5831.0,1.119,1.007,438.842
HD 219415 b,HD 219415,Radial Velocity,2012,2093.3,13.8,317.83,221.26,4820.0,2.9,1.0,165.184
WD 0806-661 b,WD 0806-661,Imaging,2011,,12.10569916,2224.798849,357.0,10393.0,,0.605,19.2444
WASP-99 b,WASP-99,Transit,2014,5.75251,11.43318,772.3269,1480.0,6150.0,1.64,1.21,158.66
HD 32963 b,HD 32963,Radial Velocity,2015,2372.0,13.4,657.90480249,157.63,5727.0,1.111044,0.94,38.0786
K2-133 b,K2-133,Transit,2017,3.07133,1.34,2.36,665.21,3655.0,0.455,0.461,75.1703
HATS-53 b,HATS-53,Transit,2017,3.8537768,15.02006,189.10885,1312.0,5644.0,1.101,0.964,585.77
Kepler-286 b,Kepler-286,Transit,2014,1.796302,1.24,2.07,1367.0,5580.0,0.863,0.83,1226.85
TOI-283 b,TOI-283,Transit,2025,17.61745,2.34,6.54,661.0,5213.0,0.85,0.8,82.7013
Kepler-69 b,Kepler-69,Transit,2013,13.722341,2.24,5.65,779.0,5638.0,0.93,0.81,730.625
TOI-2525 b,TOI-2525,Transit,2023,23.2856,8.67575106,26.69758619,512.97,5096.0,0.785,0.849,395.398
HD 169830 b,HD 169830,Radial Velocity,2000,225.67372,13.2,804.42369812,345.0,6300.0,1.935709,1.17,37.6048
HD 192699 b,HD 192699,Radial Velocity,2007,340.94,13.4,666.17168,495.11,5041.0,4.41,1.38,71.8627
Pr0211 b,Pr0211,Radial Velocity,2012,2.1461,13.4,597.5204,1304.13,5300.0,0.827,0.935,182.714
HATS-3 b,HATS-3,Transit,2013,3.547851,15.48,340.382,1648.0,6351.0,1.404,1.209,411.211
HD 33844 c,HD 33844,Radial Velocity,2015,916.0,13.5,556.2025,360.22,4861.0,5.29,1.78,105.779
HATS-29 b,HATS-29,Transit,2016,4.6058749,14.022459,207.54299,1212.0,5670.0,1.073,1.032,353.891
K2-138 b,K2-138,Transit,2017,2.35309,1.51,3.1,1157.0,5356.3,0.863,0.935,202.585
gam Lib c,gam Lib,Radial Velocity,2018,966.49,12.8,1662.56039702,543.71,4879.0,12.38,1.78,47.4017
TOI-406.01,TOI-406,Transit,2024,13.175682,2.08,6.57,368.0,3392.0,0.41,0.408,31.0597
Kepler-282 d,Kepler-282,Transit,2013,24.806,2.46,61.0,588.0,5656.0,0.89,0.97,1337.61
TOI-663 b,TOI-663,Transit,2024,2.598902,2.27,4.45,674.0,3681.0,0.512,0.514,64.2308
Kepler-283 b,Kepler-283,Transit,2014,11.008151,2.13,5.18,488.0,4351.0,0.566,0.596,468.094
HD 195019 b,HD 195019,Radial Velocity,1998,18.20132,13.0,1264.9634,901.66,5751.0,1.48,1.21,37.6681
BD-06 1339 c,BD-06 1339,Radial Velocity,2013,125.94,8.38,53.0,261.91,4324.0,0.686355,0.7,20.2695
CoRoT-25 b,CoRoT-25,Transit,2013,4.86069,12.11,85.81,1330.0,6040.0,1.19,1.09,1103.48
HD 564 b,HD 564,Radial Velocity,2014,492.3,12.5,104.88,261.1,5902.0,1.01,0.961,51.1659
HATS-45 b,HATS-45,Transit,2018,4.1876244,14.414774,222.481,1518.0,6450.0,1.315,1.272,772.11
Kepler-421 b,Kepler-421,Transit,2014,704.1984,4.16,16.1,185.0,5308.0,0.757,0.794,348.558
TOI-663 d,TOI-663,Transit,2024,7.1027268,1.92,5.2,482.0,3681.0,0.512,0.514,64.2308
TOI-1443 b,TOI-1443,Transit,2024,23.540678,2.30381001,30.0,520.66,5224.0,0.7511,0.7663,85.8034
HAT-P-41 b,HAT-P-41,Transit,2012,2.69405,22.97845,378.2177,1941.0,6390.0,2.05,2.56,348.185
HD 5608 b,HD 5608,Radial Velocity,2012,768.7,13.7,371.22357938,403.72,4807.0,5.43,1.29,58.1105
HD 13908 b,HD 13908,Radial Velocity,2013,19.382,13.9,274.91,993.25,6255.0,1.67,1.29,79.5515
HD 108341 b,HD 108341,Radial Velocity,2014,1129.0,13.3,715.11391575,155.23,5122.0,0.79,0.843,48.9102
KELT-12 b,KELT-12,Transit,2017,5.031623,19.95202,301.9385,1800.0,6279.0,2.37,1.591,368.03
HD 34445 f,HD 34445,Radial Velocity,2017,676.8,6.88,37.9,266.14,5836.0,1.38,1.07,46.0907
HD 34445 e,HD 34445,Radial Velocity,2017,49.175,4.26,16.8,637.76,5836.0,1.38,1.07,46.0907
KELT-19 A b,KELT-19 A,Transit,2017,4.6117093,21.40919,1293.5681,1935.0,7500.0,1.83,1.62,300.276
KOI-1257 b,KOI-1257,Transit,2014,86.647661,10.54,460.83,511.0,5520.0,1.13,0.99,656.0
TOI-1226 b,TOI-1226,Transit,2026,3.92880881576,2.4101112,6.39,1123.44,5434.91,0.986943,1.01,257.93
K2-219 d,K2-219,Transit,2018,11.137278,2.57634456,7.16,,5753.0,1.189232,1.021545,325.4
HD 216435 b,HD 216435,Radial Velocity,2002,1311.0,13.7,400.4,242.57,5999.0,1.800029,1.3,32.9834
HD 23079 b,HD 23079,Radial Velocity,2001,735.74,13.2,845.42356262,237.47,5994.0,1.08,1.16,33.4591
BD+49 828 b,BD+49 828,Radial Velocity,2015,2590.0,13.5,508.5,320.63,4943.0,7.6,1.52,442.042
HD 20794 e,HD 20794,Radial Velocity,2017,147.02,2.03,4.77,352.04,5401.0,0.93,0.813,6.00278
K2-239 b,K2-239,Transit,2018,5.24,1.1,1.37,502.0,3420.0,0.36,0.4,31.0849
TOI-880.02,TOI-880,Transit,2024,2.57571,2.19,5.43,1085.0,5050.0,0.83,0.87,60.6679
TOI-1232 b,TOI-1232,Transit,2026,14.256,10.92875618,220.57291446,785.71,5823.0,1.072,1.058,328.604
WASP-71 b,WASP-71,Transit,2012,2.90367,13.22662,441.7837,2016.1,6050.0,1.82,0.76,362.715
HD 159243 c,HD 159243,Radial Velocity,2013,248.4,13.4,603.9,349.35,6123.0,1.12,1.125,73.3055
HIP 91258 b,HIP 91258,Radial Velocity,2013,5.0505,13.7,346.4347,1024.97,5519.0,0.89,0.97,45.8846
HIP 109384 b,HIP 109384,Radial Velocity,2016,499.48,13.5,495.8148,213.83,5180.0,0.831075,0.78,58.9582
HD 27894 c,HD 27894,Radial Velocity,2017,36.07,8.24,51.48846,498.89,4875.0,0.891767,0.8,43.8214
K2-239 d,K2-239,Transit,2018,10.115,1.1,1.37,399.0,3420.0,0.36,0.4,31.0849
Kepler-778 b,Kepler-778,Transit,2016,3.75574426,1.68,3.46,977.0,5102.0,0.77,0.81,938.168
TOI-1244 b,TOI-1244,Transit,2024,6.400316483,2.467,6.6,714.86,4599.0,0.721,0.73,102.551
TOI-1466 b,TOI-1466,Transit,2026,1.87190602231,2.46741991,6.65,1001.0,4435.39,0.749646,0.66,86.5783
K2-157 b,K2-157,Transit,2018,0.3652575,0.935,1.14,2432.0,5334.0,0.86,0.89,298.373
HD 33564 b,HD 33564,Radial Velocity,2005,388.0,12.5,2892.1,344.43,6250.0,1.4367,1.25,20.9531
WASP-55 b,WASP-55,Transit,2012,4.465631,14.72860064,186.2474465,1342.0,6096.0,1.09,1.071,297.462
ROXs 12 b,ROXs 12,Imaging,2013,,12.2,5085.0,13.23,3850.0,1.06627,0.87,136.65
bet UMi b,bet UMi,Radial Velocity,2014,522.3,12.7,1938.7,1040.63,4126.0,38.3,1.4,38.77472
HD 216536 b,HD 216536,Radial Velocity,2015,148.60001,13.8,333.7215,897.99,4639.0,9.83,0.81,376.233
HIP 65407 b,HIP 65407,Radial Velocity,2016,28.125,14.3,136.03124,610.68,5460.0,0.952252,0.93,61.7804
HD 12484 b,HD 12484,Radial Velocity,2016,58.83,13.2,947.1334,524.3,5920.0,1.001848,1.01,48.3367
NGTS-1 b,NGTS-1,Transit,2017,2.647298,14.90797,258.07796,790.0,3916.0,0.573,0.617,218.121
K2-148 b,K2-148,Transit,2018,4.38395,1.33,2.33,733.87,4079.0,0.632,0.65,124.458
K2-158 b,K2-158,Transit,2018,10.06049,2.64,7.46,794.0,5503.0,0.95,0.92,197.299
HD 86081 b,HD 86081,Radial Velocity,2006,2.1378431,13.6,470.3884,1860.31,5939.0,1.46,1.21,103.936
HD 45652 b,HD 45652,Radial Velocity,2008,44.073,14.3,137.62039,508.4,5294.0,0.94,0.92,34.8541
WASP-62 b,WASP-62,Transit,2012,4.41195,14.79588,165.2716,1475.3,6230.0,1.23,1.11,175.631
TOI-1422 b,TOI-1422,Transit,2022,12.99894,3.83,9.5,870.0,5840.0,1.019,0.9903,155.141
HIP 65426 b,HIP 65426,Imaging,2017,,16.8135,2860.47,1500.0,8840.0,1.77,1.96,108.875
K2-148 d,K2-148,Transit,2018,9.7579,1.64,3.33,562.05,4079.0,0.632,0.65,124.458
GJ 1265 b,GJ 1265,Radial Velocity,2018,3.6511,2.63,7.4,424.04,3236.0,0.192,0.178,10.2525
HD 6061 b,HD 6061,Transit,2023,5.2549,2.42763557,10.0,1075.31,5934.0,1.0072,1.0269,67.6203
FU Tau b,FU Tau,Imaging,2008,,12.2,5085.28,2375.0,2838.0,,0.05,133.4950466
Kepler-19 c,Kepler-19,Transit Timing Variations,2011,28.731,3.68,13.1,589.64,5544.0,0.859,0.936,218.562
Kepler-25 d,Kepler-25,Radial Velocity,2014,122.4,10.0,71.9,544.68,6354.0,1.316,1.165,243.249
HIP 8541 b,HIP 8541,Radial Velocity,2016,1852.14387,12.6,2451.7283316,305.12,4672.0,6.84,2.009,155.121
K2-113 b,K2-113,Transit,2017,5.817685,12.14,410.0007,1098.0,5660.0,1.24,1.04,635.722
K2-152 b,K2-152,Transit,2018,32.6479,2.29,5.86,337.0,4044.0,0.61,0.63,108.449
K2-243 c,K2-243,Transit,2018,24.94598,2.01,4.7,801.0,6570.0,1.39,1.29,266.864
HD 13167 b,HD 13167,Radial Velocity,2018,2613.0,13.1,1052.0173,208.79,5671.0,2.39,1.35,148.934
TOI-929 b,TOI-929,Transit,2026,5.83015366944,2.68983343,7.7,774.0,4457.16,0.717414,0.7,114.421
K2-162 b,K2-162,Transit,2018,9.45889,1.44,2.67,631.0,4842.0,0.69,0.75,124.433
K2-161 b,K2-161,Transit,2018,9.283188,6.11721229,31.1,,4972.0,2.568173,0.986876,916.319
KELT-3 b,KELT-3,Transit,2013,2.70339,17.48604,616.5902,1816.0,6304.0,1.7,1.96,210.252
Kepler-97 c,Kepler-97,Radial Velocity,2014,789.0,,344.0,,5779.0,0.98,0.94,400.907
KELT-14 b,KELT-14,Transit,2016,1.7100566,19.537287,408.09372,1970.0,5720.0,1.52,1.239,250.121
tau Cet h,tau Cet,Radial Velocity,2017,49.41,1.19,1.83,473.22,5310.0,0.83,0.783,3.60304
K2-154 c,K2-154,Transit,2018,7.95486,2.07,4.94,552.0,4097.0,0.63,0.65,129.356
K2-246 b,K2-246,Transit,2018,5.76918,3.49,12.0,977.0,5610.0,0.94,0.87,703.616
TOI-969 b,TOI-969,Transit,2022,1.8237305,2.765,9.1,941.0,4435.0,0.671,0.734,77.2554
TOI-1291 b,TOI-1291,Transit,2026,7.1620097551,5.63826391,27.1,1649.0,6139.95,1.8109,1.2,428.123
HD 220689 b,HD 220689,Radial Velocity,2012,2266.4,13.7,381.3940884,160.11,5921.0,1.068,1.016,46.8778
GJ 163 b,GJ 163,Radial Velocity,2013,8.63182,3.25,10.6,438.49,3500.0,0.409738,0.4,15.1285
WASP-104 b,WASP-104,Transit,2014,1.7554137,12.745,404.263,1516.0,5475.0,0.963,1.076,185.932
HAT-P-53 b,HAT-P-53,Transit,2015,1.9616241,14.773462,471.65972,1778.0,5956.0,1.209,1.093,666.802
HD 111591 b,HD 111591,Radial Velocity,2017,1056.4,12.9,1398.452,422.08,4884.0,8.03,1.94,114.166
K2-155 b,K2-155,Transit,2018,6.342,1.8,3.89,708.0,4258.0,0.58,0.65,72.7998
HD 180053 b,HD 180053,Radial Velocity,2018,213.72,13.3,697.31902,542.98,5131.0,4.06,1.75,137.043
TOI-1669 c,TOI-1669,Transit,2024,2.6800535,2.2963977,13.0,1285.16,5497.0,1.0561,0.9867,111.276
K2-165 d,K2-165,Transit,2018,14.101361,2.64809498,7.5,629.38,5185.0,0.803827,0.834847,134.591
DENIS-P J082303.1-491201 b,DENIS-P J082303.1-491201,Astrometry,2013,246.36,11.9,9057.77,,,,0.075,20.77
NGC 2682 YBP 1514 b,NGC 2682 YBP 1514,Radial Velocity,2014,5.118,14.0,127.132,,5725.0,0.89,0.96,914.221
HD 14067 b,HD 14067,Radial Velocity,2014,2744.0,12.2,4862.7746271,360.28,4815.0,12.4,2.4,142.024
K2-30 b,K2-30,Transit,2016,4.098503,11.646151,184.02357,1092.0,5425.0,0.844,0.9,333.042
YZ Cet d,YZ Cet,Radial Velocity,2017,4.65626,1.03,1.09,356.7,3151.0,0.157,0.142,3.71207
Kepler-90 i,KOI-351,Transit,2017,14.44912,1.32,2.3,709.0,6015.0,1.29,1.12,848.254
HD 75784 c,HD 75784,Radial Velocity,2018,7900.0,12.8,1792.5612,149.31,4867.0,3.4,1.26,85.4321
WASP-56 b,WASP-56,Transit,2012,4.6171,10.53646,143.0235,1216.0,5600.0,0.96,0.71,321.084
GJ 667 C g,GJ 667 C,Radial Velocity,2013,256.2,1.99,4.6,,3350.0,,0.33,7.24396
WASP-135 b,WASP-135,Transit,2015,1.4013794,14.5717,603.877,1403.66,5675.0,0.96,0.98,298.214
CoRoT-32 b,CoRoT-32,Transit,2018,6.71837,6.38913,47.6745,938.0,5970.0,0.79,1.08,576.683
TOI-1054.01,TOI-1054,Transit,2021,15.5077855,2.43432,6.5,853.0,6122.0,1.17,1.14,88.4343
Kepler-504 b,Kepler-504,Transit,2016,9.549275422,1.59,3.15,374.0,3519.0,0.33,0.33,99.0688
KMT-2025-BLG-0975L b,KMT-2025-BLG-0975L,Microlensing,2026,,5.97,29.8,,,,0.1,7923.0
TOI-1691 b,TOI-1691,Transit,2024,16.736888935,3.66,14.6,703.49,5759.0,1.0,1.03,111.445
K2-221 b,K2-221,Transit,2018,2.399094,1.67890272,3.46,,5716.0,0.947599,1.010842,318.81
GJ 504 b,GJ 504,Imaging,2013,,12.10569916,1271.3,510.0,6234.0,1.26,1.22,17.5299
WASP-68 b,WASP-68,Transit,2014,5.0843,14.79588,343.2564,1490.0,5910.0,1.79,1.49,226.399
psi1 Dra B b,psi1 Dra B,Radial Velocity,2015,3117.0,13.5,486.2799,159.48,6212.0,1.255735,1.19,22.7188
K2-118 b,K2-118,Transit,2017,50.92092,2.54,6.99,394.64,4726.29,0.734626,0.756446,321.722
GJ 3942 b,GJ 3942,Radial Velocity,2017,6.905,2.57,7.14,590.0,3867.0,0.61,0.63,16.9287
Kepler-1654 b,Kepler-1654,Transit,2018,1047.8356,9.180171,158.915,206.0,5597.0,1.179,1.011,568.117
TOI-1695 b,TOI-1695,Transit,2022,3.1342791,1.9,6.36,698.0,3690.0,0.515,0.513,45.1309
Kepler-750 b,Kepler-750,Transit,2016,9.42887179,3.07,9.64,1163.0,6160.0,1.23,1.15,1296.02
WASP-78 b,WASP-78,Transit,2012,2.17518,21.63337,352.7913,2469.7,6100.0,2.46,1.87,754.258
HD 66141 b,HD 66141,Radial Velocity,2012,480.5,12.8,1906.9,880.31,4323.0,21.4,1.1,68.1509
HD 203030 b,HD 203030,Imaging,2006,,14.4595851,3496.112477,1040.0,5603.0,0.856458,0.94,39.2503
WASP-88 b,WASP-88,Transit,2014,4.954,16.36514,133.4886,1772.0,6430.0,1.8,0.94,523.756
KIC 10001893 c,KIC 10001893,Orbital Brightness Modulation,2014,0.32528,,,,27500.0,0.18,0.47,1672.94
Wolf 1061 d,Wolf 1061,Radial Velocity,2015,217.21,2.69,7.7,130.24,3342.0,0.307,0.294,4.30592
K2-130 b,K2-130,Transit,2017,2.49412,1.25,2.1,1013.11,4356.47,0.744261,0.69563,118.011
K2-129 b,K2-129,Transit,2017,8.239493,1.04,1.12,419.19,3459.09,0.36001,0.360031,27.7957
HD 147379 b,HD 147379,Radial Velocity,2017,86.58,4.94,21.6,276.66,4090.0,0.628304,0.58,10.7643
HATS-42 b,HATS-42,Transit,2018,2.292102,15.6926,597.5204,1856.0,6060.0,1.48,1.273,800.377
WASP-144 b,WASP-144,Transit,2018,2.2783152,9.52765,139.8452,1260.0,5200.0,0.81,0.81,355.513
HD 83443 c,HD 83443,Radial Velocity,2022,8241.0,13.6,476.7426105,89.95,5442.0,0.94,1.0,40.8991
TOI-1347 c,TOI-1347,Transit,2024,4.841962,1.6,6.4,1000.0,5464.0,0.83,0.913,147.476
HD 108147 b,HD 108147,Radial Velocity,2002,10.8985,10.9,82.95,890.0,6255.73,1.20664,1.22,38.92
CHXR 73 b,CHXR 73,Imaging,2006,,12.3,3994.486,,3099.0,,0.35,190.374
KIC 8540376 b,KOI-7892,Transit,2015,31.8099,4.1,15.8,,6474.0,1.26,1.04,1072.3
HATS-51 b,HATS-51,Transit,2017,3.3488702,15.80469,244.09344,1553.0,5758.0,1.44,1.187,389.57
K2-233 b,K2-233,Transit,2018,2.467583,1.315,2.4,1127.0,4796.0,0.71,0.79,67.5062
Kepler-814 b,Kepler-814,Transit,2016,6.1469851,2.12,5.14,1164.0,6162.0,1.22,1.15,2055.77
HD 18599 b,HD 18599,Transit,2022,4.1374354,2.6,24.1,863.0,5145.0,0.767,0.863,38.5653
Kepler-127 c,Kepler-127,Transit,2014,29.393195,2.66,7.56,698.0,6106.0,1.359,1.248,352.794
HIP 55507 b,HIP 55507,Radial Velocity,2022,5138.43727,12.6,2585.53409095,76.05,4171.0,0.723643,0.65,25.4893
NGC 2682 Sand 1429 b,NGC 2682 Sand 1429,Radial Velocity,2024,77.48,13.4,572.0911326,683.0,6000.0,2.13,1.26,852.793
Kepler-955 b,Kepler-955,Transit,2016,14.53244172,3.13,9.96,664.0,5350.0,0.84,0.89,550.383
Kepler-962 b,Kepler-962,Transit,2016,12.05707239,1.97,4.54,689.0,5478.0,0.86,0.93,411.486
TOI-5678 b,TOI-5678,Transit,2023,47.73022,4.91,20.0,513.0,5485.0,0.938,0.905,165.393
HD 155918 c,HD 155918,Radial Velocity,2022,17202.19446,12.8,1878.04805696,77.38,5771.84,1.01906,1.03,27.561
TOI-6034 b,TOI-6034,Transit,2024,2.576184,11.92,254.0,714.0,3635.0,0.489,0.514,117.992
HD 101581 b,HIP 56998,Transit,2025,4.46569,0.956,0.827,834.0,4675.0,0.63,0.653,12.7781
Kepler-922 b,Kepler-922,Transit,2016,0.938466832,1.42,2.6,1876.0,5671.0,0.93,0.95,536.323
Barnard c,Barnard's star,Radial Velocity,2025,4.1244,0.743,0.335,400.0,3195.0,0.185,0.162,1.82655
TIC 32032563 b,TIC 32032563,Transit,2026,13.83460487791,3.47739942,11.9,,5567.93,1.00188,1.05,507.858
Kepler-911 b,Kepler-911,Transit,2016,20.310501,2.6,7.27,931.0,6112.0,1.99,1.34,556.168
HD 16905 b,HD 16905,Radial Velocity,2022,10256.0,12.4,3591.4609991,69.63,4866.12,0.77494,0.85,39.7401
HD 184010 b,HD 184010,Radial Velocity,2022,286.6,12.1,98.52680617,545.04,4971.0,4.86,1.35,60.7993
TOI-6041 b,TOI-6041,Transit,2025,26.04945,4.55,28.9,605.6,5445.0,0.879,0.885,72.4731
TOI-6281 b,TOI-6281,Transit,2026,1.05426244177,1.92416074,4.36,2240.0,4533.23,0.874219,0.65,57.7451
TOI-4600 c,TOI-4600,Transit,2023,482.8191,9.42,2946.26933289,191.0,5170.0,0.81,0.89,216.056
Luhman 16 b,Luhman 16 A,Imaging,2017,9697.0,11.9,9344.1551658,,,,0.0338,
Barnard b,Barnard's star,Radial Velocity,2024,3.1542,0.72,0.299,438.0,3195.0,0.185,0.162,1.82655
Barnard e,Barnard's star,Radial Velocity,2025,6.7392,0.637,0.193,340.0,3195.0,0.185,0.162,1.82655
HD 224018 c,HD 224018,Transit,2025,36.57669,2.42,10.4,641.0,5784.0,1.147,1.013,105.48
TIC 38825265 b,TIC 38825265,Transit,2026,3.31336980985,2.18869476,5.43,,4375.52,0.664503,0.64,165.638
Kepler-1012 b,Kepler-1012,Transit,2016,5.50860439,1.29,2.21,934.0,5556.0,0.91,0.95,411.077
Kepler-1754 b,Kepler-1754,Transit,2021,8.195949554,2.43996509,6.53,672.0,4723.0,0.747,0.734,718.945
LHS 1678 d,LHS 1678,Transit,2024,4.9652229,0.981,0.907,462.95,3490.0,0.329,0.345,19.8782
HD 18143 c,HD 18143,Radial Velocity,2022,28982.41764,12.5,3177.64841319,54.55,5078.0,0.87,0.85,22.5243
Kepler-935 b,Kepler-935,Transit,2016,4.88083852,1.35,2.39,879.0,4830.0,0.73,0.78,471.782
Kepler-879 c,Kepler-879,Transit,2024,0.646716,0.4,0.0364,,5456.75,1.022,0.974,802.672
ZTF J1230-2655 b,ZTF J1230-2655,Transit,2025,0.23597766,13.78704626,7024.0077947,2949.65,10000.0,0.0123,0.646,186.69
TIC 270471727 b,TIC 270471727,Transit,2026,10.45623256647,2.75029559,8.0,1147.1,5271.39,0.997091,0.9,182.104
TIC 65612701 b,TIC 65612701,Transit,2026,10.22467974953,5.07802804,22.7,,5692.29,1.73709,1.06,151.624
Kepler-1014 b,Kepler-1014,Transit,2016,16.57110363,2.39,6.3,614.0,5388.0,0.84,0.88,624.8
Kepler-1044 b,Kepler-1044,Transit,2016,6.77408868,2.67,7.61,1058.0,5985.0,1.11,1.08,1278.96
Kepler-66 b,Kepler-66,Transit,2013,17.815815,2.8,8.25,699.0,5962.0,0.966,1.038,1202.96
Kepler-857 b,Kepler-857,Transit,2016,85.35129427,6.8,37.2,390.0,5773.0,0.99,0.99,983.502
TOI-6080 b,TOI-6080,Transit,2026,8.05562348084,3.32424168,11.0,919.33,5775.46,1.06221,1.01,188.183
Wolf 1069 b,Wolf 1069,Radial Velocity,2023,15.564,1.08,1.26,250.1,3158.0,0.1813,0.167,9.58341
TOI-6330 b,TOI-6330,Transit,2025,6.8500246,10.89,3179.0,495.0,3539.0,0.49,0.531,139.042
ITG 15 b,ITG 15 A,Imaging,2024,,12.1,6674.396547,2601.0,,,,136.37
WISPIT 2 b,WISPIT 2,Imaging,2025,,17.93436912,1541.46777395,33.46,4400.0,1.418,1.08,134.907
NGTS-38 b,NGTS-38,Transit,2026,180.52797,12.11690814,1516.04150139,457.0,6310.0,1.88,1.46,268.637
TOI-5210 b,TOI-5210,Transit,2025,4.5661061,10.72699453,81.99972901,1286.0,5723.0,1.209,1.105,302.086
TOI-5726.01,TOI-5726,Transit,2024,5.491125215,2.554,7.05,1093.03,5874.0,1.106,1.06,108.848
HD 194490 b,HD 194490,Radial Velocity,2022,13092.18348,12.4,3561.90295725,90.87,5861.32,1.14911,1.06,80.2349
HD 190228 b,HD 190228,Radial Velocity,2022,1143.59858,12.9,1598.67688721,267.99,5360.0,2.58658,1.415,62.7146
HD 206893 b,HD 206893,Imaging,2021,11100.0,14.01122587,6197.6539365,1429.2,6500.0,1.31116,1.31,40.7583
HD 112570 b,HD 112570,Radial Velocity,2023,2615.0,13.1,1086.97315194,364.01,4750.0,9.85,1.15,101.166
HD 154391 b,HD 154391,Radial Velocity,2023,5163.0,12.5,2892.2385037,253.57,4909.0,8.56,2.07,100.947
G 196-3 b,G 196-3,Imaging,2024,,12.0,8263.538582,1670.0,3517.0,0.522432,0.519782,21.7912
Kepler-1026 b,Kepler-1026,Transit,2016,36.5156053,2.21,5.52,425.0,4948.0,0.75,0.79,351.239
G 261-6 b,G 261-6,Radial Velocity,2025,5.4536,1.1,1.37,322.3,2907.0,0.153162,0.118,10.6267
TOI-5789 d,TOI-5789,Radial Velocity,2026,29.65,1.91,4.29,545.0,5185.0,0.833,0.821,20.4581
TOI-5789 b,TOI-5789,Radial Velocity,2026,2.76369,1.26,2.12,1201.0,5185.0,0.833,0.821,20.4581
TIC 142589416 b,TIC 142589416,Transit,2026,2.09518466313,2.67899519,7.65,,4396.27,0.713832,0.641,168.933
NGTS-39 b,NGTS-39,Transit,2026,58.20472,12.195371,466.25427307,519.0,6053.0,1.16,1.16,278.402
Gliese 48 b,Gliese 48,Radial Velocity,2026,39.6299,2.77,8.11,271.0,3450.0,0.463,0.47,8.23366
Kepler-993 b,Kepler-993,Transit,2016,22.08557563,2.97,9.11,352.0,3843.0,0.54,0.57,324.423
Kepler-80 d,Kepler-80,Transit,2014,3.07222,1.53,6.75,722.0,4540.0,0.678,0.73,369.451
K2-411 b,K2-411,Transit,2022,3.2141,0.9898,0.937,1428.52,5711.0,1.375,1.018,298.219
HD 169142 b,HD 169142,Imaging,2023,,13.1,953.485221,71.02,7246.0,1.53702,1.85,113.6
TOI-6383 A b,TOI-6383 A,Transit,2024,1.79058695,11.29,331.0,745.0,3444.0,0.457,0.458,171.319
TIC 139270665 b,TIC 139270665,Transit,2024,23.624,7.22979255,147.15455244,703.0,5844.0,1.016,1.035,189.875
TOI-7149 b,TOI-7149,Transit,2025,2.65206166,13.2,224.0,593.0,3363.0,0.351,0.344,126.126
Kepler-348 b,Kepler-348,Transit,2014,7.05677,1.52,2.92,1196.0,6177.0,1.359,1.189,570.783
TOI-5789 e,TOI-5789,Radial Velocity,2026,62.98,3.43,11.61,424.0,5185.0,0.833,0.821,20.4581
TIC 154870955 b,TIC 154870955,Transit,2026,7.9698747128,3.09467466,9.77,,4739.58,0.724328,0.828,226.463
Kepler-332 b,Kepler-332,Transit,2014,7.626324,1.17,1.71,703.0,4955.0,0.72,0.743,344.19
TOI-5238 b,TOI-5238,Transit,2022,4.872171,5.22,23.7,1042.0,5631.0,1.02283,1.0,290.646
Kepler-914 b,Kepler-914,Transit,2016,4.40966548,1.38,2.48,1192.0,5877.0,1.15,1.1,753.723
K2-413 c,K2-413,Transit,2022,5.3301,1.2327,2.05,804.55,4116.0,0.7,0.808,285.162
TOI-6086 b,TOI-6086,Transit,2024,1.3888725,1.18,1.76,634.0,3200.0,0.259,0.254,31.4566
Kepler-314 c,Kepler-314,Transit,2014,5.960392,2.9,8.75,890.0,5378.0,0.95,0.99,268.881
HIP 29442 c,TOI-469,Radial Velocity,2023,3.5379559,1.551,4.5,1123.0,5289.0,0.98,0.901,68.192
HD 63433 d,HD 63433,Transit,2023,4.209075,1.073,1.25,1040.0,5688.0,0.912,0.99,22.4035
Kepler-317 b,Kepler-317,Transit,2014,5.524242,2.09,109.8,976.0,5497.0,0.941,0.865,940.584
TOI-7384 b,TOI-7384,Transit,2026,6.2340258,3.56,12.4,378.0,3185.0,0.319,0.318,66.7902
Kepler-1768 b,Kepler-1768,Transit,2021,15.13589954,2.23346338,5.62,933.0,6050.0,1.572,1.24,632.766
Kepler-981 b,Kepler-981,Transit,2016,4.469757736,2.31,5.95,1103.0,5718.0,0.96,0.98,878.082
Kepler-1043 b,Kepler-1043,Transit,2016,38.5053398,2.55,7.04,532.0,5629.0,0.9,0.92,903.332
TOI-5777 b,TOI-5777,Transit,2026,6.91716177373,3.09551273,9.78,602.0,4408.03,0.671912,0.658,114.277
HIP 113103 b,HIP 113103,Transit,2023,7.610303,1.829,4.0,721.0,4930.0,0.742,0.761,46.2122
UCAC3 113-933 b,UCAC3 113-933,Imaging,2024,,12.1,6674.396547,1.79,3864.0,0.564484,0.61,52.5829
HD 73344 c,HD 73344,Radial Velocity,2025,65.94,13.5,118.54999581,562.57,6148.0,1.22,1.19,35.26
Kepler-139 f,Kepler-139,Transit Timing Variations,2025,355.0,6.67,36.0,,5630.0,1.045,1.078,391.038
TIC 249022743 b,TIC 249022743,Transit,2026,2.25719681538,4.79568155,20.6,,5567.58,1.2084,1.0,396.46
TIC 260969020 b,TIC 260969020,Transit,2026,8.48584501953,2.22686612,5.59,,4572.94,0.68988,0.75,121.222
Kepler-62 e,Kepler-62,Transit,2013,122.3874,1.61,36.0,270.0,4925.0,0.64,0.69,300.874
HD 105618 c,HD 105618,Radial Velocity,2022,77114.07158,11.9,8419.59232984,51.64,5671.0,1.27399,1.01,70.0837
HIP 113103 c,HIP 113103,Transit,2023,14.245648,2.4,6.35,585.0,4930.0,0.742,0.761,46.2122
Kepler-1053 b,Kepler-1053,Transit,2016,2.414351654,0.98,0.904,953.0,4529.0,0.69,0.74,151.129
Kepler-102 d,Kepler-102,Transit,2014,10.311767,1.154,3.0,686.0,4909.0,0.724,0.803,107.796
HD 196067 c,HD 196067,Radial Velocity,2025,4.601088,3.21,10.4,,6072.0,1.71,1.16,39.9346
GJ 887 d,GJ 887,Radial Velocity,2026,50.77,2.34,6.1,241.0,3688.0,0.468,0.495,3.28679
Kepler-347 b,Kepler-347,Transit,2014,12.79836,1.97,4.54,908.0,6088.0,1.005,0.922,1298.88
HD 11112 b,HD 11112,Radial Velocity,2022,17244.90764,12.6,2598.56505563,94.51,5905.64,1.47368,1.07,44.3804
Kepler-485 b,Kepler-485,Transit,2016,3.243259796,14.41,,1243.0,5958.0,1.09,1.07,1140.95
TIC 393818343 b,TIC 393818343,Transit,2024,16.24921,12.18416202,1379.37528638,805.5,5756.0,1.086,1.082,93.7345
Kepler-1032 b,Kepler-1032,Transit,2016,3.290117953,1.87,4.16,802.0,4647.0,0.71,0.77,673.01
HD 284149 AB b,HD 284149 A,Imaging,2017,,12.0,8352.53053596,2395.0,6035.0,1.36,1.13,117.807
WASP-132 d,WASP-132,Radial Velocity,2024,1816.6,12.8,1639.99458012,107.0,4686.0,0.758,0.789,122.91
K2-157 c,K2-157,Radial Velocity,2025,25.942,6.08,30.8,587.0,5334.0,0.86,0.89,298.373
KOINTREAU-4 b,2MASS J16262785-2625152,Imaging,2026,,12.2,4862.7746271,,3252.0,,,145.434
TIC 390586021 b,TIC 390586021,Transit,2026,2.74703755819,2.86009388,8.55,,4434.81,0.726565,0.648,114.558
HD 113337 c,HD 113337,Radial Velocity,2020,5429.93477,12.1,6299.67685515,153.36,6774.0,1.5,1.41,36.18
HD 94771 b,HD 94771,Radial Velocity,2023,2164.0,14.2,169.0,200.79,5631.0,1.903,1.2,57.7807
TOI-6695 b,TOI-6695,Transit,2025,80.389,9.52763359,66.74396547,599.0,6400.0,1.517,1.338,282.536
Gaia-5 b,Gaia-5,Astrometry,2025,358.62,12.1,6633.07885409,,3447.0,0.345,0.339,41.1813
DMPP-2 d,DMPP-2,Radial Velocity,2026,16.491,11.6,91.79,1105.06,6500.0,1.78,1.41,137.94
TIC 423703298 b,TIC 423703298,Transit,2026,4.03712711976,2.77230429,8.11,,4540.37,0.729825,0.691,136.191
Kepler-335 b,Kepler-335,Transit,2014,6.562331,3.39,11.4,1290.0,5877.0,1.854,1.367,1278.97
Kepler-1023 b,Kepler-1023,Transit,2016,62.1387714,2.63,7.41,524.0,5494.0,0.89,0.93,694.175
TOI-5592 b,TOI-5592,Transit,2025,2.6085846,17.14974047,285.72773789,1789.0,6237.0,1.393,1.194,597.026
HD 122562 c,HD 122562,Radial Velocity,2022,84.96276,10.1,73.10053361,552.02,4956.0,2.16627,1.241,53.2528
HD 115404 A c,HD 115404 A,Radial Velocity,2022,15319.22517,12.5,3279.67133183,61.22,5019.17,0.727007,0.83,10.9816
GJ 1002 c,GJ 1002,Radial Velocity,2022,21.202,1.1,1.36,181.7,3024.0,0.137,0.12,4.84867
Kepler-932 b,Kepler-932,Transit,2016,1.921437396,1.37,2.45,1276.0,5331.0,0.84,0.87,465.612
TOI-6707 b,TOI-6707,Transit,2026,3.83479363758,5.72673066,27.8,1509.43,6289.49,1.58202,1.14,641.467
Kepler-139 e,Kepler-139,Radial Velocity,2023,2047.635373,13.7,378.0,154.06,5622.0,1.045,1.078,391.038
Kepler-328 c,Kepler-328,Transit,2013,71.312,5.4,39.4,475.0,6064.0,1.06,1.15,2213.19
TOI-7510 d,TOI-7510,Transit,2025,48.864468,10.52,190.0,542.4,5720.0,1.035,1.063,249.006
Kepler-138 d,Kepler-138,Transit,2014,23.0923,1.51,2.1,345.0,3841.0,0.535,0.535,66.8624
Kepler-1779 b,Kepler-1779,Transit,2021,16.34359932,3.03295685,9.44,730.0,5730.0,1.056,1.008,908.501
Kepler-973 b,Kepler-973,Transit,2016,49.6077331,1.96,4.5,402.0,5213.0,0.78,0.86,328.52
TOI-5595 b,TOI-5595,Transit,2026,5.99002553853,4.73740402,20.1,621.0,4417.3,0.743344,0.645,136.955
HD 203387 b,HD 203387,Radial Velocity,2022,512.5352,13.1,1106.04285636,610.0,5174.32,10.5852,2.817,61.7477
TOI-6016 b,TOI-6016,Transit,2024,4.023687,13.67495645,371.85923619,1890.0,6110.0,1.51,1.31,364.715
HIP 99770 b,HIP 99770,Imaging,2023,18600.0,12.2,5403.082919,135.17,8000.0,1.93986,1.9,40.0765
Kepler-1772 b,Kepler-1772,Transit,2021,3.215090036,2.68609988,7.68,1155.0,5541.0,0.934,0.942,871.564
GJ 2126 b,GJ 2126,Radial Velocity,2025,272.7,13.6,413.1769291,203.08,4159.0,0.728,0.65,38.129
TOI-5616 b,TOI-5616,Transit,2024,2.002849,10.78,624.0,939.0,3996.0,0.646,0.666,390.415
Kepler-408 b,Kepler-408,Transit,2014,2.46502,0.82,5.0,1561.0,6104.0,1.23,1.08,88.7832
Gaia23braL b,Gaia23braL,Microlensing,2026,,13.5,518.06030341,129.2,5055.0,1.36181,0.774,4330.0
Kepler-10 d,Kepler-10,Radial Velocity,2023,151.06,3.49,12.0,387.0,5708.0,1.065,0.91,185.506
GJ 3988 b,GJ 3988,Radial Velocity,2023,6.9442,1.74,3.69,348.0,3273.0,0.19734,0.1842,9.9105
TOI-1408 c,TOI-1408,Transit Timing Variations,2024,2.1664,2.22,7.6,1864.0,6117.0,1.53,1.312,139.484
HD 68475 b,HD 68475,Radial Velocity,2026,7832.0,12.8,1639.99458012,79.88,5022.0,0.79099,0.83,33.4297
HD 48265 c,HD 48265,Radial Velocity,2026,10418.0,12.9,1414.33641115,124.28,5805.0,2.05,1.38,90.5446
Kepler-958 b,Kepler-958,Transit,2016,9.7678805,2.06,4.9,749.0,5421.0,0.86,0.91,449.773
TOI-5624 d,TOI-5624,Transit,2026,13.731468,3.584,4.9,712.6,5327.0,0.82,0.858,101.913
KOI-351 d,KOI-351,Transit,2013,59.73667,2.87,8.6,520.0,6080.0,1.2,1.2,848.254
Kepler-20 e,Kepler-20,Transit,2011,6.0984882,0.821,0.76,1004.0,5495.0,0.9164,0.929,282.563
nu Oct A b,nu Oct A,Radial Velocity,2016,402.4,13.3,696.04421133,477.33,4910.0,5.04,1.57,21.1999
TOI-1288 c,TOI-1288,Radial Velocity,2022,416.0,11.1,85.7,245.88,5388.0,0.9583,0.9552,114.865
Kepler-104 c,Kepler-104,Transit,2014,23.668205,3.13,7.14430805,668.0,5711.0,1.349,0.818,400.785
Kepler-507 b,Kepler-507,Transit,2016,3.568096926,1.3,5.69692195,1407.0,6113.0,1.32,1.16,391.644
HN Lib b,HN Lib,Radial Velocity,2023,36.116,2.2,5.46,234.4,3347.0,0.299,0.291,6.24442
Kepler-49 d,Kepler-49,Transit,2014,2.576549,1.6,235.982,717.0,4252.0,0.559,0.549,311.222
HIP 10090 b,HIP 10090,Radial Velocity,2026,2960.0,13.0,1229.99593509,163.17,5661.0,1.38268,0.94,82.3937
Kepler-346 b,Kepler-346,Transit,2014,6.511127,2.66,7.56,1008.0,6033.0,1.021,0.943,984.105
Kepler-265 d,Kepler-265,Transit,2014,43.130617,2.49,6.76,554.0,5835.0,1.103,0.97,1280.25
Kepler-399 b,Kepler-399,Transit,2014,14.425281,0.96,0.84,773.0,5502.0,0.68,0.902,740.537
Kepler-110 c,Kepler-110,Transit,2014,31.719775,2.21,5.52,743.0,5960.0,1.149,0.989,586.531
Kepler-1248 b,Kepler-1248,Transit,2016,7.46725407,1.18,1.76,1035.0,6149.0,1.21,1.21,593.026
Kepler-1269 b,Kepler-1269,Transit,2016,37.3331536,1.63,3.29,657.0,5998.0,1.15,1.1,1097.23
Kepler-1314 b,Kepler-1314,Transit,2016,5.424749281,5.11,22.9,625.0,4188.0,0.59,0.6,141.98685057
Kepler-1870 b,Kepler-1870,Transit,2021,3.606940031,2.10143764,5.07,1046.0,5508.0,0.84,0.955,407.216
Kepler-236 b,Kepler-236,Transit,2014,8.295611,1.57,3.09,469.0,3750.0,0.51,0.596005,288.763
Kepler-125 c,Kepler-125,Transit,2014,5.774464,0.74,0.33,529.0,3810.0,0.512,0.542101,183.365
Kepler-304 d,Kepler-304,Transit,2014,9.653471,2.75,8.0,611.0,4731.0,0.687,0.737,434.684
Kepler-326 d,Kepler-326,Transit,2014,6.766888,1.21,6.9,781.0,5105.0,0.801,0.91,487.675
Kepler-126 c,Kepler-126,Transit,2014,21.869741,1.58,1.27942148,790.0,6239.0,1.358,1.108,237.401
Kepler-400 c,Kepler-400,Transit,2014,17.340824,1.49,2.83,755.0,5886.0,1.145,1.08,845.97
Kepler-1089 b,Kepler-1089,Transit,2016,5.132485618,1.83,4.01,584.0,3753.0,0.49,0.52,259.328
Kepler-102 f,Kepler-102,Transit,2014,27.453592,0.861,4.3,495.0,4909.0,0.724,0.803,107.796
Kepler-1223 b,Kepler-1223,Transit,2016,16.301259,1.22,1.98,557.0,4870.0,0.75,0.8,459.957
Kepler-1853 b,Kepler-1853,Transit,2021,48.88819885,1.51862272,2.92,386.0,4821.0,0.788,0.765,562.348
Kepler-512 b,Kepler-512,Transit,2016,34.43587975,2.69,7.7,652.0,5997.0,1.3,1.17,467.375
Kepler-369 b,Kepler-369,Transit,2014,2.732756,1.13,1.51,687.0,3591.0,0.471,0.5,214.0
Kepler-305 c,Kepler-305,Transit,2013,8.291,3.3,6.0,728.0,5080.0,0.8,0.76,868.477
Kepler-975 c,Kepler-975,Transit,2023,5.05821338,10.69,80.2,1168.0,4883.0,1.667,0.951,426.088
Kepler-22 b,Kepler-22,Transit,2011,289.863876,2.1,9.1,279.0,5596.0,0.869,0.857,194.642
Kepler-1995 b,Kepler-1995,Transit,2023,73.7578875,4.28,16.9,375.0,5029.0,0.93,0.847,595.331
Kepler-1227 b,Kepler-1227,Transit,2016,94.2887577,2.29,5.86,369.0,5747.0,0.95,0.97,623.706
Kepler-1272 b,Kepler-1272,Transit,2016,51.1309704,2.37,6.21,542.0,5926.0,1.09,1.06,1206.37
Kepler-201 c,Kepler-201,Transit,2014,151.884058,2.85,8.5,378.0,6065.0,1.229,1.098,636.445
Kepler-215 c,Kepler-215,Transit,2014,14.667108,1.77,3.78,675.0,5739.0,1.027,0.788,485.997
Kepler-267 c,Kepler-267,Transit,2014,6.87745,2.13,5.18,484.0,4258.0,0.555,0.541571,264.993
Kepler-373 c,Kepler-373,Transit,2014,16.725948,1.24,2.07,729.0,5787.0,0.845,0.981,1090.45
Kepler-54 d,Kepler-54,Transit,2014,20.995694,1.53,12.0946,328.0,4252.0,0.554,0.518,271.701
Kepler-329 b,Kepler-329,Transit,2014,7.416397,1.4,2.54,547.0,4257.0,0.523,0.602,439.719
Kepler-279 d,Kepler-279,Transit,2013,54.414,3.1,37.5,574.0,6689.45,1.07,1.1,1037.4
HD 219134 c,HD 219134,Radial Velocity,2015,6.76458,1.511,4.36,782.0,4699.0,0.778,0.81,6.53127
Kepler-1198 b,Kepler-1198,Transit,2016,7.6847716,1.47,2.76,830.0,5517.0,0.9,0.93,743.03
Kepler-161 c,Kepler-161,Transit,2014,7.06424,2.05,3.61,769.0,5078.0,0.806,0.853,434.632
Kepler-1294 b,Kepler-1294,Transit,2016,115.6862258,3.19,10.3,401.0,5776.0,0.97,0.99,1855.7
Kepler-1319 b,Kepler-1319,Transit,2016,2.886762645,1.34,2.36,557.0,3655.0,0.54,0.56,103.917
Kepler-275 d,Kepler-275,Transit,2014,35.676062,3.33,11.1,671.0,6165.0,1.383,1.189,2034.25
Kepler-374 b,Kepler-374,Transit,2014,1.897806,1.03,1.08,1761.0,5977.0,0.911,1.033,1265.61
Kepler-306 d,Kepler-306,Transit,2014,17.326644,2.47,6.66,535.0,4954.0,0.719,0.75,775.679
Kepler-305 e,Kepler-305,Transit,2020,3.20538,1.7938153,3.87,1000.0,4974.0,0.827279,0.82,868.477
Kepler-11 f,Kepler-11,Transit,2010,46.6888,2.49,2.0,513.0,5663.0,1.065,0.961,646.346
Kepler-276 d,Kepler-276,Transit,2013,48.648,2.8,16.3,489.0,5693.0,1.03,1.1,1144.86
Kepler-36 c,Kepler-36,Transit,2012,16.21865,3.679,7.13,928.0,5979.0,1.634,1.034,527.956
Kepler-1251 b,Kepler-1251,Transit,2016,45.0904643,1.84,4.04,487.0,5545.0,0.89,0.92,902.204
Kepler-1843 b,Kepler-1843,Transit,2021,25.54339981,2.70909809,7.8,772.0,5422.0,1.782,1.02,784.625
Kepler-1857 b,Kepler-1857,Transit,2021,8.94340992,1.96065412,4.5,946.0,6074.0,1.005,0.873,853.275
Kepler-190 c,Kepler-190,Transit,2014,3.763024,1.46,2.73,948.0,5106.0,0.795,0.834,433.387
Kepler-123 c,Kepler-123,Transit,2014,26.695074,1.48,2.79,706.0,6089.0,1.264,1.079,1021.66
Kepler-380 c,Kepler-380,Transit,2014,7.630004,1.27,2.15,1056.0,6045.0,1.224,0.99,813.713
Kepler-283 c,Kepler-283,Transit,2014,92.743711,1.82,3.97,240.0,4351.0,0.566,0.596,468.094
KELT-6 c,KELT-6,Radial Velocity,2015,1276.0,13.0,1179.1493,241.9,6272.0,1.529,1.126,240.726
Kepler-85 b,Kepler-85,Transit,2012,8.3,1.778,1.84,809.0,5505.2,0.875,0.928,765.025
Kepler-799 c,Kepler-799,Transit,2021,15.19419956,2.78068551,8.15,893.0,5588.0,1.593,1.031,1509.084
Kepler-1884 b,Kepler-1884,Transit,2021,8.988320351,1.81406781,3.95,864.0,5984.0,0.906,0.993,1443.09
Kepler-381 b,Kepler-381,Transit,2014,5.629021,0.99,0.937,1576.0,6152.0,1.568,1.144,267.323
Kepler-84 d,Kepler-84,Transit,2014,4.224537,1.38,2.48,1254.0,6031.0,1.169,1.06,1023.9
Kepler-334 b,Kepler-334,Transit,2014,5.470319,1.12,1.46,1090.0,5828.0,1.068,1.022,426.59
Kepler-285 c,Kepler-285,Transit,2014,6.186676,1.12,1.46,851.0,5411.0,0.808,0.915,824.31
Kepler-1232 b,Kepler-1232,Transit,2016,26.7839183,1.93,4.38,523.0,5471.0,0.89,0.92,632.865
Kepler-1858 b,Kepler-1858,Transit,2021,88.07160187,2.42168247,6.44,330.0,4939.0,0.819,0.785,833.055
Kepler-204 c,Kepler-204,Transit,2014,25.660593,1.79,3.86,683.0,5812.0,1.238,1.038,686.723
Kepler-515 b,Kepler-515,Transit,2016,19.96371318,1.46,2.73,564.0,5293.0,0.83,0.9,255.0
Kepler-221 e,Kepler-221,Transit,2014,18.369917,2.63,7.86706,582.0,5243.0,0.821,0.854,385.231
Kepler-1877 b,Kepler-1877,Transit,2021,2.377569914,0.624086,0.179,1278.0,5615.0,0.936,1.022,285.312
Kepler-350 d,Kepler-350,Transit,2013,26.136,2.8,14.9,782.0,6492.3,1.25,1.0,956.859
Kepler-58 e,Kepler-58,Transit,2023,4.45814897,1.61,597.796,1212.0,6100.0,1.083,1.017,969.252
Kepler-1679 b,Kepler-1679,Transit,2020,9.75376,2.0692036,4.93,813.0,5501.0,0.873196,0.96,909.28
Kepler-58 c,Kepler-58,Transit,2012,15.5741568,2.86,53.0,799.0,5843.0,1.03,0.95,969.252
Kepler-1844 b,Kepler-1844,Transit,2021,3.924510002,3.03648191,9.46,1074.0,5776.0,0.849,0.939,1804.36
Kepler-1278 b,Kepler-1278,Transit,2016,3.23941344,1.01,1.01,1213.0,6074.0,1.16,1.11,889.426
Kepler-1864 b,Kepler-1864,Transit,2021,3.881510019,0.75408365,0.353,1156.0,5854.0,0.979,1.03,298.894
Kepler-1324 b,Kepler-1324,Transit,2016,4.115844679,1.51,2.89,895.0,4776.0,0.73,0.78,481.667
Kepler-462 c,Kepler-462,Transit,2018,207.62,4.0,6.0,453.0,7500.0,1.57,1.59,596.625
Kepler-226 d,Kepler-226,Transit,2014,8.109044,1.22,1.98,800.0,5571.0,0.802,0.904,980.138
Kepler-221 b,Kepler-221,Transit,2014,2.795906,1.71,5.95575,1090.0,5243.0,0.821,0.854,385.231
Kepler-245 c,Kepler-245,Transit,2014,17.460812,2.18,26.7,568.0,5100.0,0.795,0.856,861.527
Kepler-352 b,Kepler-352,Transit,2014,10.05537,0.86,0.566,694.0,5212.0,0.781,0.798,252.733
Kepler-382 c,Kepler-382,Transit,2014,12.162701,1.59,3.15,882.0,5600.0,0.945,1.002,935.446
Kepler-336 b,Kepler-336,Transit,2014,2.024823,1.02,1.04,1625.0,5867.0,1.304,1.09,768.86
HD 11755 b,HD 11755,Radial Velocity,2015,433.70001,12.8,1789.3829,903.49,4312.0,20.58,0.72,235.045
Kepler-385 c,Kepler-385,Transit,2014,15.163161,3.04,13.2,829.0,6326.0,1.126,0.992,1432.61
Kepler-267 d,Kepler-267,Transit,2014,28.464515,2.27,5.77,301.0,4258.0,0.555,0.541571,264.993
Kepler-384 c,Kepler-384,Transit,2014,45.348269,1.13,1.51,531.0,5577.0,0.882,0.882,895.678
Kepler-299 e,Kepler-299,Transit,2014,38.285489,1.87,4.16,534.0,5617.0,1.032,1.004,1052.24
8 UMi b,8 UMi,Radial Velocity,2015,93.31,13.5,524.41687155,1126.38,4847.0,10.73,1.51,162.552
Kepler-1104 b,Kepler-1104,Transit,2016,5.03728015,1.23,2.04,1321.0,6417.0,1.41,1.3,530.658
Kepler-1987 e,Kepler-1987,Transit,2023,8.74292005,1.92,4.35,643.0,4769.0,0.714,0.799,595.683
Kepler-1830 b,Kepler-1830,Transit,2021,56.49330139,3.32992941,11.1,681.0,6160.0,2.046,1.443,1056.88
Kepler-182 b,Kepler-182,Transit,2014,9.825792,2.58,7.18,935.0,6250.0,1.146,1.114,1549.09
Kepler-1688 b,Kepler-1688,Transit,2020,5.62012,1.26174569,2.13,772.0,4632.11,0.746,0.814,567.44687087
Kepler-385 b,Kepler-385,Transit,2014,10.043686,2.73,12.8,951.0,6326.0,1.126,0.992,1432.61
Kepler-55 f,Kepler-55,Transit,2014,10.198545,1.59,3.15,559.0,4503.0,0.619,0.631,578.796
Kepler-339 d,Kepler-339,Transit,2014,10.558345,1.17,14.7,796.0,5631.0,0.802,0.87,616.637
Kepler-1669 d,Kepler-1669,Transit,2023,4.72941177,1.22,1.98,669.0,4224.0,0.603,0.609,543.444
Kepler-69 c,Kepler-69,Transit,2013,242.4613,1.71,3.57,299.0,5638.0,0.93,0.81,730.625
HAT-P-57 b,HAT-P-57,Transit,2015,2.4653,19.50366,448.1403,2200.0,6330.0,1.85,2.77,279.86
Kepler-1067 c,Kepler-1067,Transit,2021,5.425839901,1.74682428,3.7,973.0,5594.0,0.934,0.981,667.693
Kepler-299 d,Kepler-299,Transit,2014,15.054786,1.86,4.12,729.0,5617.0,1.032,1.004,1052.24
Kepler-208 c,Kepler-208,Transit,2014,7.466623,1.39,2.51,1141.0,6092.0,1.314,1.082,775.328
Kepler-530 b,Kepler-530,Transit,2016,39.30941904,3.01,9.32,488.0,5697.0,0.89,0.97,457.709
Kepler-354 d,Kepler-354,Transit,2014,24.209842,1.24,2.07,451.0,4648.0,0.674,0.652,554.064
Kepler-339 c,Kepler-339,Transit,2014,6.988055,1.15,7.3,914.0,5631.0,0.802,0.87,616.637
Kepler-1114 b,Kepler-1114,Transit,2016,14.97435694,1.35,2.39,631.0,5374.0,0.83,0.87,418.417
Kepler-114 d,Kepler-114,Transit,2013,11.776,2.53,3.9,446.0,4660.0,0.54,0.56,259.533
Kepler-303 c,Kepler-303,Transit,2014,7.061149,1.14,1.55,521.0,3944.0,0.485,0.575,209.738
Kepler-1212 b,Kepler-1212,Transit,2016,12.94130146,2.14,5.22,795.0,6051.0,1.15,1.1,1316.57
Kepler-394 c,Kepler-394,Transit,2014,12.130686,1.66,3.39,901.0,6402.0,1.132,0.87,1058.72
Kepler-393 c,Kepler-393,Transit,2014,14.613612,1.33,2.33,901.0,6189.0,1.382,1.256,881.404
Kepler-318 c,Kepler-318,Transit,2014,11.815007,3.68,13.1,762.0,5746.0,1.189,1.073,489.141
Kepler-1241 b,Kepler-1241,Transit,2016,18.5525701,2.63,7.41,612.0,5261.0,0.8,0.84,968.722
Kepler-185 b,Kepler-185,Transit,2014,1.6329,1.17,1.71,1237.0,5208.0,0.806,0.763,466.735
Kepler-1283 b,Kepler-1283,Transit,2016,12.9460978,1.91,4.31,764.0,6175.0,1.25,1.16,2921.99
Kepler-1714 b,Kepler-1714,Transit,2021,10.27530003,3.26437302,10.7,1211.0,6150.0,2.086,1.448,409.46
Kepler-1331 b,Kepler-1331,Transit,2016,0.789161653,1.05,1.16,1244.0,4508.0,0.69,0.72,319.197
Kepler-319 b,Kepler-319,Transit,2014,4.362705,1.63,3.29,1023.0,5526.0,0.903,0.933,503.436
Kepler-396 b,Kepler-396,Transit,2013,42.994,3.5,75.5,496.0,5656.0,1.06,0.85,223.757
Kepler-1085 c,Kepler-1085,Transit,2020,56.7771,3.26817741,10.7,491.0,5816.0,1.0783,1.05,1364.53
Kepler-1084 b,Kepler-1084,Transit,2016,2.05333679,1.11,1.41,1737.0,6113.0,1.28,1.12,405.533
Kepler-1108 b,Kepler-1108,Transit,2016,4.51005748,1.46,2.73,1063.0,5406.0,0.84,0.88,767.701
Kepler-1214 b,Kepler-1214,Transit,2016,18.82634264,2.36,6.17,591.0,5130.0,0.8,0.85,729.227
Kepler-155 c,Kepler-155,Transit,2014,52.661793,2.24,5.65,286.0,4508.0,0.62,0.635,293.499
Kepler-396 c,Kepler-396,Transit,2013,88.505,5.3,17.9,390.0,5656.0,1.06,0.85,223.757
Kepler-1369 b,Kepler-1369,Transit,2016,25.873148,2.69,7.7,667.0,5761.0,0.99,0.99,1236.56
Kepler-1370 b,Kepler-1370,Transit,2016,20.2641684,1.84,4.04,770.0,6202.0,1.29,1.19,1004.1
Kepler-252 b,Kepler-252,Transit,2014,6.668391,1.23,2.04,587.0,4208.0,0.549,0.61,379.424
Kepler-360 c,Kepler-360,Transit,2014,7.186434,2.1,5.06,860.0,6053.0,1.058,0.994,876.044
Kepler-245 e,Kepler-245,Transit,2016,3.219821056,1.75,1806.36,998.0,5174.0,0.8,0.86,861.527
Kepler-298 d,Kepler-298,Transit,2014,77.473633,2.5,6.8,277.0,4465.0,0.582,0.66,518.204
Kepler-324 b,Kepler-324,Transit,2014,4.385315,1.14,2414.4,935.0,5194.0,0.84,0.901,501.574
Kepler-1796 b,Kepler-1796,Transit,2021,29.4557991,2.75047868,8.0,598.0,6036.0,0.949,1.018,825.883
Kepler-520 c,Kepler-520,Transit,2016,5.21104261,1.07,1.24,1107.0,6112.0,1.09,1.1,623.901
Kepler-1244 b,Kepler-1244,Transit,2016,3.70428172,1.35,2.39,1839.0,6680.0,1.77,1.46,1075.81
Kepler-169 c,Kepler-169,Transit,2014,6.195469,1.21,1.92,776.0,4997.0,0.763,0.825,406.529
Kepler-97 b,Kepler-97,Transit,2014,2.58664,1.48,3.51,1328.0,5779.0,0.98,0.94,400.907
Kepler-1336 b,Kepler-1336,Transit,2016,23.198681,1.98,4.58,793.0,5512.0,1.3,0.94,1126.64
Kepler-88 d,KOI-142,Radial Velocity,2020,1403.0,13.1,965.14699656,158.95,5466.0,0.897,0.99,376.863
Kepler-301 d,Kepler-301,Transit,2014,13.751243,1.75,3.71,725.0,5815.0,0.9,1.022,719.166
Kepler-104 d,Kepler-104,Transit,2014,51.755394,3.58,5.54022107,515.0,5711.0,1.349,0.818,400.785
Kepler-1192 b,Kepler-1192,Transit,2016,25.2034787,2.36,6.17,600.0,5438.0,0.83,0.86,1304.19
Kepler-516 b,Kepler-516,Transit,2016,24.85462415,5.74,27.9,1095.0,7099.0,2.02,1.62,687.094
Kepler-1851 b,Kepler-1851,Transit,2021,12.02289963,3.90012032,14.5,776.0,5982.0,0.879,0.967,1589.81
Kepler-212 b,Kepler-212,Transit,2014,16.257582,1.09,1.32,830.0,5852.0,1.455,1.166,687.194
Kepler-1372 b,Kepler-1372,Transit,2016,1.311555568,1.27,2.15,1655.0,5677.0,0.97,0.98,1303.22
Kepler-364 b,Kepler-364,Transit,2014,25.745718,1.55,3.02,753.0,6108.0,1.284,1.076,891.462
KELT-23 A b,KELT-23 A,Transit,2019,2.255251,14.829507,298.12454,1561.0,5899.0,0.996,0.944,126.261
HD 191939 d,HD 191939,Transit,2020,38.353037,2.995,2.8,540.0,5348.0,0.94,0.81,53.6089
HATS-77 b,HATS-77,Transit,2021,3.0876262,13.05846252,436.69623122,828.3,4071.0,0.6428,0.655,436.176
TOI-4479 b,TOI-4479,Transit,2022,1.1589,2.82,8.35,861.0,3400.0,0.451,0.452,80.6532
TOI-1752 c,TOI-1752,Transit,2026,32.71443,2.29,5.86,291.0,3762.0,0.53,0.524,103.021
Kepler-1705 c,Kepler-1705,Transit,2021,11.28,2.05,5.42,,6312.0,1.259,1.139,1633.49
TOI-1753 b,TOI-1753,Transit,2024,5.3846104,2.47852533,16.6,1005.43,5621.0,0.9715,0.9483,226.671
TOI-2274 b,TOI-2274,Transit,2024,2.67963,2.45,6.57,771.46,3943.0,0.631,0.612,48.876
Kepler-43 b,Kepler-43,Transit,2011,3.0240949,13.663771,1026.5909,1620.0,6041.0,1.42,1.32,1005.84
Kepler-858 b,Kepler-858,Transit,2016,76.13602028,4.87,21.1,399.0,5653.0,0.91,0.96,298.532
TOI-3023 b,TOI-3023,Transit,2023,3.9014971,16.43236571,197.05361234,1596.0,5760.0,1.668,1.12,389.916
Kepler-1752 b,Kepler-1752,Transit,2021,56.35850143,4.54060463,18.7,419.0,5446.0,0.821,0.824,962.888
Kepler-1408 b,Kepler-1408,Transit,2016,2.99793191,0.89,0.64,1616.0,6170.0,1.35,1.21,535.048
HIP 54373 b,HIP 54373,Radial Velocity,2019,7.76,2.87,8.62,580.66,4021.0,0.564998,0.57,18.7168
Teegarden's Star b,Teegarden's Star,Radial Velocity,2019,4.90634,1.05,1.16,277.0,3034.0,0.12,0.097,3.83078
BD+60 1417 b,BD+60 1417,Imaging,2021,,14.68376472,4767.426105,1303.0,4993.0,0.797,1.0,44.9543
TOI-1227 b,TOI-1227,Transit,2022,27.36397,9.57246952,66.5,243.77,3072.0,0.56,0.17,100.641
CoRoT-7 d,CoRoT-7,Radial Velocity,2022,8.966,4.31,17.142,,5250.0,0.8389,0.915,159.906
TOI-1758 b,TOI-1758,Transit,2024,20.705074685,3.62,6.9,551.44,5169.0,0.81,0.88,96.6215
TOI-2567 b,TOI-2567,Transit,2022,5.983944,10.92875618,63.88350981,1352.0,5611.0,1.686,1.13,504.775
Kepler-1410 b,Kepler-1410,Transit,2016,60.866168,1.78,3.82,290.0,4092.0,0.6,0.63,367.0
HD 24085 b,HD 24085,Radial Velocity,2019,2.0455,3.46,11.8,1875.43,6034.0,1.412551,1.22,54.9004
WASP-87 b,WASP-87,Transit,2016,1.682795,15.524465,692.8694,2049.54,6450.0,1.627,1.204,298.392
TOI-163 b,TOI-163,Transit,2019,4.231306,16.690201,387.7526,1669.0,6495.0,1.648,1.4352,411.719
K2-315 b,K2-315,Transit,2020,3.1443189,0.95,0.809,460.0,3300.0,0.196,0.174,56.9686
HD 216520 b,HD 216520,Radial Velocity,2020,35.45,3.18,10.26,482.1,5103.0,0.76,0.82,19.552
TOI-1775 b,TOI-1775,Transit,2024,10.2405549,8.04728896,96.0,707.89,5284.0,0.8288,0.9218,149.234
Kepler-296 c,Kepler-296,Transit,2014,5.8416366,2.0,4.66,606.0,3740.0,0.48,0.498,167.0
WASP-187 b,WASP-187,Transit,2020,5.147878,18.38276,254.264,1760.0,6150.0,2.83,1.54,371.414
HD 161178 b,HD 161178,Radial Velocity,2021,279.3,14.1,181.16219199,828.33,4786.0,10.95,1.06,107.188
GJ 514 b,GJ 514,Radial Velocity,2022,140.43,2.13,5.2,202.0,3728.0,0.5,0.51,7.61778
HD 77946 b,HD 77946,Transit,2024,6.527363,2.89646124,10.9,1128.86,6007.0,1.3174,1.1973,99.451
TOI-2345 c,TOI-2345,Transit,2025,21.064302,2.451,7.27,544.0,4687.0,0.729,0.727,81.6541
Kepler-876 b,Kepler-876,Transit,2016,5.14438011,1.43,2.63,923.0,5060.0,0.77,0.81,820.913
Kepler-1894 c,Kepler-1894,Transit,2023,5.05368985,1.21,1.92,1007.0,5772.0,0.901,0.999,935.191
HD 233832 b,HD 233832,Radial Velocity,2018,2058.0,13.5,565.7374,117.8,4981.0,0.68,0.71,58.742
GJ 687 c,GJ 687,Radial Velocity,2020,727.562,4.14,16.0,98.62,3413.0,0.4183,0.4,4.54939
HIP 5763 b,HIP 5763,Radial Velocity,2021,30.014,14.2,162.09248757,440.9,4352.0,0.750378,0.72,31.9043
TOI-712 b,TOI-712,Transit,2022,9.531361,2.049,4.85,650.0,4622.0,0.674,0.732,58.6212
TOI-1782.01,TOI-1782,Transit,2024,4.987641028,2.368,6.2,697.84,4336.0,0.669,0.68,95.2649
TOI-2092 b,TOI-2092,Transit,2026,4.30325528074,2.94892961,9.0,1042.0,5842.06,1.0519,0.956,176.759
Kepler-303 b,Kepler-303,Transit,2014,1.937055,0.89,0.64,802.0,3944.0,0.485,0.575,209.738
Kepler-271 c,Kepler-271,Transit,2014,7.41086267,0.95,0.809,850.0,5555.0,0.87,0.9,404.542
KOI-142 b,KOI-142,Transit,2013,10.91647,3.438,9.5,758.0,5466.0,0.897,0.99,376.863
Qatar-6 b,Qatar-6,Transit,2017,3.506195,11.903958,212.31044,1006.0,5052.0,0.722,0.822,100.848
GJ 9066 c,GJ 9066,Radial Velocity,2020,771.36,9.6,66.74396547,65.66,3154.0,0.164,0.15,4.471
K2-400 b,K2-400,Transit,2022,3.865053,1.163,1.67,,3578.0,0.382,0.374,62.3804
TOI-2094 b,TOI-2094,Transit,2026,18.793193,1.9,4.27,276.0,3435.0,0.384,0.425,50.0248
TOI-2714 b,TOI-2714,Transit,2024,2.499387,13.72,228.0,1603.0,5665.0,1.25,1.07,597.873
HD 164922 d,HD 164922,Radial Velocity,2020,12.458,1.83,4.0,787.68,5390.0,0.946,0.926,22.0016
2MASS J01033563-5515561 AB b,2MASS J01033563-5515561 A,Imaging,2013,,12.3,4131.79,,,,0.19,47.2
TOI-2382 b,TOI-2382,Transit,2025,4.6612061,12.25141591,235.19302118,1426.0,6033.0,1.417,1.26,434.92
Kepler-402 b,Kepler-402,Transit,2014,4.028751,1.22,1.98,1311.0,6090.0,1.264,1.072,625.339
EPIC 201841433 b,EPIC 201841433,Transit,2019,4.1698,1.04,1.12,1032.49,5053.0,0.628461,0.802,436.488
USco1621 b,USco1621 A,Imaging,2019,,12.2,5085.28,2270.0,3460.0,0.710071,0.36,137.901
K2-318 b,K2-318,Transit,2020,7.01,1.66,3.39,456.0,3851.0,0.552,0.561,147.866
K2-405 b,K2-405,Transit,2022,3.435471,4.569,18.9,969.0,4927.0,0.765,1.034,197.234
TOI-784 b,HD 307842,Transit,2023,2.7970365,1.93,9.67,1256.0,5558.0,0.907,0.91,64.5997
TOI-1814 b,TOI-1814,Transit,2026,6.36861010462,5.18536642,23.5,977.83,4872.84,2.3895,,362.522
Kepler-1419 b,Kepler-1419,Transit,2016,42.5215895,2.86,8.55,510.0,5796.0,1.01,1.01,1498.58
EPIC 206215704 b,EPIC 206215704,Transit,2019,2.255436,1.0,0.972,,3297.0,0.25,0.407,109.888
Kepler-848 b,Kepler-848,Transit,2016,6.91134416,1.7,3.53,1086.0,5695.0,1.2,1.01,1378.47
Kepler-819 b,Kepler-819,Transit,2016,33.1995648,2.76,8.05,485.0,5279.0,0.81,0.86,664.306
TOI-799 b,TOI-799,Transit,2026,5.54519139676,2.06631784,4.92,958.69,5662.81,0.915519,1.0,158.526
K2-146 c,K2-146,Transit,2019,4.00498,2.19,7.49,518.53,3385.0,0.33,0.331,79.3002
K2-324 b,K2-324,Transit,2020,3.262,2.43,6.48,707.0,3752.0,0.505,0.517,136.667
Kepler-822 b,Kepler-822,Transit,2016,3.222969273,1.77,3.78,1239.0,5928.0,1.08,1.06,860.391
TOI-1181 b,TOI-1181,Transit,2022,2.103189,17.02644168,374.71969185,1942.12,6054.0,1.961,1.467,302.819
TOI-808 b,TOI-808,Transit,2026,9.73944854026,2.20344362,5.49,710.98,5078.2,0.833198,0.87,98.1848
TOI-815 b,TOI-815,Transit,2024,11.197259,2.94,7.6,686.0,4869.0,0.77,0.776,59.7117
TOI-2141 b,TOI-2141,Transit,2023,18.261608,3.147,20.1,728.0,5635.0,0.95,0.896,77.682
TOI-2447 b,TOI-2447,Transit,2024,69.33684,9.60609646,124.90656395,414.0,5730.0,1.006,1.034,148.987
TOI-2818 b,TOI-2818,Transit,2023,4.039709,15.27784069,225.65816897,1376.0,5721.0,1.229,0.977,312.674
Kepler-1371 c,Kepler-1371,Transit,2016,2.00541269,0.64,0.196,1216.0,5361.0,0.83,0.87,515.334
EPIC 212587672 b,EPIC 212587672,Transit,2019,15.28078,1.26,2.13,756.0,6004.0,0.98,0.99,320.07
Kepler-843 b,Kepler-843,Transit,2016,2.053879821,2.59,7.22,1523.0,5830.0,1.03,1.02,1165.66
K2-408 b,K2-408,Transit,2022,20.978959,1.677,3.45,,5335.0,0.784,0.813,162.306
TOI-1516 b,TOI-1516,Transit,2022,2.056014,15.24421375,1004.33776612,1839.0,6520.0,1.14,1.14,247.054
TOI-2458 b,TOI-2458,Transit,2024,3.73659,2.83,13.31,1509.4,6005.0,1.31,1.05,112.958
Kepler-1423 b,Kepler-1423,Transit,2016,23.955378,1.06,1.2,741.0,4939.0,0.75,0.79,449.0
HATS-57 b,HATS-57,Transit,2019,2.350621,12.767051,1000.21101,1413.4,5587.0,0.96,1.026,279.485
HATS-56 b,HATS-56,Transit,2019,4.324799,18.920792,191.33366,1902.0,6536.0,2.201,1.573,564.409
TOI-763 b,TOI-763,Transit,2020,5.6057,2.28,9.79,1038.0,5450.0,0.897,0.917,95.1274
K2-409 b,K2-409,Transit,2022,1.908084,2.482,6.72,,5742.0,1.228,0.886,431.031
TOI-1722 b,TOI-1722,Transit,2026,9.60523206943,4.38298108,17.6,952.0,5999.55,1.09414,1.162,136.419
TOI-1873 b,TOI-1873,Transit,2026,7.00572708834,2.86356397,8.57,923.5,5597.99,0.971675,1.015,182.014
TOI-2158 b,TOI-2158,Transit,2022,8.60077,10.76062147,260.61929374,1188.0,5673.0,1.41,1.12,198.473
Kepler-1888 b,Kepler-1888,Transit,2021,11.39169979,1.32578716,2.32,886.0,5557.0,1.249,0.897,402.947
Kepler-1901 b,Kepler-1901,Transit,2021,3.484129906,1.47418907,2.77,1132.0,5696.0,0.921,1.022,1028.37
GJ 433 c,GJ 433,Radial Velocity,2014,5094.105,6.27,32.422,53.76,3461.0,0.5,0.48,9.06456
K2-374 c,K2-374,Transit,2022,16.43445,2.213,5.53,,5789.0,0.907,0.731,359.439
TOI-1860 b,TOI-1860,Transit,2022,1.0662107,1.31,2.27,1885.0,5752.0,0.94,0.99,45.864
TOI-1723 b,TOI-1723,Transit,2024,13.727012643,3.435,10.4,782.98,5777.0,1.09,1.04,100.727
TOI-1937 A b,TOI-1937 A,Transit,2023,0.94667944,13.97759893,638.83509807,2097.0,5814.0,1.08,1.072,415.135
Kepler-292 f,Kepler-292,Transit,2014,20.834237,2.35,6.12,563.0,5299.0,0.826,0.865,1056.48
Kepler-1395 b,Kepler-1395,Transit,2016,3.78470649,0.8,0.437,1311.0,6138.0,1.23,1.17,492.894
Kepler-1905 b,Kepler-1905,Transit,2021,3.42392993,1.4460734,2.69,1212.0,5788.0,1.015,1.038,1051.53
Kepler-65 e,Kepler-65,Radial Velocity,2019,258.8,13.9,260.0,389.08,6220.0,1.437,1.248,303.728
GJ 682 b,GJ 682,Radial Velocity,2014,17.478,1.93,4.4,281.93,3028.0,0.298255,0.27,5.00671
TOI-132 b,TOI-132,Transit,2020,2.1097019,3.42,22.4,1395.0,5397.0,0.9,0.97,163.678
TOI-2000 c,TOI-2000,Transit,2023,9.127055,8.14,81.7,1038.0,5611.0,1.134,1.082,175.713
TOI-2000 b,TOI-2000,Transit,2023,3.09833,2.7,11.0,1488.0,5611.0,1.134,1.082,175.713
TOI-2194 b,TOI-2194,Transit,2023,15.337597,1.9892,4.61,590.88,4756.0,0.6909,0.74,19.5711
TOI-2498 b,TOI-2498,Transit,2023,3.738252,6.06,34.62,1443.0,5905.0,1.26,1.12,275.265
Kepler-102 e,Kepler-102,Transit,2013,16.1456994,2.17,4.7,590.0,4909.0,0.724,0.803,107.796
HD 2685 b,HD 2685,Transit,2019,4.12688,16.14096,371.8611,2061.0,6801.0,1.56,1.43,196.852
Kepler-95 b,Kepler-95,Transit,2014,11.5231,3.42,13.0,927.0,5699.0,1.41,1.08,445.656
Wendelstein-2 b,Wendelstein-2,Transit,2020,1.7522239,12.9934728,232.33373,2470.0,4591.0,0.66,0.73,565.541
K2-384 b,K2-384,Transit,2022,2.231527,1.076,1.26,,3623.0,0.348,0.33,82.6603
HD 174205 b,HD 174205,Radial Velocity,2022,582.0,13.0,1334.8793094,821.72,4308.0,26.6,1.8,234.027
Kepler-430 c,Kepler-430,Transit,2015,110.979,1.75,3.71,458.0,5884.0,1.485,1.166,917.477
Kepler-1656 b,Kepler-1656,Transit,2018,31.562,4.574,47.8,651.0,5569.0,1.1,1.03,185.875
Kepler-647 c,Kepler-647,Transit,2020,29.6663,4.00135002,15.1,644.0,5906.74,1.54571,1.07,1087.87
Kepler-210 b,Kepler-210,Transit,2014,2.453234,2.94,8.96,737.0,4559.0,0.65,0.77,232.75
OGLE-2006-BLG-109L c,OGLE-2006-BLG-109L,Microlensing,2008,4927.5,11.1,86.0,59.0,,,0.51,1510.0
KMT-2016-BLG-1397L b,KMT-2016-BLG-1397L,Microlensing,2018,,12.7,2200.0,,,,0.45,6600.0
KMT-2019-BLG-0253L b,KMT-2019-BLG-0253L,Microlensing,2022,,2.99,9.2,,,,0.7,4900.0
KMT-2023-BLG-0548L b,KMT-2023-BLG-0548L,Microlensing,2025,,13.1,1086.97315194,,,,0.72,6830.0
Kepler-1963 b,Kepler-1963,Transit,2021,1.962260008,0.74437023,0.337,1448.0,5726.0,0.979,0.915,492.847
Kepler-1517 b,Kepler-1517,Transit,2016,5.546083665,9.76,68.7,2336.0,7010.0,1.95,1.58,847.299
Kepler-1711 b,Kepler-1711,Transit,2021,21.06080055,1.923,4.36,669.0,5706.0,1.034,0.94,590.268
MOA-2010-BLG-328L b,MOA-2010-BLG-328L,Microlensing,2013,,2.99,9.2,,,,0.11,810.0
MOA-2011-BLG-291L b,MOA-2011-BLG-291L,Microlensing,2018,,4.43,18.0,,,,0.15,4400.0
KMT-2018-BLG-1743L b,KMT-2018-BLG-1743L,Microlensing,2021,,10.5,77.86795971,,,,0.193,6483.0
OGLE-2018-BLG-0516L b,OGLE-2018-BLG-0516L,Microlensing,2022,,4.73,20.1,,,,0.47,7000.0
KMT-2023-BLG-0949L b,KMT-2023-BLG-0949L,Microlensing,2025,,12.8,1900.61387386,,,,0.48,6060.0
KMT-2024-BLG-2059L b,KMT-2024-BLG-2059L,Microlensing,2025,,2.54,6.99222495,,,,0.51,6070.0
Kepler-146 b,Kepler-146,Transit,2014,31.158799,3.71,13.3,639.0,5948.0,1.208,1.079,716.797
Kepler-1468 d,Kepler-1468,Transit,2021,19.59059906,3.33187146,11.1,819.0,5794.0,1.496,1.072,1899.24
Kepler-348 c,Kepler-348,Transit,2014,17.265427,1.33,2.33,888.0,6177.0,1.359,1.189,570.783
Kepler-1641 c,Kepler-1641,Transit,2016,32.657212,2.95,9.01,767.0,6152.0,1.19,1.12,860.37
Kepler-1641 b,Kepler-1641,Transit,2016,19.672266,3.11,9.85,908.0,6152.0,1.19,1.12,860.37
Kepler-39 b,Kepler-39,Transit,2011,21.08721,13.9,6388.1,897.0,6350.0,1.4,1.29,1057.41
Kepler-174 c,Kepler-174,Transit,2014,44.000529,1.49,2.83,377.0,4880.0,0.622,0.602,384.757
KMT-2023-BLG-1642L b,KMT-2023-BLG-1642L,Microlensing,2024,,13.8,343.25467956,,,,0.17,6980.0
Kepler-1468 b,Kepler-1468,Transit,2016,8.23984869,1.73,3.64,1093.0,5893.0,1.05,1.04,1899.24
Kepler-203 b,Kepler-203,Transit,2014,3.162697,2.57,7.13,1308.0,5821.0,1.114,1.06,703.302
Kepler-152 b,Kepler-152,Transit,2014,18.207973,2.79,8.2,551.0,5088.0,0.724,0.779,441.09
OGLE-2015-BLG-0966L b,OGLE-2015-BLG-0966L,Microlensing,2016,,4.86,21.0,,,,0.38,3300.0
MOA-2011-BLG-028L b,MOA-2011-BLG-028L,Microlensing,2016,,5.99,30.0,,,,0.75,7380.0
OGLE-2018-BLG-0383L b,OGLE-2018-BLG-0383L,Microlensing,2022,,2.41,6.4,,,,0.1,7700.0
KMT-2021-BLG-1391L b,KMT-2021-BLG-1391L,Microlensing,2022,,1.97,4.55,,,,0.37,5720.0
Kepler-195 c,Kepler-195,Transit,2014,34.096863,1.55,3.02,469.0,5329.0,0.775,0.867,652.051
Kepler-880 c,Kepler-880,Transit,2023,11.8061737,2.87,8.6,1407.0,6900.0,2.599,1.714,601.324
Kepler-608 b,Kepler-608,Transit,2016,6.412515037,3.64,12.9,1069.0,5820.0,1.01,1.0,946.683
Kepler-1704 b,Kepler-1704,Transit,2021,988.88112,11.94877343,1322.16617312,253.8,5746.0,1.697,1.132,835.455
Kepler-561 c,Kepler-561,Transit,2016,5.350161983,2.68,7.65,989.0,5646.0,0.94,0.96,621.378
OGLE-2015-BLG-0051L b,OGLE-2015-BLG-0051L,Microlensing,2016,,14.0,230.0,,,,0.1,8200.0
OGLE-2018-BLG-0740L b,OGLE-2018-BLG-0740L,Microlensing,2019,5480.0,12.9,1500.0,,5912.0,,1.0,3200.0
OGLE-2017-BLG-1099L b,OGLE-2017-BLG-1099L,Microlensing,2021,,13.1,959.84178914,,,,0.45,7250.0
KMT-2021-BLG-0748L b,KMT-2021-BLG-0748L,Microlensing,2022,,14.3,143.02278315,,,,0.36,6090.0
TOI-2267 d,TOI-2267 B,Transit,2025,2.0344671,1.77,3.78,422.0,3022.0,0.13,0.0989,22.55
Kepler-1719 b,Kepler-1719,Transit,2021,6.149559975,3.95000623,14.8,1287.0,5687.0,1.775,1.08,905.406
Kepler-1254 c,Kepler-1254,Transit,2016,3.60084276,1.3,2.24,927.0,4985.0,0.75,0.78,622.818
Kepler-639 b,Kepler-639,Transit,2016,10.21420496,2.38,6.26,957.0,5896.0,1.29,1.14,850.242
KMT-2016-BLG-0212L b,KMT-2016-BLG-0212L,Microlensing,2018,,12.2,5700.0,,,,0.48,6300.0
KMT-2019-BLG-1552L b,KMT-2019-BLG-1552L,Microlensing,2022,,13.0,1287.20504835,,,,0.79,4600.0
KMT-2024-BLG-0349L b,KMT-2024-BLG-0349L,Microlensing,2026,,12.4,3769.44490702,,,,0.68,5750.0
Kepler-208 d,Kepler-208,Transit,2014,11.131786,1.2,1.87,999.0,6092.0,1.314,1.082,775.328
Kepler-171 b,Kepler-171,Transit,2014,4.166972,2.34,6.08,1053.0,5642.0,0.839,0.978,863.855
Kepler-1525 b,Kepler-1525,Transit,2016,2.416601183,0.91,0.693,1343.0,5748.0,1.04,1.07,382.989
Kepler-1645 b,Kepler-1645,Transit,2016,16.1779561,1.78,3.82,754.0,5812.0,1.02,1.02,1202.47
KMT-2018-BLG-1990L b,KMT-2018-BLG-1990L,Microlensing,2019,,12.9,111.0,,,,0.094,967.0
KMT-2018-BLG-0247L b,KMT-2018-BLG-0247L,Microlensing,2022,,13.4,670.61793877,,,,0.29,6760.0
Kepler-30 d,Kepler-30,Transit,2012,143.34394,8.8,23.1,308.0,5498.0,0.95,0.99,914.221
PSR B1257+12 d,PSR B1257+12,Pulsar Timing,1992,98.2114,1.8,3.9,,,,1.4,600.0
OGLE-2016-BLG-0263L b,OGLE-2016-BLG-0263L,Microlensing,2017,,13.0,1300.0,,,,0.13,6500.0
OGLE-2012-BLG-0026L c,OGLE-2012-BLG-0026L,Microlensing,2012,,13.9,270.0,,,,1.06,4019.0
KMT-2018-BLG-2602L b,KMT-2018-BLG-2602L,Microlensing,2022,,13.7,365.50266805,,,,0.66,4310.0
KMT-2016-BLG-1337L b,KMT-2016-BLG-1337L,Microlensing,2026,,11.4,88.99195396,,,,0.54,6920.0
Kepler-220 d,Kepler-220,Transit,2014,28.122397,0.98,0.904,401.0,4632.0,0.666,0.729,171.109
Kepler-1949 b,Kepler-1949,Transit,2021,2.208280087,2.21964541,5.56,1709.0,6028.0,1.454,1.194,2617.35
Kepler-695 b,Kepler-695,Transit,2016,3.040330424,9.21,62.3,1021.0,5181.0,0.8,0.84,842.947
Kepler-529 d,Kepler-529,Transit,2021,35.86619949,2.79502603,8.22,633.0,6078.0,1.189,1.005,799.008
OGLE-2005-BLG-390L b,OGLE-2005-BLG-390L,Microlensing,2005,3285.0,2.21,5.5,50.0,,,0.22,6600.0
Kepler-220 b,Kepler-220,Transit,2014,4.159807,0.81,0.457,759.0,4632.0,0.666,0.729,171.109
Kepler-1993 b,Kepler-1993,Transit,2023,26.6565737,4.15,16.1,903.0,5159.0,3.062,1.373,1031.91
Kepler-154 e,Kepler-154,Transit,2016,3.93276465,1.5,2.86,1140.0,5769.0,0.98,0.98,915.212
MOA-2009-BLG-387L b,MOA-2009-BLG-387L,Microlensing,2010,1980.0,13.2,830.0,,,,0.19,5690.0
OGLE-2018-BLG-1647L b,OGLE-2018-BLG-1647L,Microlensing,2022,,13.8,308.29355479,,,,0.092,7880.0
Kepler-154 c,Kepler-154,Transit,2014,62.303276,2.95,9.01,454.0,5690.0,1.001,0.933,915.212
Kepler-390 c,Kepler-390,Transit,2014,13.060022,0.79,0.418,630.0,5166.0,0.776,0.787,435.277
Kepler-967 c,Kepler-967,Transit,2016,198.7112502,3.65,12.9,258.0,5178.0,0.8,0.84,568.546
Kepler-248 c,Kepler-248,Transit,2014,16.239494,4.07,15.6,598.0,5190.0,0.831,0.838,738.792
Kepler-648 b,Kepler-648,Transit,2016,17.4211749,3.22,10.5,674.0,5741.0,0.98,1.05,636.03
OGLE-2017-BLG-0406L b,OGLE-2017-BLG-0406L,Microlensing,2020,,14.2,130.0,,,,0.56,5200.0
OGLE-2018-BLG-1367L b,OGLE-2018-BLG-1367L,Microlensing,2022,,13.8,301.93698665,,,,0.28,5370.0
OGLE-2018-BLG-0932L b,OGLE-2018-BLG-0932L,Microlensing,2022,,13.9,282.86728223,,,,0.72,6620.0
OGLE-2017-BLG-0364L b,OGLE-2017-BLG-0364L,Microlensing,2024,,10.3,75.8,,,,0.49,7860.0
Kepler-1814 c,Kepler-1814,Transit,2023,0.626281766,1.76,3.75,1711.0,4922.0,0.823,0.79,726.346
Kepler-1588 b,Kepler-1588,Transit,2016,7.84931739,0.76,0.363,925.0,5817.0,0.99,0.96,924.141
Kepler-436 b,Kepler-436,Transit,2015,64.00205,2.73,7.9,322.0,4651.0,0.697,0.729,588.867
KOI-3503 c,KOI-3503,Transit,2021,31.828,1.21,10.36,686.0,6001.0,1.255,0.858,887.064
Kepler-1491 c,Kepler-1491,Transit,2023,61.569765,2.44,6.53,530.0,5626.0,1.389,0.991,2065.59
Kepler-158 c,Kepler-158,Transit,2014,28.551383,1.9,4.27,418.0,4623.0,0.624,0.655,315.177
MOA-2011-BLG-293L b,MOA-2011-BLG-293L,Microlensing,2012,3000.0,12.9,1500.0,,,,0.86,7720.0
OGLE-2017-BLG-0173L b,OGLE-2017-BLG-0173L,Microlensing,2018,,1.62,3.269,,,,0.396,4705.0
OGLE-2018-BLG-1269L b,OGLE-2018-BLG-1269L,Microlensing,2020,,14.1,210.0,,,,1.11,2510.0
KMT-2021-BLG-0119L b,KMT-2021-BLG-0119L,Microlensing,2022,,12.8,1754.41280664,,,,0.56,3130.0
Kepler-968 c,Kepler-968,Transit,2016,5.709404918,1.69,3.5,644.0,4598.0,0.7,0.76,290.324
Kepler-28 b,Kepler-28,Transit,2011,5.91,1.959,1.63,585.0,4499.3,0.664,0.684,438.359
MOA-2008-BLG-379L b,MOA-2008-BLG-379L,Microlensing,2013,,13.0,1300.0,,,,0.56,3300.0
MOA-2022-BLG-091L b,MOA-2022-BLG-091L,Microlensing,2025,,13.0,1141.00398113,,,,0.75,4250.0
KMT-2023-BLG-2209L b,KMT-2023-BLG-2209L,Microlensing,2025,,13.9,254.2627256,,,,0.73,5570.0
Kepler-1533 b,Kepler-1533,Transit,2016,308.5471,3.46,11.8,330.0,6431.0,1.51,1.31,966.801
Kepler-558 b,Kepler-558,Transit,2016,29.00790538,2.37,6.21,498.0,5242.0,0.81,0.85,661.876
Kepler-177 c,Kepler-177,Transit,2013,49.40926,8.73,14.7,497.0,5732.0,1.324,0.921,1435.44
OGLE-2014-BLG-1722L b,OGLE-2014-BLG-1722L,Microlensing,2018,,8.59,55.3,,,,0.4,6400.0
OGLE-2015-BLG-1609L b,OGLE-2015-BLG-1609L,Microlensing,2025,,10.4,76.27881768,,,,0.17,3300.0
Kepler-690 b,Kepler-690,Transit,2016,7.748094374,5.95,29.6,964.0,5913.0,1.16,1.11,1665.31
KMT-2025-BLG-1160L b,KMT-2025-BLG-1160L,Microlensing,2026,,5.43,25.36,,,,0.58,6580.0
Kepler-46 b,Kepler-46,Transit,2012,33.60134,9.057,1907.0,543.0,5155.0,0.938,0.902,777.06
Kepler-188 c,Kepler-188,Transit,2014,5.996553,3.19,10.3,1025.0,6021.0,1.141,1.021,968.544
Kepler-586 b,Kepler-586,Transit,2016,2.104722184,2.79,8.2,1365.0,5575.0,0.92,0.94,693.766
Kepler-245 d,Kepler-245,Transit,2014,36.277108,3.03,21.6,445.0,5100.0,0.795,0.856,861.527
OGLE-2013-BLG-0341L B b,OGLE-2013-BLG-0341L B,Microlensing,2014,,1.16,1.66,,,,0.1127,911.0
KMT-2018-BLG-1976L b,KMT-2018-BLG-1976L,Microlensing,2021,,13.3,705.57906354,,,,0.65,5840.0
KMT-2017-BLG-0428L b,KMT-2017-BLG-0428L,Microlensing,2023,,2.23,5.59,,,,0.34,5400.0
KMT-2019-BLG-1806L b,KMT-2019-BLG-1806L,Microlensing,2023,,2.0,4.67,,,,0.74,6640.0
OGLE-2014-BLG-0124L b,OGLE-2014-BLG-0124L,Microlensing,2015,,14.1,206.58846455,,,,0.9,3500.0
Kepler-1616 b,Kepler-1616,Transit,2016,6.76284377,1.02,1.04,1337.0,6266.0,1.34,1.21,1137.81
Kepler-362 b,Kepler-362,Transit,2014,10.327186,0.88,0.615,838.0,5788.0,0.722,0.904,1090.51
Kepler-612 b,Kepler-612,Transit,2016,3.722156413,2.84,8.45,1046.0,5693.0,0.96,0.98,1445.53
Kepler-81 c,Kepler-81,Transit,2012,12.04,2.37,4.3,502.0,4385.0,0.59,0.64,348.291
OGLE-2013-BLG-1761L b,OGLE-2013-BLG-1761L,Microlensing,2017,,13.2,860.0,,,,0.33,6900.0
KMT-2016-BLG-1105L b,KMT-2016-BLG-1105L,Microlensing,2023,,1.33,2.32,,,,0.41,5080.0
TOI-5573 b,TOI-5573,Transit,2025,8.79758977,9.75,112.0,528.0,3790.0,0.594,0.619,186.562
Kepler-1144 b,Kepler-1144,Transit,2016,17.14647302,1.99,4.62,811.0,5753.0,0.96,0.98,1140.57
Kepler-172 e,Kepler-172,Transit,2014,35.118736,2.76,8.05,550.0,5526.0,1.085,1.081,828.592
Kepler-694 b,Kepler-694,Transit,2016,6.365841612,2.8,8.25,914.0,5700.0,0.95,0.97,1023.06
K2-108 b,K2-108,Transit,2017,4.733999,5.33,59.4,1360.0,5599.0,1.76,1.17,477.295
TOI-201 d,TOI-201,Transit,2026,5.84889,1.39,5.8,1237.0,6423.0,1.31,1.32,113.825
Kepler-373 b,Kepler-373,Transit,2014,5.535309,1.36,2.42,1054.0,5787.0,0.845,0.981,1090.45
Kepler-377 c,Kepler-377,Transit,2014,27.014976,2.06,4.9,677.0,5949.0,1.224,1.043,823.804
Kepler-444 d,Kepler-444,Transit,2015,6.189392,0.53,0.2,783.0,5046.0,0.752,0.758,36.4396
Kepler-1649 b,Kepler-1649,Transit,2017,8.689099,1.017,1.03,307.0,3240.0,0.2317,0.1977,92.1913
Kepler-179 c,Kepler-179,Transit,2014,6.40013,2.0,4.66,810.0,5302.0,0.759,0.893,605.68
K2-179 b,K2-179,Transit,2018,5.172191,2.51267885,6.86,,5015.0,0.768067,0.824345,190.81
Kepler-219 d,Kepler-219,Transit,2014,47.903645,2.81,19.1,598.0,5786.0,1.491,1.164,787.07
Kepler-50 b,Kepler-50,Transit,2012,7.81254,1.71,8.9,1196.0,6225.0,1.58,1.24,250.11
Kepler-1787 b,Kepler-1787,Transit,2021,39.31370163,2.31898181,5.99,540.0,6060.0,0.925,1.008,778.602
Kepler-1542 b,Kepler-1542,Transit,2016,3.95116882,0.76,0.363,1160.0,5564.0,0.99,0.94,399.114
Kepler-1444 b,Kepler-1444,Transit,2016,33.42035034,2.18,5.39,581.0,5810.0,1.05,1.03,319.675
Kepler-1997 b,Kepler-1997,Transit,2023,26.7575866,2.28,5.82,660.0,6215.0,1.052,1.111,1502.34
Kepler-241 b,Kepler-241,Transit,2014,12.718092,2.33,6.04,562.0,4699.0,0.668,0.671,512.0
Kepler-1624 b,Kepler-1624,Transit,2016,3.290314,6.59,35.3,540.0,3768.0,0.552,0.541,258.979
K2-168 b,K2-168,Transit,2018,15.8523,1.86,4.12,766.35,5502.7,0.83,0.877,243.935
K2-119 b,K2-119,Transit,2017,7.727283,2.53,6.94,666.0,4740.0,0.71,0.76,365.581
Kepler-730 c,Kepler-730,Transit,2018,2.85188338,1.56926,3.09,1607.0,5620.0,1.411,1.047,1935.04
TOI-5319 b,TOI-5319,Transit,2024,4.07853,2.83,8.4,695.0,3580.0,0.485,0.5,61.171
HD 80883 b,HD 80883,Radial Velocity,2022,6383.78352,12.8,1748.0562385,88.66,5177.91,0.814842,0.88,34.6011
Kepler-1585 b,Kepler-1585,Transit,2016,3.5827463,1.79,3.86,1064.0,5538.0,0.91,0.94,944.465
Kepler-1961 b,Kepler-1961,Transit,2021,5.604710102,1.6187808,3.25,866.0,5401.0,0.777,0.871,1042.45
Kepler-1446 b,Kepler-1446,Transit,2016,0.689967832,0.82,0.477,1539.0,4865.0,0.75,0.81,152.075
Kepler-342 c,Kepler-342,Transit,2014,26.234138,1.96,4.5,754.0,6175.0,1.472,1.213,781.611
K2-121 b,K2-121,Transit,2017,5.185738,7.16,51.0,716.0,4526.0,0.675,0.71,169.398
Kepler-279 e,Kepler-279,Transit,2025,98.3531,4.13,56.0,552.0,6689.45,1.43,1.164,1037.4
KOI-3680 b,KOI-3680,Transit,2018,141.241671,11.09691,613.4119,347.0,5830.0,0.96,1.01,921.986
Kepler-1638 b,Kepler-1638,Transit,2016,259.33683,1.87,4.16,304.0,5710.0,0.95,0.97,1525.52
K2-146 b,K2-146,Transit,2018,2.6446,2.05,5.77,534.0,3385.0,0.33,0.331,79.3002
Kepler-677 b,Kepler-677,Transit,2016,6.57531678,5.38,25.0,1015.0,5723.0,0.99,1.0,1954.08
TOI-5344 b,TOI-5344,Transit,2023,3.792622,10.60369574,130.94530368,689.0,3747.0,0.588,0.612,138.367
Kepler-1811 b,Kepler-1811,Transit,2021,76.42230225,3.84829873,14.1,455.0,5561.0,1.19,0.946,1390.56
Kepler-481 b,Kepler-481,Transit,2016,10.06082567,2.5,6.8,899.0,5802.0,1.09,1.01,813.724
Kepler-375 c,Kepler-375,Transit,2014,19.986326,2.65,7.51,720.0,5826.0,0.837,0.891,1238.81
Kepler-113 c,Kepler-113,Transit,2014,8.92507,2.18,8.7,628.0,4725.0,0.69,0.75,262.351
Kepler-9 b,Kepler-9,Transit,2010,19.23891,8.29,43.4,661.0,5774.0,0.958,1.022,628.257
Kepler-1590 b,Kepler-1590,Transit,2016,7.61760804,1.14,1.55,1020.0,6053.0,1.16,1.11,771.152
Kepler-1514 b,Kepler-1514,Transit,2016,217.83184,12.419572,1678.1424,387.9,6145.0,1.289,1.196,397.292
Kepler-175 b,Kepler-175,Transit,2014,11.903515,2.56,7.08,827.0,6064.0,1.01,0.969,1312.34
K2-83 b,K2-83,Transit,2016,2.74697,1.244,2.08,707.17,3910.0,0.424,0.484,125.529
Kepler-231 c,Kepler-231,Transit,2014,19.271566,1.93,24.1,393.0,3767.0,0.49,0.58,316.618
Kepler-1683 b,Kepler-1683,Transit,2020,15.0337,1.87477762,4.17,669.0,5429.0,0.900327,0.95,733.143
Kepler-1653 b,Kepler-1653,Transit,2017,140.2524,2.17,5.35,284.0,4807.0,0.693,0.719,755.0
Kepler-150 c,Kepler-150,Transit,2014,7.381998,3.69,13.2,876.0,5560.0,0.939,0.956,891.092
Kepler-239 b,Kepler-239,Transit,2014,11.763051,2.33,6.04,616.0,4914.0,0.763,0.757,648.109
Kepler-343 c,Kepler-343,Transit,2014,23.22182,2.02,4.74,746.0,5807.0,1.433,1.055,927.193
TOI-5380 b,TOI-5380,Transit,2026,3.77229247873,3.48093238,11.9,1479.0,6400.78,1.5621,1.343,286.781
Kepler-1022 b,Kepler-1022,Transit,2016,10.99469878,2.36,6.17,512.0,4445.0,0.68,0.71,420.042
Kepler-354 b,Kepler-354,Transit,2014,5.47666,1.84,4.04,741.0,4648.0,0.674,0.652,554.064
Kepler-1434 b,Kepler-1434,Transit,2016,8.05333618,1.11,1.41,1320.0,6291.0,2.04,1.47,775.529
Kepler-1593 b,Kepler-1593,Transit,2016,174.509835,3.17,10.2,260.0,4995.0,0.77,0.81,638.249
Kepler-1453 b,Kepler-1453,Transit,2016,47.1611696,2.67,7.61,503.0,5665.0,0.94,0.97,1196.04
Kepler-1989 b,Kepler-1989,Transit,2023,10.161023528,4.62,19.3,904.0,6032.0,1.06,0.999,1252.13
K2-122 b,K2-122,Transit,2017,2.2193023,1.16,1.65,769.0,4009.0,0.59,0.63,72.0444
Kepler-1046 b,Kepler-1046,Transit,2016,14.37508035,1.71,3.57,786.0,5913.0,1.04,1.04,721.534
Kepler-1907 c,Kepler-1907,Transit,2021,14.86390018,1.15547044,1.63,620.0,5159.0,0.8,0.752,292.111
Kepler-1594 b,Kepler-1594,Transit,2016,2.71603809,1.06,1.2,1360.0,5946.0,1.08,1.06,976.868
Kepler-80 b,Kepler-80,Transit,2012,7.05246,2.67,6.93,547.0,4540.0,0.678,0.73,369.451
Kepler-438 b,Kepler-438,Transit,2015,35.23319,1.12,1.46,288.0,3748.0,0.52,0.544,195.94287175
Kepler-1455 b,Kepler-1455,Transit,2016,49.276764,2.16,5.31,298.0,4075.0,0.6,0.62,357.621
Kepler-1490 b,Kepler-1490,Transit,2016,92.4362973,3.04,9.48,348.0,5515.0,0.87,0.9,862.92
Kepler-700 b,Kepler-700,Transit,2016,80.8720639,5.99,30.0,452.0,5692.0,0.96,0.98,1491.76
K2-345 b,K2-345,Transit,2021,10.367437,2.11,5.1,437.0,3779.0,0.52,0.56,162.408
Kepler-1133 b,Kepler-1133,Transit,2016,11.55562343,1.97,4.54,703.0,5569.0,0.9,0.93,753.135
Kepler-1953 b,Kepler-1953,Transit,2021,6.245659828,1.28574667,2.2,731.0,4858.0,0.707,0.786,605.631
Kepler-53 b,Kepler-53,Transit,2012,18.6489525,2.89,111.0,701.0,5858.0,0.89,0.98,1366.07
Kepler-1518 b,Kepler-1518,Transit,2016,5.11177904,3.05,9.53,1351.0,6846.0,1.88,1.54,903.51
Kepler-251 b,Kepler-251,Transit,2014,4.790936,1.33,2.33,990.0,5526.0,0.89,0.891,924.625
Kepler-370 c,Kepler-370,Transit,2014,19.02293,1.91,4.31,647.0,5852.0,0.9,0.982,1167.94
Kepler-1161 b,Kepler-1161,Transit,2016,10.71252541,2.13,5.18,485.0,4253.0,0.57,0.59,547.726
Kepler-1184 b,Kepler-1184,Transit,2016,53.5991044,2.68,7.65,529.0,5983.0,1.07,1.05,1157.84
Kepler-1181 c,Kepler-1181,Transit,2023,8.93484887,1.83,4.01,1124.0,6688.0,1.347,1.336,938.417
Kepler-1599 b,Kepler-1599,Transit,2016,122.363553,1.62,3.26,407.0,5767.0,0.99,0.99,1328.2
Kepler-442 b,Kepler-442,Transit,2015,112.3053,1.34,2.36,241.0,4402.0,0.598,0.609,365.965
Kepler-1185 b,Kepler-1185,Transit,2016,104.3518976,1.33,2.33,355.0,5622.0,0.87,0.96,459.273
K2-181 b,K2-181,Transit,2018,6.8941,2.69,7.7,949.0,5528.0,1.06,0.96,360.911
Kepler-31 d,Kepler-31,Transit,2014,87.6451,3.9,2161.244,484.0,6340.0,1.22,1.21,1664.64
Kepler-1070 b,Kepler-1070,Transit,2016,6.2216147,1.73,3.64,1101.0,6261.0,1.32,1.21,939.001
Kepler-1162 b,Kepler-1162,Transit,2016,32.5637069,2.21,5.52,490.0,5390.0,0.84,0.89,940.211
Kepler-1560 b,Kepler-1560,Transit,2016,3.03195744,0.89,0.64,1269.0,5815.0,1.02,1.02,502.497
Kepler-1702 b,Kepler-1702,Transit,2020,18.5012,1.60190793,3.2,555.0,5093.0,0.725742,0.85,857.14
Kepler-1621 b,Kepler-1621,Transit,2016,92.263714,2.16,5.31,469.0,6158.0,1.24,1.15,1631.66
Kepler-240 c,Kepler-240,Transit,2014,7.953528,2.2,102.3,696.0,4985.0,0.739,0.868,746.927
Kepler-1972 c,Kepler-1972,Transit,2022,11.3295,0.868,2.11,1215.0,5818.0,1.384,1.12,287.339
K2-278 b,K2-278,Transit,2018,3.334966,2.98,9.17,1711.0,6747.0,1.61,1.4,786.439
Kepler-42 d,Kepler-42,Transit,2011,1.865169,0.57,0.357785,450.0,3068.0,0.17,0.13,40.0595
Kepler-1050 b,Kepler-1050,Transit,2016,15.3787546,1.6,3.19,1039.0,6010.0,1.13,1.09,490.488
Kepler-1001 b,Kepler-1001,Transit,2016,14.30511983,3.15,10.1,693.0,5491.0,0.88,0.9,928.978
Kepler-478 b,Kepler-478,Transit,2016,13.2217576,2.71,7.8,640.0,5210.0,0.8,0.85,420.0
Kepler-1164 b,Kepler-1164,Transit,2016,3.97599768,1.12,1.46,936.0,5183.0,0.79,0.85,431.622
Kepler-692 b,Kepler-692,Transit,2016,21.81293494,3.11,9.85,639.0,5440.0,0.86,0.9,991.336
Kepler-1464 c,Kepler-1464,Transit,2016,5.32786292,1.0,0.972,1023.0,5828.0,1.01,1.02,1151.73
K2-268 c,K2-268,Transit,2018,9.327527,2.69,7.7,696.0,5106.0,0.78,0.84,327.783
Kepler-594 b,Kepler-594,Transit,2016,13.64618192,2.18,5.39,678.0,5485.0,0.87,0.91,769.2
Kepler-23 c,Kepler-23,Transit,2011,10.74,3.005,7.81,1008.0,5828.0,1.548,1.078,835.756
Kepler-150 b,Kepler-150,Transit,2014,3.428054,1.25,2.1,1131.0,5560.0,0.939,0.956,891.092
Kepler-199 b,Kepler-199,Transit,2014,23.637604,3.11,9.85,595.0,5644.0,0.967,0.96,521.054
Kepler-1499 b,Kepler-1499,Transit,2016,44.2008,1.19,1.81,409.0,5097.0,0.78,0.82,309.869
Kepler-1498 b,Kepler-1498,Transit,2016,48.051405,1.33,2.33,564.0,5256.0,0.81,0.86,740.0
Kepler-611 b,Kepler-611,Transit,2016,2.437033302,1.65,3.36,1513.0,5761.0,1.01,1.01,1395.56
TOI-5502 b,TOI-5502,Transit,2026,11.62592988285,4.1287378,15.9,870.0,6088.71,1.32375,1.244,248.654
Kepler-1141 b,Kepler-1141,Transit,2016,2.344511944,0.82,0.477,1471.0,5791.0,1.07,1.01,393.642
Kepler-1073 b,Kepler-1073,Transit,2016,8.67888593,2.3,5.9,905.0,5792.0,1.0,1.0,809.897
Kepler-1170 b,Kepler-1170,Transit,2016,9.98969327,2.41,6.39,705.0,5069.0,0.76,0.8,1050.45
Kepler-157 d,Kepler-157,Transit,2016,7.02573474,1.46,2.73,969.0,5866.0,1.03,1.02,773.713
Kepler-549 c,Kepler-549,Transit,2016,117.040498,2.93,8.91,349.0,5360.0,0.84,0.88,635.145
Kepler-688 b,Kepler-688,Transit,2016,3.895936844,9.76,68.7,1005.0,5715.0,0.96,0.98,1357.75
Kepler-632 b,Kepler-632,Transit,2016,30.99660733,2.21,5.52,500.0,5322.0,0.84,0.91,349.0
Kepler-1502 b,Kepler-1502,Transit,2016,41.7083629,3.18,10.2,608.0,6666.0,1.72,1.44,1514.02
Kepler-253 b,Kepler-253,Transit,2014,3.783986,1.63,3.29,949.0,5208.0,0.786,0.86,838.595
Kepler-1119 b,Kepler-1119,Transit,2016,8.3265153,1.92,4.35,938.0,6083.0,1.17,1.11,1757.23
Kepler-543 b,Kepler-543,Transit,2016,13.89961966,2.5,6.8,521.0,4671.0,0.67,0.7,221.802
Kepler-693 b,Kepler-693,Transit,2016,15.37563332,10.18,73.8,600.0,4881.0,0.72,0.76,1151.51
Kepler-1710 b,Kepler-1710,Transit,2021,14.91110039,3.19744103,3.49494179,694.0,5650.0,0.899,0.932,305.193
Kepler-1928 b,Kepler-1928,Transit,2021,19.57783,1.992,4.63,621.0,5720.0,0.92,1.01,326.362
Kepler-1999 b,Kepler-1999,Transit,2023,8.7396758,3.29,10.8,577.0,4406.0,0.628,0.632,701.255
KOI-7368 b,KOI-7368,Transit,2022,6.8430344,2.22,5.56,805.0,5241.0,0.874,0.879,264.995
K2-198 b,K2-198,Transit,2018,17.0428683,4.189,16.3,715.8,5212.9,0.757,0.799,110.567
Kepler-227 c,Kepler-227,Transit,2014,54.418694,3.04,9.48,443.0,5854.0,1.091,0.954,1083.06
Kepler-26 d,Kepler-26,Transit,2014,3.543919,1.07,1.24,652.0,4486.0,0.571,0.593,335.307
KELT-17 b,KELT-17,Transit,2016,3.0801716,17.093725,416.3573,2087.0,7454.0,1.645,1.635,226.5
IC 4651 9122 b,IC 4651 9122,Radial Velocity,2018,734.0,12.7,2002.329,513.04,4740.1,10.267424,2.1,859.324
GJ 229 b,GJ 229,Radial Velocity,2014,579.47495,3.97,14.93793513,111.85,3564.0,0.46,0.509,5.75624
GJ 180 c,GJ 180,Radial Velocity,2014,24.329,2.41,6.4,290.87,3371.0,0.413049,0.43,11.9407
HD 68988 c,HD 68988,Radial Velocity,2021,16000.0,12.2,4776.96095721,87.5,5883.41,1.255733,1.171665,60.8447
KIC 5479689 b,KIC 5479689,Orbital Brightness Modulation,2021,1.701531,14.2,158.9142035,,5459.1,0.894,0.966,454.95
HD 93385 b,HD 93385,Radial Velocity,2021,7.3426,1.88,4.2,1141.0,5977.0,1.18484,1.04,43.3475
Kepler-294 c,Kepler-294,Transit,2014,6.6264,2.71,7.8,895.0,5913.0,0.976,0.947,1357.01
TOI-4311 c,TOI-4311,Transit,2026,15.070425,2.47,13.58,671.0,5063.0,0.8441,0.816,134.988
WASP-118 b,WASP-118,Transit,2016,4.0460435,16.14096,163.36462,1729.0,6410.0,1.696,1.32,376.658
TAP 26 b,TAP 26,Radial Velocity,2017,10.79,13.5,527.5978,774.52,4620.0,1.17,1.04,121.402
HD 92788 c,HD 92788,Radial Velocity,2019,11611.2975,13.0,1166.4361,91.27,5744.0,1.14,1.15,34.6538
GJ 422 b,GJ 422,Radial Velocity,2014,20.129,3.33,11.07,292.68,3323.0,0.370328,0.35,12.6631
GJ 414 A c,GJ 414 A,Radial Velocity,2021,749.83,8.4,53.83,124.7,4120.0,0.68,0.65,11.8893
TOI-3593 b,TOI-3593,Transit,2025,3.8212867,11.02963701,565.73456446,1170.0,5550.0,0.918,1.015,226.63
WASP-195 b,WASP-195,Transit,2025,5.051928,10.31226224,33.05415433,1522.0,6300.0,1.578,1.3,484.852
TOI-4529 b,TOI-4529,Transit,2026,5.879577,1.77,4.9,511.0,3697.0,0.48,0.482,28.384
HD 27631 b,HD 27631,Radial Velocity,2012,2198.14,13.5,495.81231492,147.61,5737.0,0.923,0.944,50.2862
Wolf 503 b,Wolf 503,Transit,2018,6.00127,2.043,6.26,790.0,4716.0,0.689,0.688,44.526
WASP-183 b,WASP-183,Transit,2019,4.1117771,16.47723,159.55066,1111.0,5313.0,0.871,0.784,325.377
Kepler-1747 b,Kepler-1747,Transit,2021,6.230319977,4.26508,16.8,875.0,5477.0,0.865,0.983,1321.38
Kepler-906 b,Kepler-906,Transit,2016,41.6979976,2.11,5.1,537.0,6035.0,1.02,1.06,757.791
TOI-4551 b,TOI-4551,Transit,2023,9.95581,11.85910158,473.56432643,1655.0,4896.0,3.55,1.31,215.986
HD 98649 b,HD 98649,Radial Velocity,2012,5384.0,12.5,3082.9355479,114.22,5759.0,1.01,0.97,42.1727
Kepler-780 b,Kepler-780,Transit,2016,0.677375164,0.89,0.64,2099.0,5769.0,1.02,1.01,557.652
NGTS-16 b,NGTS-16,Transit,2021,4.84532,14.57167491,211.99154747,1177.0,5550.0,1.213,1.002,898.168
TOI-1634 b,TOI-1634,Transit,2021,0.98934551,1.759,4.9,900.0,3550.0,0.45,0.502,35.2736
Kepler-275 b,Kepler-275,Transit,2014,10.300682,2.34,6.08,1015.0,6165.0,1.383,1.189,2034.25
Kepler-121 c,Kepler-121,Transit,2014,41.008011,2.27,5.77,425.0,5311.0,0.701,0.859,510.523
TOI-4342 c,TOI-4342,Transit,2023,10.688662,2.349,4.8,514.0,3866.0,0.598,0.587,61.5204
Kepler-168 b,Kepler-168,Transit,2014,4.425391,1.46,2.73,1240.0,6282.0,1.107,1.113,1343.6
Kepler-471 b,Kepler-471,Transit,2016,5.014234575,14.96,,1308.0,6733.0,1.8,1.49,1249.41
HD 42012 b,HD 42012,Radial Velocity,2017,857.5,13.5,508.528,182.63,5405.0,0.82,0.83,36.7984
Qatar-10 b,Qatar-10,Transit,2019,1.645321,17.295487,233.92288,1955.0,6124.0,1.254,1.156,559.068
GJ 720 A b,GJ 720 A,Radial Velocity,2021,19.466,3.77,13.64,401.0,3837.0,0.56,0.57,15.5575
HD 137496 b,HD 137496,Transit,2021,1.62116,1.31,4.04,2130.0,5799.0,1.59,1.04,155.317
K2-389 b,K2-389,Transit,2022,8.58289,2.33,6.04,932.0,5773.0,1.094,0.99,259.208
Kepler-17 b,Kepler-17,Transit,2011,1.4857108,14.68,778.65,1570.0,5781.0,1.01034,1.04,720.753
Kepler-176 b,Kepler-176,Transit,2014,5.433074,1.43,290.537,841.0,5232.0,0.891,0.86,527.321
NN Ser d,NN Ser,Eclipse Timing Variations,2010,2880.0,13.3,724.622,,57000.0,,0.535,515.818
HD 214823 b,HD 214823,Radial Velocity,2016,1854.84424,12.1,5914.78665427,243.9,6215.0,2.04,1.115,101.368
Kepler-761 b,Kepler-761,Transit,2016,10.12804789,2.03,4.78,767.0,5706.0,0.93,0.95,830.707
TOI-216.01,TOI-216,Transit,2019,34.525528,10.1,177.98390792,497.0,5026.0,0.748,0.77,177.945
TOI-1259 A b,TOI-1259 A,Transit,2021,3.4779792,11.6,141.0,963.0,4775.0,0.715,0.746,118.106
Kepler-107 e,Kepler-107,Transit,2014,14.749143,2.903,14.1,955.0,5854.0,1.447,1.238,525.997
Kepler-450 c,Kepler-450,Transit,2015,15.413135,2.62,12.5,944.0,6197.21,1.64162,1.19,455.982
TOI-4578 b,TOI-4578,Transit,2026,8.62392630369,2.26974262,5.77,842.42,5951.32,0.878735,1.077,182.249
HD 1605 b,HD 1605,Radial Velocity,2015,577.2,13.8,296.85322,362.48,4915.0,3.49,1.33,88.8047
HD 210193 b,HD 210193,Radial Velocity,2019,649.918,14.3,153.1,235.69,5790.0,1.05971,1.04,42.2029
HD 108236 c,HD 108236,Transit,2020,6.203449,2.071,4.94,932.0,5660.0,0.877,0.869,64.5978
K2-392 b,K2-392,Transit,2022,15.398723,1.85,4.08,,5726.0,1.058,0.841,406.985
TOI-4145 A b,TOI-4145 A,Transit,2023,4.0664428,13.30506009,136.66621501,1074.0,5281.0,0.859,0.905,205.387
TOI-4379 b,TOI-4379,Transit,2024,3.25352,16.69017226,353.74301699,1869.38,6020.0,1.976,1.372,645.158
Kepler-1663 b,Kepler-1663,Transit,2020,17.6046,3.30395896,10.9,362.0,3844.0,0.62859,0.610816,337.926
Kepler-273 c,Kepler-273,Transit,2014,8.014927,1.98,4.58,865.0,5626.0,0.815,0.756,713.964
GJ 3138 c,GJ 3138,Radial Velocity,2017,5.974,1.88,4.18,530.85,3717.0,0.5,0.681,28.4712
K2-291 b,K2-291,Transit,2019,2.225177,1.589,6.49,1278.0,5520.0,0.899,0.934,90.0562
HD 39855 b,HD 39855,Radial Velocity,2019,3.2498,2.85,8.5,1145.89,5576.0,0.744665,0.87,23.2599
HIP 90988 b,HIP 90988,Radial Velocity,2021,455.73816,13.4,668.07531151,400.77,4883.0,3.94,1.613,94.0349
TOI-558 b,TOI-558,Transit,2021,14.574071,12.17295304,1147.36054927,1061.0,6466.0,1.496,1.349,402.63
GPX-1 b,GPX-1,Transit,2021,1.744579,16.47720163,6261.2196179,2300.0,7000.0,1.56,1.68,655.013
TOI-3819 b,TOI-3819,Transit,2023,3.2443141,13.13692538,352.78953177,1633.0,5859.0,1.538,1.242,558.141
Kepler-181 b,Kepler-181,Transit,2014,3.137873,1.27,2.15,1041.0,5333.0,0.749,0.81,609.283
K2-38 c,K2-38,Transit,2016,10.56103,2.29,8.3,916.0,5731.0,1.06,1.03,192.69
HD 224538 b,HD 224538,Radial Velocity,2016,1202.05199,12.7,2075.73732612,236.74,6097.0,1.54,1.23,79.0608
GJ 273 b,GJ 273,Radial Velocity,2017,18.6498,1.51,2.89,292.47,3382.0,0.293,0.29,5.921535
K2-292 b,K2-292,Transit,2019,16.9841,2.63,24.5,795.0,5725.0,1.09,1.0,114.293
GJ 4276 b,GJ 4276,Radial Velocity,2019,13.352,4.22,16.57,363.86,3387.0,0.407,0.406,21.3362
HD 102843 b,HD 102843,Radial Velocity,2019,3090.942,13.1,113.9,127.34,5436.0,0.961488,0.95,62.758
Kepler-271 b,Kepler-271,Transit,2014,10.43547805,1.23,2.04,759.0,5555.0,0.87,0.9,404.542
CFHTWIR-Oph 98 b,CFHTWIR-Oph 98 A,Imaging,2020,8040000.0,20.8487041,2479.0615746,1800.0,2320.0,0.245,0.0147,
TOI-1431 b,TOI-1431,Transit,2021,2.650237,16.70138124,991.62462984,2370.0,7690.0,1.92,1.9,148.925
K2-395 c,K2-395,Transit,2022,8.491282,3.395,11.4,,5007.0,0.783,0.952,286.727
TOI-4406 b,TOI-4406,Transit,2023,30.08364,11.2089807,95.3485221,904.0,6219.0,1.29,1.19,261.834
Kepler-149 d,Kepler-149,Transit,2014,160.018032,3.96,14.9,306.0,5381.0,0.953,1.013,571.034
TOI-4405 b,TOI-4405,Transit,2026,5.92143995316,2.55505441,7.06,671.87,4467.38,0.687025,0.68,155.501
TOI-5027 b,TOI-5027,Transit,2025,10.24368,10.76062147,642.01338214,1056.0,5909.0,0.92,1.02,204.429
GJ 273 c,GJ 273,Radial Velocity,2017,4.7234,1.06,1.18,462.26,3382.0,0.293,0.29,5.921535
HD 20781 d,HD 20781,Radial Velocity,2019,29.158,3.25,10.61,570.19,5256.0,0.833609,0.7,35.9715
HD 110113 b,HD 110113,Transit,2021,2.541,2.05,4.55,1371.0,5732.0,0.968,0.997,106.307
HAT-P-63 b,HAT-P-63,Transit,2021,3.377728,12.5428494,195.1466419,1237.0,5400.0,0.9661,0.925,403.458
K2-398 b,K2-398,Transit,2022,6.393025,2.274,5.79,,5946.0,1.239,0.945,606.992
TOI-3862 b,TOI-3862,Transit,2026,1.55745774,5.53,53.7,1539.0,5300.0,0.92,0.9,249.02
Kepler-284 c,Kepler-284,Transit,2014,37.514456,2.61,7.32,478.0,5615.0,0.814,0.766,1031.95
TOI-4662 b,TOI-4662,Transit,2026,4.70343764575,2.87998299,8.65,741.0,4520.41,0.69375,0.703,111.047
HD 7924 c,HD 7924,Radial Velocity,2015,15.299,,1762.67634522,583.6,5075.0,0.7821,0.832,16.9922
NGC 2682 YBP 401 b,NGC 2682 YBP 401,Radial Velocity,2016,4.087,14.3,146.2018,,6165.0,1.215821,1.14,830.822
WASP-142 b,WASP-142,Transit,2016,2.052868,17.14977,266.9772,2000.0,6010.0,1.64,1.33,730.933
WASP-171 b,WASP-171,Transit,2019,3.8186244,10.98482,344.52772,1642.0,5965.0,1.637,1.171,757.84
TOI-1789 b,TOI-1789,Transit,2021,3.208664,16.14093221,222.4798849,1927.0,5991.0,2.168,1.507,229.067
HD 35843 c,HD 35843,Transit,2025,46.9622,2.54,11.32,479.0,5666.0,0.897,0.94,69.6026
TOI-4666 b,TOI-4666,Transit,2025,2.9089165,12.53164042,155.41809102,695.0,3793.0,0.585,0.576,154.749
BD+20 594 b,BD+20 594,Transit,2016,41.6855,2.57807,22.2481,546.0,5766.0,1.08,1.67,179.461
Kepler-19 d,Kepler-19,Radial Velocity,2017,62.95,5.06,22.5,,5544.0,0.859,0.936,218.562
GJ 143 b,GJ 143,Transit,2019,35.61253,2.61,22.7,422.0,4640.0,0.695,0.73,16.32
WASP-182 b,WASP-182,Transit,2019,3.3769848,9.52765,47.03884,1479.0,5638.0,1.34,1.076,327.602
HD 107148 c,HD 107148,Radial Velocity,2021,18.3267,4.7,19.89605828,799.68,5752.92,1.169193,1.105215,49.4156
Kepler-833 b,Kepler-833,Transit,2016,18.7546998,2.02,4.74,382.0,4339.0,0.62,0.64,467.37
Kepler-94 b,Kepler-94,Transit,2014,2.50806,3.51,10.84,997.0,4781.0,0.76,0.81,191.904
TOI-4463 A b,TOI-4463 A,Transit,2023,2.8807198,13.26022417,252.35575516,1395.0,5640.0,1.062,1.056,173.117
HATS-9 b,HATS-9,Transit,2015,1.915291,13.85,266.02371,1746.0,5599.0,1.56,1.1,638.7
TYC 0434-04538-1 b,TYC 0434-04538-1,Radial Velocity,2021,193.2,12.7,1938.763,877.8,4679.0,9.99,1.04,613.422
Kepler-839 b,Kepler-839,Transit,2016,37.8144514,2.57,7.13,626.0,6058.0,1.31,1.22,944.561
HD 27969 b,HD 27969,Radial Velocity,2021,654.5,12.9,1525.5763536,261.0,5966.0,1.27,1.16,67.9328
TOI-3912 b,TOI-3912,Transit,2023,3.4936264,14.28024141,129.03833324,1512.0,5725.0,1.392,1.088,465.992
Kepler-294 b,Kepler-294,Transit,2014,3.701212,1.77,3.78,1087.0,5913.0,0.976,0.947,1357.01
TOI-4487 A b,TOI-4487 A,Transit,2025,3.9540709,14.60530185,397.28550875,1639.0,6206.0,1.634,1.378,479.145
K2-251 b,K2-251,Transit,2018,9.30075,2.35,6.12,437.0,3717.0,0.49,0.52,147.03
GJ 3512 b,GJ 3512,Radial Velocity,2019,203.109,14.3,146.51889563,97.19,3141.0,0.139,0.123,9.48637
HD 145675 c,14 Her,Radial Velocity,2021,15732.45889,12.6,2510.8444153,55.51,5338.0,0.93,0.97,17.9323
HD 95544 b,HD 95544,Radial Velocity,2021,2041.54152,12.8,1913.64483855,156.5,5722.0,1.088,1.01,87.8049
Kepler-309 b,Kepler-309,Transit,2014,5.923653,1.56,3.05,531.0,4713.0,0.721,0.816,544.568
WASP-74 b,WASP-74,Transit,2015,2.13775,15.24424,228.8376,1865.0,5990.0,1.42,0.98,149.216
Qatar-7 b,Qatar-7,Transit,2019,2.032046,19.0553,597.5204,2053.0,6387.0,1.564,1.409,705.981
Kepler-270 b,Kepler-270,Transit,2014,11.476094,2.01,4.7,984.0,6067.0,1.461,1.17,948.781
TOI-628 b,TOI-628,Transit,2021,3.4095675,11.88154,2011.8639,1586.0,6250.0,1.345,1.311,178.68
HD 168009 b,HD 168009,Radial Velocity,2021,15.1479,3.05,9.53485221,887.57,5778.33,1.209505,0.986073,23.3032
HD 164922 e,HD 164922,Radial Velocity,2021,41.763,3.23,10.52012027,543.73,5393.43,1.001813,0.921146,22.0016
HD 115954 b,HD 115954,Radial Velocity,2021,3700.0,12.6,2685.65003915,144.9,5957.0,1.213,1.18,87.6437
TOI-1278 b,TOI-1278,Transit,2021,14.47567,12.21778896,5879.8255295,407.87,3799.0,0.573,0.54,75.5759
LHS 1678 b,LHS 1678,Transit,2021,0.8602325,0.685,0.35,830.44,3490.0,0.329,0.345,19.8782
TOI-3980 b,TOI-3980,Transit,2025,3.6089254,14.4595851,187.51876013,1621.0,5840.0,1.626,1.24,486.721
Kepler-903 b,Kepler-903,Transit,2016,10.3507721,2.01,4.7,842.0,5682.0,0.97,0.98,1369.24
Kepler-84 c,Kepler-84,Transit,2012,12.883,2.36,20.2,865.0,6039.0,1.43,1.0,1023.9
TOI-4507 b,TOI-4507,Transit,2025,104.61611,8.2,20.0,464.8,6260.0,1.04,1.11,178.26
TOI-5160 b,TOI-5160,Transit,2026,4.280773256,2.39729851,6.33,1016.0,5622.14,1.03315,1.003,151.465
EPIC 211822797 b,EPIC 211822797,Transit,2016,21.1701963,1.92,4.35,431.0,4057.0,0.58,0.62,186.197
K2-254 c,K2-254,Transit,2018,12.11839,2.19,5.43,551.0,4629.0,0.67,0.71,227.775
GJ 160.2 b,GJ 160.2,Radial Velocity,2014,5.2354,3.17,10.2,736.99,4347.0,0.655173,0.69,25.8557
HD 39194 d,HD 39194,Radial Velocity,2021,33.874,2.12,5.16,503.31,5205.0,0.783742,0.86,26.4131
Kepler-304 b,Kepler-304,Transit,2014,3.295709,2.86,8.55,875.0,4731.0,0.687,0.737,434.684
Kepler-1756 b,Kepler-1756,Transit,2021,2.355750084,1.47199944,2.77,1093.0,4915.0,0.812,0.781,
EPIC 206317286 c,EPIC 206317286,Transit,2022,17.515472,2.094,5.03,,4752.0,0.758,0.832,314.35
Kepler-195 b,Kepler-195,Transit,2014,8.307872,2.03,4.78,751.0,5329.0,0.775,0.867,652.051
K2-28 b,K2-28,Transit,2016,2.260455,2.32,5.99,568.0,3214.0,0.288,0.257,62.9969
Kepler-1724 b,Kepler-1724,Transit,2021,6.45442009,2.83677238,8.43,999.0,6092.0,0.943,1.016,1060.77
HAT-P-7 b,HAT-P-7,Transit,2008,2.20474,16.92559,584.8072,2733.0,6389.0,2.0,1.56,341.079
Kepler-551 b,Kepler-551,Transit,2016,12.3764661,2.73,7.9,483.0,4286.0,0.63,0.65,311.175
K2-44 b,K2-44,Transit,2016,5.657,2.433,6.5,1211.0,5912.0,1.58,1.15,476.703
K2-27 b,K2-27,Transit,2016,6.771347,4.74,30.2,836.0,5246.0,0.876,0.88,249.645
K2-378 b,K2-378,Transit,2022,2.060438,2.88,8.65,,4823.0,0.732,0.923,687.973
K2-42 b,K2-42,Transit,2016,6.68796,2.15,5.27,718.09,4613.0,0.643,0.702,396.913
K2-193 b,K2-193,Transit,2018,14.786889,3.95,14.8,739.0,5817.0,0.98,1.01,411.923
Kepler-452 b,Kepler-452,Transit,2015,384.843,1.63,3.29,265.0,5757.0,1.11,1.037,551.727
Kepler-220 c,Kepler-220,Transit,2014,9.034199,1.57,3.09,586.0,4632.0,0.666,0.729,171.109
Kepler-228 d,Kepler-228,Transit,2014,11.094286,4.04,15.4,835.0,6043.0,1.014,1.006,1644.61
Kepler-565 b,Kepler-565,Transit,2016,4.243747226,3.64,12.9,1063.0,5735.0,0.95,0.98,1041.0
K2-35 b,K2-35,Transit,2016,2.399964,1.32,2.3,979.0,4402.71,0.619575,0.701968,252.596
Kepler-1720 b,Kepler-1720,Transit,2021,12.70639992,3.21585295,10.4,697.0,5573.0,0.839,0.939,629.445
K2-368 b,K2-368,Transit,2022,5.025598,1.332,2.34,,4663.0,0.663,0.746,206.608
OGLE-2016-BLG-0261L b,OGLE-2016-BLG-0261L,Microlensing,2026,,9.6,66.74396547,,,,0.072,7850.0
KMT-2025-BLG-0026L b,KMT-2025-BLG-0026L,Microlensing,2026,,13.3,676.97450691,,,,0.44,7280.0
KMT-2025-BLG-0030L b,KMT-2025-BLG-0030L,Microlensing,2026,,13.7,365.50266805,,,,0.6,6720.0
KMT-2025-BLG-2272L b,KMT-2025-BLG-2272L,Microlensing,2026,,13.3,785.03616529,,,,0.63,6620.0
